도서명,저자,출판사,장르(KDC),1순위_장르보정점수,2순위_지역특화점수,3순위_AI체급점수,🔥최종종합점수,AI분석소평
"물고기는 존재하지 않는다 :상실, 사랑 그리고 숨어 있는 삶의 질서에 관한 이야기 ",룰루 밀러 지음 ;정지인 옮김,곰출판,400번대,100.0,100.0,97.2,98.9,전국구 베스트셀러 작가(룰루 밀러 지음)의 신작입니다. 대표 출판사(곰출판)의 수매 신뢰도가 높습니다.
흔한남매의 흔한 호기심 :일상에서 만나는 과학 상식,원작: 흔한남매 ;그림: 유난희,미래엔,400번대,100.0,100.0,93.7,97.5,전국구 베스트셀러 작가(흔한남매)의 신작입니다. 대표 출판사(미래엔)의 수매 신뢰도가 높습니다.
흔한남매의 흔한 호기심 :일상에서 만나는 과학 상식,원작: 흔한남매 ;그림: 유난희,미래엔,400번대,100.0,100.0,93.7,97.5,전국구 베스트셀러 작가(흔한남매)의 신작입니다. 대표 출판사(미래엔)의 수매 신뢰도가 높습니다.
흔한남매의 흔한 호기심 :일상에서 만나는 과학 상식,원작: 흔한남매 ;그림: 유난희,미래엔,400번대,100.0,100.0,93.7,97.5,전국구 베스트셀러 작가(흔한남매)의 신작입니다. 대표 출판사(미래엔)의 수매 신뢰도가 높습니다.
흔한남매의 흔한 호기심 :일상에서 만나는 과학 상식,원작: 흔한남매 ;그림: 유난희,미래엔,400번대,100.0,100.0,93.7,97.5,전국구 베스트셀러 작가(흔한남매)의 신작입니다. 대표 출판사(미래엔)의 수매 신뢰도가 높습니다.
흔한남매의 흔한 호기심 :일상에서 만나는 과학 상식,원작: 흔한남매 ;그림: 유난희,미래엔,400번대,100.0,100.0,93.7,97.5,전국구 베스트셀러 작가(흔한남매)의 신작입니다. 대표 출판사(미래엔)의 수매 신뢰도가 높습니다.
흔한남매의 흔한 호기심 :일상에서 만나는 과학 상식,원작: 흔한남매 ;그림: 유난희,미래엔,400번대,100.0,100.0,93.7,97.5,전국구 베스트셀러 작가(흔한남매)의 신작입니다. 대표 출판사(미래엔)의 수매 신뢰도가 높습니다.
흔한남매의 흔한 호기심 :일상에서 만나는 과학 상식,원작: 흔한남매 ;그림: 유난희,미래엔,400번대,100.0,100.0,93.7,97.5,전국구 베스트셀러 작가(흔한남매)의 신작입니다. 대표 출판사(미래엔)의 수매 신뢰도가 높습니다.
흔한남매의 흔한 호기심 :일상에서 만나는 과학 상식,원작: 흔한남매 ;그림: 유난희,미래엔,400번대,100.0,100.0,93.7,97.5,전국구 베스트셀러 작가(흔한남매)의 신작입니다. 대표 출판사(미래엔)의 수매 신뢰도가 높습니다.
흔한남매의 흔한 호기심 :일상에서 만나는 과학 상식,원작: 흔한남매 ;그림: 유난희,미래엔,400번대,100.0,100.0,93.7,97.5,전국구 베스트셀러 작가(흔한남매)의 신작입니다. 대표 출판사(미래엔)의 수매 신뢰도가 높습니다.
흔한남매의 흔한 호기심 :일상에서 만나는 과학 상식,원작: 흔한남매 ;그림: 유난희,미래엔,400번대,100.0,100.0,93.7,97.5,전국구 베스트셀러 작가(흔한남매)의 신작입니다. 대표 출판사(미래엔)의 수매 신뢰도가 높습니다.
흔한남매의 흔한 호기심 :일상에서 만나는 과학 상식,원작: 흔한남매 ;그림: 유난희,미래엔,400번대,100.0,100.0,93.7,97.5,전국구 베스트셀러 작가(흔한남매)의 신작입니다. 대표 출판사(미래엔)의 수매 신뢰도가 높습니다.
흔한남매의 흔한 호기심 :일상에서 만나는 과학 상식,원작: 흔한남매 ;그림: 유난희,미래엔,400번대,100.0,100.0,93.7,97.5,전국구 베스트셀러 작가(흔한남매)의 신작입니다. 대표 출판사(미래엔)의 수매 신뢰도가 높습니다.
흔한남매의 흔한 호기심 :일상에서 만나는 과학 상식,원작: 흔한남매 ;그림: 유난희,미래엔,400번대,100.0,100.0,93.7,97.5,전국구 베스트셀러 작가(흔한남매)의 신작입니다. 대표 출판사(미래엔)의 수매 신뢰도가 높습니다.
흔한남매의 흔한 호기심 :일상에서 만나는 과학 상식,원작: 흔한남매 ;그림: 유난희,미래엔,400번대,100.0,100.0,93.7,97.5,전국구 베스트셀러 작가(흔한남매)의 신작입니다. 대표 출판사(미래엔)의 수매 신뢰도가 높습니다.
놓지 마 과학!,"글·그림: 신태훈,나승훈",위즈덤하우스,400번대,100.0,100.0,92.9,97.2,전국구 베스트셀러 작가(글·신태훈)의 신작입니다. 대표 출판사(위즈덤하우스)의 수매 신뢰도가 높습니다.
놓지 마 과학!,"글·그림: 신태훈,나승훈",위즈덤하우스,400번대,100.0,100.0,92.9,97.2,전국구 베스트셀러 작가(글·신태훈)의 신작입니다. 대표 출판사(위즈덤하우스)의 수매 신뢰도가 높습니다.
놓지 마 과학!,"글·그림: 신태훈,나승훈",위즈덤하우스,400번대,100.0,100.0,92.9,97.2,전국구 베스트셀러 작가(글·신태훈)의 신작입니다. 대표 출판사(위즈덤하우스)의 수매 신뢰도가 높습니다.
놓지 마 과학!,"글·그림: 신태훈,나승훈",위즈덤하우스,400번대,100.0,100.0,92.9,97.2,전국구 베스트셀러 작가(글·신태훈)의 신작입니다. 대표 출판사(위즈덤하우스)의 수매 신뢰도가 높습니다.
놓지 마 과학!,"글·그림: 신태훈,나승훈",위즈덤하우스,400번대,100.0,100.0,92.9,97.2,전국구 베스트셀러 작가(글·신태훈)의 신작입니다. 대표 출판사(위즈덤하우스)의 수매 신뢰도가 높습니다.
놓지 마 과학!,"글·그림: 신태훈,나승훈",위즈덤하우스,400번대,100.0,100.0,92.9,97.2,전국구 베스트셀러 작가(글·신태훈)의 신작입니다. 대표 출판사(위즈덤하우스)의 수매 신뢰도가 높습니다.
놓지 마 과학!,"글·그림: 신태훈,나승훈",위즈덤하우스,400번대,100.0,100.0,92.9,97.2,전국구 베스트셀러 작가(글·신태훈)의 신작입니다. 대표 출판사(위즈덤하우스)의 수매 신뢰도가 높습니다.
놓지 마 과학!,"글·그림: 신태훈,나승훈",위즈덤하우스,400번대,100.0,100.0,92.9,97.2,전국구 베스트셀러 작가(글·신태훈)의 신작입니다. 대표 출판사(위즈덤하우스)의 수매 신뢰도가 높습니다.
놓지 마 과학!,"글·그림: 신태훈,나승훈",위즈덤하우스,400번대,100.0,100.0,92.9,97.2,전국구 베스트셀러 작가(글·신태훈)의 신작입니다. 대표 출판사(위즈덤하우스)의 수매 신뢰도가 높습니다.
놓지 마 과학!,"글·그림: 신태훈,나승훈",위즈덤하우스,400번대,100.0,100.0,92.9,97.2,전국구 베스트셀러 작가(글·신태훈)의 신작입니다. 대표 출판사(위즈덤하우스)의 수매 신뢰도가 높습니다.
놓지 마 과학!,"글·그림: 신태훈,나승훈",위즈덤하우스,400번대,100.0,100.0,92.9,97.2,전국구 베스트셀러 작가(글·신태훈)의 신작입니다. 대표 출판사(위즈덤하우스)의 수매 신뢰도가 높습니다.
놓지 마 과학!,"글·그림: 신태훈,나승훈",위즈덤하우스,400번대,100.0,100.0,92.9,97.2,전국구 베스트셀러 작가(글·신태훈)의 신작입니다. 대표 출판사(위즈덤하우스)의 수매 신뢰도가 높습니다.
놓지 마 과학!,"글·그림: 신태훈,나승훈",위즈덤하우스,400번대,100.0,100.0,92.9,97.2,전국구 베스트셀러 작가(글·신태훈)의 신작입니다. 대표 출판사(위즈덤하우스)의 수매 신뢰도가 높습니다.
놓지 마 과학!,"글·그림: 신태훈,나승훈",위즈덤하우스,400번대,100.0,100.0,92.9,97.2,전국구 베스트셀러 작가(글·신태훈)의 신작입니다. 대표 출판사(위즈덤하우스)의 수매 신뢰도가 높습니다.
놓지 마 과학!,"글·그림: 신태훈,나승훈",위즈덤하우스,400번대,100.0,100.0,92.9,97.2,전국구 베스트셀러 작가(글·신태훈)의 신작입니다. 대표 출판사(위즈덤하우스)의 수매 신뢰도가 높습니다.
놓지 마 과학!,"글·그림: 신태훈,나승훈",위즈덤하우스,400번대,100.0,100.0,92.9,97.2,전국구 베스트셀러 작가(글·신태훈)의 신작입니다. 대표 출판사(위즈덤하우스)의 수매 신뢰도가 높습니다.
놓지 마 과학!,"글·그림: 신태훈,나승훈",위즈덤하우스,400번대,100.0,100.0,92.9,97.2,전국구 베스트셀러 작가(글·신태훈)의 신작입니다. 대표 출판사(위즈덤하우스)의 수매 신뢰도가 높습니다.
놓지 마 과학!,"글·그림: 신태훈,나승훈",위즈덤하우스,400번대,100.0,100.0,92.9,97.2,전국구 베스트셀러 작가(글·신태훈)의 신작입니다. 대표 출판사(위즈덤하우스)의 수매 신뢰도가 높습니다.
흔한남매 과학 탐험대,원작: 흔한남매 ;임혜영,김영사,400번대,100.0,100.0,92.1,96.8,전국구 베스트셀러 작가(흔한남매)의 신작입니다. 대표 출판사(김영사)의 수매 신뢰도가 높습니다.
흔한남매 과학 탐험대,원작: 흔한남매 ;임혜영,김영사,400번대,100.0,100.0,92.1,96.8,전국구 베스트셀러 작가(흔한남매)의 신작입니다. 대표 출판사(김영사)의 수매 신뢰도가 높습니다.
흔한남매 과학 탐험대,원작: 흔한남매 ;임혜영,김영사,400번대,100.0,100.0,92.1,96.8,전국구 베스트셀러 작가(흔한남매)의 신작입니다. 대표 출판사(김영사)의 수매 신뢰도가 높습니다.
흔한남매 과학 탐험대,원작: 흔한남매 ;임혜영,김영사,400번대,100.0,100.0,92.1,96.8,전국구 베스트셀러 작가(흔한남매)의 신작입니다. 대표 출판사(김영사)의 수매 신뢰도가 높습니다.
흔한남매 과학 탐험대,원작: 흔한남매 ;임혜영,김영사,400번대,100.0,100.0,92.1,96.8,전국구 베스트셀러 작가(흔한남매)의 신작입니다. 대표 출판사(김영사)의 수매 신뢰도가 높습니다.
흔한남매 과학 탐험대,원작: 흔한남매 ;임혜영,김영사,400번대,100.0,100.0,92.1,96.8,전국구 베스트셀러 작가(흔한남매)의 신작입니다. 대표 출판사(김영사)의 수매 신뢰도가 높습니다.
흔한남매 과학 탐험대,원작: 흔한남매 ;임혜영,김영사,400번대,100.0,100.0,92.1,96.8,전국구 베스트셀러 작가(흔한남매)의 신작입니다. 대표 출판사(김영사)의 수매 신뢰도가 높습니다.
흔한남매 과학 탐험대,원작: 흔한남매 ;임혜영,김영사,400번대,100.0,100.0,92.1,96.8,전국구 베스트셀러 작가(흔한남매)의 신작입니다. 대표 출판사(김영사)의 수매 신뢰도가 높습니다.
흔한남매 과학 탐험대,원작: 흔한남매 ;임혜영,김영사,400번대,100.0,100.0,92.1,96.8,전국구 베스트셀러 작가(흔한남매)의 신작입니다. 대표 출판사(김영사)의 수매 신뢰도가 높습니다.
흔한남매 과학 탐험대,원작: 흔한남매 ;임혜영,김영사,400번대,100.0,100.0,92.1,96.8,전국구 베스트셀러 작가(흔한남매)의 신작입니다. 대표 출판사(김영사)의 수매 신뢰도가 높습니다.
흔한남매 과학 탐험대,원작: 흔한남매 ;임혜영,김영사,400번대,100.0,100.0,92.1,96.8,전국구 베스트셀러 작가(흔한남매)의 신작입니다. 대표 출판사(김영사)의 수매 신뢰도가 높습니다.
흔한남매 과학 탐험대,원작: 흔한남매 ;임혜영,김영사,400번대,100.0,100.0,92.1,96.8,전국구 베스트셀러 작가(흔한남매)의 신작입니다. 대표 출판사(김영사)의 수매 신뢰도가 높습니다.
흔한남매 과학 탐험대,원작: 흔한남매 ;임혜영,김영사,400번대,100.0,100.0,92.1,96.8,전국구 베스트셀러 작가(흔한남매)의 신작입니다. 대표 출판사(김영사)의 수매 신뢰도가 높습니다.
에그박사의 닮은꼴 사파리 :전격비교관찰 생물도감 ,에그박사 지음 ;유남영 그림,다락원,400번대,100.0,100.0,90.9,96.4,전국구 베스트셀러 작가(에그박사 지음)의 신작입니다. 출판 이력이 있는 출판사(다락원)입니다.
놓지 마 과학! 7 - 정신이 모험에 정신 놓다,신태훈|나승훈,위즈덤하우스,400번대,100.0,100.0,90.4,96.2,전국구 베스트셀러 작가(신태훈|나승훈)의 신작입니다. 대표 출판사(위즈덤하우스)의 수매 신뢰도가 높습니다.
에그박사 :Egg&bugs,원작: 에그박사 ;그림: 홍종현,미래엔,400번대,100.0,100.0,89.0,95.6,전국구 베스트셀러 작가(에그박사)의 신작입니다. 대표 출판사(미래엔)의 수매 신뢰도가 높습니다.
에그박사 :Egg&bugs,원작: 에그박사 ;그림: 홍종현,미래엔,400번대,100.0,100.0,89.0,95.6,전국구 베스트셀러 작가(에그박사)의 신작입니다. 대표 출판사(미래엔)의 수매 신뢰도가 높습니다.
에그박사 :Egg&bugs,원작: 에그박사 ;그림: 홍종현,미래엔,400번대,100.0,100.0,89.0,95.6,전국구 베스트셀러 작가(에그박사)의 신작입니다. 대표 출판사(미래엔)의 수매 신뢰도가 높습니다.
에그박사 :Egg&bugs,원작: 에그박사 ;그림: 홍종현,미래엔,400번대,100.0,100.0,89.0,95.6,전국구 베스트셀러 작가(에그박사)의 신작입니다. 대표 출판사(미래엔)의 수매 신뢰도가 높습니다.
에그박사 :Egg&bugs,원작: 에그박사 ;그림: 홍종현,미래엔,400번대,100.0,100.0,89.0,95.6,전국구 베스트셀러 작가(에그박사)의 신작입니다. 대표 출판사(미래엔)의 수매 신뢰도가 높습니다.
에그박사 :Egg&bugs,원작: 에그박사 ;그림: 홍종현,미래엔,400번대,100.0,100.0,89.0,95.6,전국구 베스트셀러 작가(에그박사)의 신작입니다. 대표 출판사(미래엔)의 수매 신뢰도가 높습니다.
에그박사 :Egg&bugs,원작: 에그박사 ;그림: 홍종현,미래엔,400번대,100.0,100.0,89.0,95.6,전국구 베스트셀러 작가(에그박사)의 신작입니다. 대표 출판사(미래엔)의 수매 신뢰도가 높습니다.
에그박사 :Egg&bugs,원작: 에그박사 ;그림: 홍종현,미래엔,400번대,100.0,100.0,89.0,95.6,전국구 베스트셀러 작가(에그박사)의 신작입니다. 대표 출판사(미래엔)의 수매 신뢰도가 높습니다.
에그박사 :Egg&bugs,원작: 에그박사 ;그림: 홍종현,미래엔,400번대,100.0,100.0,89.0,95.6,전국구 베스트셀러 작가(에그박사)의 신작입니다. 대표 출판사(미래엔)의 수매 신뢰도가 높습니다.
에그박사와 공룡 에그 ,원작: 에그박사 ;그림: 도니패밀리,미래엔,400번대,100.0,100.0,89.0,95.6,전국구 베스트셀러 작가(에그박사)의 신작입니다. 대표 출판사(미래엔)의 수매 신뢰도가 높습니다.
에그박사 :Egg&bugs,원작: 에그박사 ;그림: 홍종현,미래엔,400번대,100.0,100.0,89.0,95.6,전국구 베스트셀러 작가(에그박사)의 신작입니다. 대표 출판사(미래엔)의 수매 신뢰도가 높습니다.
에그박사 :Egg&bugs,원작: 에그박사 ;그림: 홍종현,미래엔,400번대,100.0,100.0,89.0,95.6,전국구 베스트셀러 작가(에그박사)의 신작입니다. 대표 출판사(미래엔)의 수매 신뢰도가 높습니다.
에그박사 :Egg&bugs,원작: 에그박사 ;그림: 홍종현,미래엔,400번대,100.0,100.0,89.0,95.6,전국구 베스트셀러 작가(에그박사)의 신작입니다. 대표 출판사(미래엔)의 수매 신뢰도가 높습니다.
에그박사 :Egg&bugs,원작: 에그박사 ;그림: 홍종현,미래엔,400번대,100.0,100.0,89.0,95.6,전국구 베스트셀러 작가(에그박사)의 신작입니다. 대표 출판사(미래엔)의 수매 신뢰도가 높습니다.
에그박사 :Egg&bugs,원작: 에그박사 ;그림: 홍종현,미래엔,400번대,100.0,100.0,89.0,95.6,전국구 베스트셀러 작가(에그박사)의 신작입니다. 대표 출판사(미래엔)의 수매 신뢰도가 높습니다.
에그박사 :Egg&bugs,원작: 에그박사 ;그림: 홍종현,미래엔,400번대,100.0,100.0,89.0,95.6,전국구 베스트셀러 작가(에그박사)의 신작입니다. 대표 출판사(미래엔)의 수매 신뢰도가 높습니다.
에그박사 :Egg&bugs,원작: 에그박사 ;그림: 홍종현,미래엔,400번대,100.0,100.0,89.0,95.6,전국구 베스트셀러 작가(에그박사)의 신작입니다. 대표 출판사(미래엔)의 수매 신뢰도가 높습니다.
에그박사 :Egg&bugs,원작: 에그박사 ;그림: 홍종현,미래엔,400번대,100.0,100.0,89.0,95.6,전국구 베스트셀러 작가(에그박사)의 신작입니다. 대표 출판사(미래엔)의 수매 신뢰도가 높습니다.
천문학자는 별을 보지 않는다 ,심채경 지음,문학동네,400번대,100.0,100.0,87.3,94.9,전국구 베스트셀러 작가(심채경 지음)의 신작입니다. 대표 출판사(문학동네)의 수매 신뢰도가 높습니다.
코스모스 :특별판 ,칼 세이건 지음 ;홍승수 옮김,사이언스북스,400번대,100.0,100.0,87.3,94.9,전국구 베스트셀러 작가(칼 세이건 지음)의 신작입니다. 출판 이력이 있는 출판사(사이언스북스)입니다.
수학 잘하는 아이는 이렇게 공부합니다 :수학이 어려운 엄마를 위한 전략적 학습 로드맵 ,류승재 지음,블루무스,400번대,100.0,100.0,86.9,94.8,전국구 베스트셀러 작가(류승재 지음)의 신작입니다. 대표 출판사(블루무스)의 수매 신뢰도가 높습니다.
에그박사의 채집 일기 :스티커로 채집하는 자연 생물 관찰 만화,원작: 에그박사 ;그림: 홍종현,Mirae N 아이세움,400번대,100.0,100.0,86.4,94.6,전국구 베스트셀러 작가(에그박사)의 신작입니다. 대표 출판사(Mirae N 아이세움)의 수매 신뢰도가 높습니다.
에그박사의 이건 누구 똥?!,원작: 에그박사 ;그림: 김덕영,Mirae N 아이세움,400번대,100.0,100.0,86.4,94.6,전국구 베스트셀러 작가(에그박사)의 신작입니다. 대표 출판사(Mirae N 아이세움)의 수매 신뢰도가 높습니다.
에그박사의 이건 누구 똥?!,원작: 에그박사 ;그림: 김덕영,Mirae N 아이세움,400번대,100.0,100.0,86.4,94.6,전국구 베스트셀러 작가(에그박사)의 신작입니다. 대표 출판사(Mirae N 아이세움)의 수매 신뢰도가 높습니다.
에그박사의 채집 일기 :스티커로 채집하는 자연 생물 관찰 만화,원작: 에그박사 ;그림: 홍종현,Mirae N 아이세움,400번대,100.0,100.0,86.4,94.6,전국구 베스트셀러 작가(에그박사)의 신작입니다. 대표 출판사(Mirae N 아이세움)의 수매 신뢰도가 높습니다.
에그박사의 채집 일기 :스티커로 채집하는 자연 생물 관찰 만화,원작: 에그박사 ;그림: 홍종현,Mirae N 아이세움,400번대,100.0,100.0,86.4,94.6,전국구 베스트셀러 작가(에그박사)의 신작입니다. 대표 출판사(Mirae N 아이세움)의 수매 신뢰도가 높습니다.
에그박사의 채집 일기 :스티커로 채집하는 자연 생물 관찰 만화,원작: 에그박사 ;그림: 홍종현,Mirae N 아이세움,400번대,100.0,100.0,86.4,94.6,전국구 베스트셀러 작가(에그박사)의 신작입니다. 대표 출판사(Mirae N 아이세움)의 수매 신뢰도가 높습니다.
슈뻘맨의 숨은 과학 찾기 :엉뚱 도전 속에 숨은 과학 상식,슈뻘맨 원작 ;류수형 그림,미래엔,400번대,100.0,100.0,85.9,94.4,전국구 베스트셀러 작가(슈뻘맨 류수형 그림)의 신작입니다. 대표 출판사(미래엔)의 수매 신뢰도가 높습니다.
슈뻘맨의 숨은 과학 찾기 :엉뚱 도전 속에 숨은 과학 상식,슈뻘맨 원작 ;류수형 그림,미래엔,400번대,100.0,100.0,85.9,94.4,전국구 베스트셀러 작가(슈뻘맨 류수형 그림)의 신작입니다. 대표 출판사(미래엔)의 수매 신뢰도가 높습니다.
슈뻘맨의 숨은 과학 찾기 :엉뚱 도전 속에 숨은 과학 상식,슈뻘맨 원작 ;류수형 그림,미래엔,400번대,100.0,100.0,85.9,94.4,전국구 베스트셀러 작가(슈뻘맨 류수형 그림)의 신작입니다. 대표 출판사(미래엔)의 수매 신뢰도가 높습니다.
슈뻘맨의 숨은 과학 찾기 :엉뚱 도전 속에 숨은 과학 상식,슈뻘맨 원작 ;류수형 그림,미래엔,400번대,100.0,100.0,85.9,94.4,전국구 베스트셀러 작가(슈뻘맨 류수형 그림)의 신작입니다. 대표 출판사(미래엔)의 수매 신뢰도가 높습니다.
슈뻘맨의 숨은 과학 찾기 :엉뚱 도전 속에 숨은 과학 상식,슈뻘맨 원작 ;류수형 그림,미래엔,400번대,100.0,100.0,85.9,94.4,전국구 베스트셀러 작가(슈뻘맨 류수형 그림)의 신작입니다. 대표 출판사(미래엔)의 수매 신뢰도가 높습니다.
슈뻘맨의 숨은 과학 찾기 :엉뚱 도전 속에 숨은 과학 상식,슈뻘맨 원작 ;류수형 그림,미래엔,400번대,100.0,100.0,85.9,94.4,전국구 베스트셀러 작가(슈뻘맨 류수형 그림)의 신작입니다. 대표 출판사(미래엔)의 수매 신뢰도가 높습니다.
슈뻘맨의 숨은 과학 찾기 :엉뚱 도전 속에 숨은 과학 상식,슈뻘맨 원작 ;류수형 그림,미래엔,400번대,100.0,100.0,85.9,94.4,전국구 베스트셀러 작가(슈뻘맨 류수형 그림)의 신작입니다. 대표 출판사(미래엔)의 수매 신뢰도가 높습니다.
문과 남자의 과학 공부 :나는 무엇이고 왜 존재하며 어디로 가는가? ,유시민 지음,돌베개,400번대,100.0,100.0,85.8,94.3,전국구 베스트셀러 작가(유시민 지음)의 신작입니다. 대표 출판사(돌베개)의 수매 신뢰도가 높습니다.
정재승의 인류 탐험 보고서,"글: 차유진,그림: 김현민",아울북(북이십일 아울북),400번대,100.0,100.0,85.2,94.1,전국구 베스트셀러 작가(차유진)의 신작입니다. 대표 출판사(아울북(북이십일 아울북))의 수매 신뢰도가 높습니다.
정재승의 인류 탐험 보고서,"글: 차유진,그림: 김현민",아울북(북이십일 아울북),400번대,100.0,100.0,85.2,94.1,전국구 베스트셀러 작가(차유진)의 신작입니다. 대표 출판사(아울북(북이십일 아울북))의 수매 신뢰도가 높습니다.
내일은 실험왕 :본격 대결 과학실험 만화,"글: 곰돌이 co. ,그림: 홍종현",미래엔,400번대,100.0,100.0,83.3,93.3,전국구 베스트셀러 작가(곰돌이 co.)의 신작입니다. 대표 출판사(미래엔)의 수매 신뢰도가 높습니다.
과자 사면 과학 드립니다 ,정윤선 글 ;시미씨 그림,풀빛,400번대,100.0,100.0,82.4,93.0,전국구 베스트셀러 작가(정윤선 시미씨 그림)의 신작입니다. 출판 이력이 있는 출판사(풀빛)입니다.
이기적 유전자 ,리처드 도킨스 지음 ;이상임 옮김,을유문화사,400번대,100.0,100.0,82.5,93.0,전국구 베스트셀러 작가(리처드 도킨스 지음)의 신작입니다. 대표 출판사(을유문화사)의 수매 신뢰도가 높습니다.
하늘과 바람과 별과 인간 :원자에서 인간까지 ,지은이: 김상욱,바다출판사,400번대,100.0,100.0,80.7,92.3,대출 실적이 있는 저자(김상욱)입니다. 출판 이력이 있는 출판사(바다출판사)입니다.
Go go 카카오프렌즈 :자연탐사,글: 조주희 ;이혜림,아울북(북이십일 아울북),400번대,100.0,100.0,80.5,92.2,전국구 베스트셀러 작가(조주희)의 신작입니다. 대표 출판사(아울북(북이십일 아울북))의 수매 신뢰도가 높습니다.
Go go 카카오프렌즈 :자연탐사,글: 조주희 ;이혜림,아울북(북이십일 아울북),400번대,100.0,100.0,80.5,92.2,전국구 베스트셀러 작가(조주희)의 신작입니다. 대표 출판사(아울북(북이십일 아울북))의 수매 신뢰도가 높습니다.
Go go 카카오프렌즈 :자연탐사,글: 조주희 ;이혜림,아울북(북이십일 아울북),400번대,100.0,100.0,80.5,92.2,전국구 베스트셀러 작가(조주희)의 신작입니다. 대표 출판사(아울북(북이십일 아울북))의 수매 신뢰도가 높습니다.
빨간내복야코 안 읽으면 완전 위험한 과학책,빨간내복야코 원작 ;이영아 그림,위즈덤하우스,400번대,100.0,100.0,80.5,92.2,전국구 베스트셀러 작가(빨간내복야코 이영아 그림)의 신작입니다. 대표 출판사(위즈덤하우스)의 수매 신뢰도가 높습니다.
빨간내복야코 안 읽으면 완전 위험한 과학책,빨간내복야코 원작 ;이영아 그림,위즈덤하우스,400번대,100.0,100.0,80.5,92.2,전국구 베스트셀러 작가(빨간내복야코 이영아 그림)의 신작입니다. 대표 출판사(위즈덤하우스)의 수매 신뢰도가 높습니다.
Go go 카카오프렌즈 :자연탐사,글: 조주희 ;이혜림,아울북(북이십일 아울북),400번대,100.0,100.0,80.5,92.2,전국구 베스트셀러 작가(조주희)의 신작입니다. 대표 출판사(아울북(북이십일 아울북))의 수매 신뢰도가 높습니다.
빨간내복야코 안 읽으면 완전 위험한 과학책,빨간내복야코 원작 ;이영아 그림,위즈덤하우스,400번대,100.0,100.0,80.5,92.2,전국구 베스트셀러 작가(빨간내복야코 이영아 그림)의 신작입니다. 대표 출판사(위즈덤하우스)의 수매 신뢰도가 높습니다.
Go go 카카오프렌즈 :자연탐사,글: 조주희 ;이혜림,아울북(북이십일 아울북),400번대,100.0,100.0,80.5,92.2,전국구 베스트셀러 작가(조주희)의 신작입니다. 대표 출판사(아울북(북이십일 아울북))의 수매 신뢰도가 높습니다.
슈뻘맨의 숨은 생물 찾기 :관찰하며 배우는 생물 지식,원작: 슈뻘맨 ;그림: 류수형,미래엔,400번대,100.0,100.0,79.1,91.6,전국구 베스트셀러 작가(슈뻘맨)의 신작입니다. 대표 출판사(미래엔)의 수매 신뢰도가 높습니다.
슈뻘맨의 숨은 생물 찾기 :관찰하며 배우는 생물 지식,원작: 슈뻘맨 ;그림: 류수형,미래엔,400번대,100.0,100.0,79.1,91.6,전국구 베스트셀러 작가(슈뻘맨)의 신작입니다. 대표 출판사(미래엔)의 수매 신뢰도가 높습니다.
물리박사 김상욱의 수상한 연구실 :어린이를 위한 세상의 모든 과학,글: 김하연 ;그림: 정순규,아울북(북이십일 아울북),400번대,100.0,100.0,79.1,91.6,전국구 베스트셀러 작가(김하연)의 신작입니다. 대표 출판사(아울북(북이십일 아울북))의 수매 신뢰도가 높습니다.
물리박사 김상욱의 수상한 연구실 :어린이를 위한 세상의 모든 과학,글: 김하연 ;그림: 정순규,아울북(북이십일 아울북),400번대,100.0,100.0,79.1,91.6,전국구 베스트셀러 작가(김하연)의 신작입니다. 대표 출판사(아울북(북이십일 아울북))의 수매 신뢰도가 높습니다.
물리박사 김상욱의 수상한 연구실 :어린이를 위한 세상의 모든 과학,글: 김하연 ;그림: 정순규,아울북(북이십일 아울북),400번대,100.0,100.0,79.1,91.6,전국구 베스트셀러 작가(김하연)의 신작입니다. 대표 출판사(아울북(북이십일 아울북))의 수매 신뢰도가 높습니다.
물리박사 김상욱의 수상한 연구실 :어린이를 위한 세상의 모든 과학,글: 김하연 ;그림: 정순규,아울북(북이십일 아울북),400번대,100.0,100.0,79.1,91.6,전국구 베스트셀러 작가(김하연)의 신작입니다. 대표 출판사(아울북(북이십일 아울북))의 수매 신뢰도가 높습니다.
물리박사 김상욱의 수상한 연구실 :어린이를 위한 세상의 모든 과학,글: 김하연 ;그림: 정순규,아울북(북이십일 아울북),400번대,100.0,100.0,79.1,91.6,전국구 베스트셀러 작가(김하연)의 신작입니다. 대표 출판사(아울북(북이십일 아울북))의 수매 신뢰도가 높습니다.
물리박사 김상욱의 수상한 연구실 :어린이를 위한 세상의 모든 과학,글: 김하연 ;그림: 정순규,아울북(북이십일 아울북),400번대,100.0,100.0,79.1,91.6,전국구 베스트셀러 작가(김하연)의 신작입니다. 대표 출판사(아울북(북이십일 아울북))의 수매 신뢰도가 높습니다.
물리박사 김상욱의 수상한 연구실 :어린이를 위한 세상의 모든 과학,글: 김하연 ;그림: 정순규,아울북(북이십일 아울북),400번대,100.0,100.0,79.1,91.6,전국구 베스트셀러 작가(김하연)의 신작입니다. 대표 출판사(아울북(북이십일 아울북))의 수매 신뢰도가 높습니다.
물리박사 김상욱의 수상한 연구실 :어린이를 위한 세상의 모든 과학,글: 김하연 ;그림: 정순규,아울북(북이십일 아울북),400번대,100.0,100.0,79.1,91.6,전국구 베스트셀러 작가(김하연)의 신작입니다. 대표 출판사(아울북(북이십일 아울북))의 수매 신뢰도가 높습니다.
찬란한 멸종 :거꾸로 읽는 유쾌한 지구의 역사 ,이정모 지음,다산북스,400번대,100.0,100.0,78.6,91.4,대출 실적이 있는 저자(이정모 지음)입니다. 출판 이력이 있는 출판사(다산북스)입니다.
곤충보다 작아진 정브르 :생물 학습 만화,원작: 정브르 ;그림: 강신영,겜툰,400번대,100.0,100.0,77.9,91.2,전국구 베스트셀러 작가(정브르)의 신작입니다. 대표 출판사(겜툰)의 수매 신뢰도가 높습니다.
달콤 짭짤 코파츄 :다영 과학동화,지은이: 다영 ;그린이: 밤코,창비,400번대,100.0,100.0,77.8,91.1,대출 실적이 있는 저자(다영)입니다. 출판 이력이 있는 출판사(창비)입니다.
(정승제의) 수학 대모험,"글: 설민석,박지영",단꿈아이,400번대,100.0,100.0,75.1,90.0,대출 실적이 있는 저자(설민석)입니다. 출판 이력이 있는 출판사(단꿈아이)입니다.
진실한 동물도감 ,글쓴이: 최형선 ;그린이: 차야다,인플루엔셜,400번대,100.0,100.0,73.3,89.3,대출 실적이 있는 저자(글쓴이: 최형선)입니다. 출판 이력이 있는 출판사(인플루엔셜)입니다.
처음 만나는 양자의 세계 :양자 역학부터 양자 컴퓨터까지 ,채은미 지음,책읽어주는남자,400번대,100.0,100.0,68.0,87.2,대출 실적이 있는 저자(채은미 지음)입니다. 출판 이력이 있는 출판사(책읽어주는남자)입니다.
(박태웅의) AI 강의 2025 :인공지능의 출현부터 일상으로의 침투까지 우리와 미래를 함께할 새로운 지능의 모든 것 ,박태웅 지음,한빛비즈,400번대,100.0,100.0,46.9,78.8,기록에 없는 신진/미상 저자(박태웅 지음)입니다. 출판 이력이 있는 출판사(한빛비즈)입니다.
(백종원의) 도전 요리왕 :음식으로 맛보는 세계 역사 문화 체험 ,"글: 백종원,그림: 이정태",위즈덤하우스 미디어그룹,500번대,75.0,54.7,90.8,75.2,전국구 베스트셀러 작가(백종원)의 신작입니다. 대표 출판사(위즈덤하우스 미디어그룹)의 수매 신뢰도가 높습니다.
(백종원의) 도전 요리왕 :음식으로 맛보는 세계 역사 문화 체험 ,"글: 백종원,그림: 이정태",위즈덤하우스 미디어그룹,500번대,75.0,54.7,90.8,75.2,전국구 베스트셀러 작가(백종원)의 신작입니다. 대표 출판사(위즈덤하우스 미디어그룹)의 수매 신뢰도가 높습니다.
(백종원의) 도전 요리왕 :음식으로 맛보는 세계 역사 문화 체험 ,"글: 백종원,그림: 이정태",위즈덤하우스 미디어그룹,500번대,75.0,54.7,90.8,75.2,전국구 베스트셀러 작가(백종원)의 신작입니다. 대표 출판사(위즈덤하우스 미디어그룹)의 수매 신뢰도가 높습니다.
(백종원의) 도전 요리왕 :음식으로 맛보는 세계 역사 문화 체험 ,"글: 백종원,그림: 이정태",위즈덤하우스 미디어그룹,500번대,75.0,54.7,90.8,75.2,전국구 베스트셀러 작가(백종원)의 신작입니다. 대표 출판사(위즈덤하우스 미디어그룹)의 수매 신뢰도가 높습니다.
(백종원의) 도전 요리왕 :음식으로 맛보는 세계 역사 문화 체험 ,"글: 백종원,그림: 이정태",위즈덤하우스 미디어그룹,500번대,75.0,54.7,90.8,75.2,전국구 베스트셀러 작가(백종원)의 신작입니다. 대표 출판사(위즈덤하우스 미디어그룹)의 수매 신뢰도가 높습니다.
(백종원의) 도전 요리왕 :음식으로 맛보는 세계 역사 문화 체험 ,"글: 백종원,그림: 이정태",위즈덤하우스 미디어그룹,500번대,75.0,54.7,90.8,75.2,전국구 베스트셀러 작가(백종원)의 신작입니다. 대표 출판사(위즈덤하우스 미디어그룹)의 수매 신뢰도가 높습니다.
(백종원의) 도전 요리왕 :음식으로 맛보는 세계 역사 문화 체험 ,"글: 백종원,그림: 이정태",위즈덤하우스 미디어그룹,500번대,75.0,54.7,90.8,75.2,전국구 베스트셀러 작가(백종원)의 신작입니다. 대표 출판사(위즈덤하우스 미디어그룹)의 수매 신뢰도가 높습니다.
"최민준의 아들코칭 백과 :기질 파악부터 말공부, 사회성, 감정코칭까지 ",최민준 글 ;신예원 그림,위즈덤하우스,500번대,75.0,54.7,88.8,74.4,전국구 베스트셀러 작가(최민준 신예원 그림)의 신작입니다. 출판 이력이 있는 출판사(위즈덤하우스)입니다.
백년허리 :백년 동안 간직할 허리 사용설명서 ,저자: 정선근,언탱글링,500번대,75.0,54.7,87.9,74.1,전국구 베스트셀러 작가(정선근)의 신작입니다. 대표 출판사(언탱글링)의 수매 신뢰도가 높습니다.
백년허리 :백년 동안 간직할 허리 사용설명서 ,저자: 정선근,언탱글링,500번대,75.0,54.7,87.9,74.1,전국구 베스트셀러 작가(정선근)의 신작입니다. 대표 출판사(언탱글링)의 수매 신뢰도가 높습니다.
의사 어벤저스 :어린이 의학 동화,글: 고희정 ;그림: 조승연,가나문화콘텐츠,500번대,75.0,54.7,87.4,73.9,전국구 베스트셀러 작가(고희정)의 신작입니다. 대표 출판사(가나문화콘텐츠)의 수매 신뢰도가 높습니다.
의사 어벤저스 :어린이 의학 동화,글: 고희정 ;그림: 조승연,가나문화콘텐츠,500번대,75.0,54.7,87.4,73.9,전국구 베스트셀러 작가(고희정)의 신작입니다. 대표 출판사(가나문화콘텐츠)의 수매 신뢰도가 높습니다.
의사 어벤저스 :어린이 의학 동화,글: 고희정 ;그림: 조승연,가나문화콘텐츠,500번대,75.0,54.7,87.4,73.9,전국구 베스트셀러 작가(고희정)의 신작입니다. 대표 출판사(가나문화콘텐츠)의 수매 신뢰도가 높습니다.
의사 어벤저스 :어린이 의학 동화,글: 고희정 ;그림: 조승연,가나문화콘텐츠,500번대,75.0,54.7,87.4,73.9,전국구 베스트셀러 작가(고희정)의 신작입니다. 대표 출판사(가나문화콘텐츠)의 수매 신뢰도가 높습니다.
의사 어벤저스 :어린이 의학 동화,글: 고희정 ;그림: 조승연,가나문화콘텐츠,500번대,75.0,54.7,87.4,73.9,전국구 베스트셀러 작가(고희정)의 신작입니다. 대표 출판사(가나문화콘텐츠)의 수매 신뢰도가 높습니다.
의사 어벤저스 :어린이 의학 동화,글: 고희정 ;그림: 조승연,가나문화콘텐츠,500번대,75.0,54.7,87.4,73.9,전국구 베스트셀러 작가(고희정)의 신작입니다. 대표 출판사(가나문화콘텐츠)의 수매 신뢰도가 높습니다.
의사 어벤저스 :어린이 의학 동화,글: 고희정 ;그림: 조승연,가나문화콘텐츠,500번대,75.0,54.7,87.4,73.9,전국구 베스트셀러 작가(고희정)의 신작입니다. 대표 출판사(가나문화콘텐츠)의 수매 신뢰도가 높습니다.
의사 어벤저스 :어린이 의학 동화,글: 고희정 ;그림: 조승연,가나문화콘텐츠,500번대,75.0,54.7,87.4,73.9,전국구 베스트셀러 작가(고희정)의 신작입니다. 대표 출판사(가나문화콘텐츠)의 수매 신뢰도가 높습니다.
의사 어벤저스 :어린이 의학 동화,글: 고희정 ;그림: 조승연,가나문화콘텐츠,500번대,75.0,54.7,87.4,73.9,전국구 베스트셀러 작가(고희정)의 신작입니다. 대표 출판사(가나문화콘텐츠)의 수매 신뢰도가 높습니다.
의사 어벤저스 :어린이 의학 동화,글: 고희정 ;그림: 조승연,가나문화콘텐츠,500번대,75.0,54.7,87.4,73.9,전국구 베스트셀러 작가(고희정)의 신작입니다. 대표 출판사(가나문화콘텐츠)의 수매 신뢰도가 높습니다.
의사 어벤저스 :어린이 의학 동화,글: 고희정 ;그림: 조승연,가나문화콘텐츠,500번대,75.0,54.7,87.4,73.9,전국구 베스트셀러 작가(고희정)의 신작입니다. 대표 출판사(가나문화콘텐츠)의 수매 신뢰도가 높습니다.
의사 어벤저스 :어린이 의학 동화,글: 고희정 ;그림: 조승연,가나문화콘텐츠,500번대,75.0,54.7,87.4,73.9,전국구 베스트셀러 작가(고희정)의 신작입니다. 대표 출판사(가나문화콘텐츠)의 수매 신뢰도가 높습니다.
의사 어벤저스 :어린이 의학 동화,글: 고희정 ;그림: 조승연,가나문화콘텐츠,500번대,75.0,54.7,87.4,73.9,전국구 베스트셀러 작가(고희정)의 신작입니다. 대표 출판사(가나문화콘텐츠)의 수매 신뢰도가 높습니다.
의사 어벤저스 :어린이 의학 동화,글: 고희정 ;그림: 조승연,가나문화콘텐츠,500번대,75.0,54.7,87.4,73.9,전국구 베스트셀러 작가(고희정)의 신작입니다. 대표 출판사(가나문화콘텐츠)의 수매 신뢰도가 높습니다.
의사 어벤저스 :어린이 의학 동화,글: 고희정 ;그림: 조승연,가나문화콘텐츠,500번대,75.0,54.7,87.4,73.9,전국구 베스트셀러 작가(고희정)의 신작입니다. 대표 출판사(가나문화콘텐츠)의 수매 신뢰도가 높습니다.
의사 어벤저스 :어린이 의학 동화,글: 고희정 ;그림: 조승연,가나문화콘텐츠,500번대,75.0,54.7,87.4,73.9,전국구 베스트셀러 작가(고희정)의 신작입니다. 대표 출판사(가나문화콘텐츠)의 수매 신뢰도가 높습니다.
의사 어벤저스 :어린이 의학 동화,글: 고희정 ;그림: 조승연,가나문화콘텐츠,500번대,75.0,54.7,87.4,73.9,전국구 베스트셀러 작가(고희정)의 신작입니다. 대표 출판사(가나문화콘텐츠)의 수매 신뢰도가 높습니다.
의사 어벤저스 :어린이 의학 동화,글: 고희정 ;그림: 조승연,가나문화콘텐츠,500번대,75.0,54.7,87.4,73.9,전국구 베스트셀러 작가(고희정)의 신작입니다. 대표 출판사(가나문화콘텐츠)의 수매 신뢰도가 높습니다.
의사 어벤저스 :어린이 의학 동화,글: 고희정 ;그림: 조승연,가나문화콘텐츠,500번대,75.0,54.7,87.4,73.9,전국구 베스트셀러 작가(고희정)의 신작입니다. 대표 출판사(가나문화콘텐츠)의 수매 신뢰도가 높습니다.
의사 어벤저스 :어린이 의학 동화,글: 고희정 ;그림: 조승연,가나문화콘텐츠,500번대,75.0,54.7,87.4,73.9,전국구 베스트셀러 작가(고희정)의 신작입니다. 대표 출판사(가나문화콘텐츠)의 수매 신뢰도가 높습니다.
의사 어벤저스 :어린이 의학 동화,글: 고희정 ;그림: 조승연,가나문화콘텐츠,500번대,75.0,54.7,87.4,73.9,전국구 베스트셀러 작가(고희정)의 신작입니다. 대표 출판사(가나문화콘텐츠)의 수매 신뢰도가 높습니다.
의사 어벤저스 :어린이 의학 동화,글: 고희정 ;그림: 조승연,가나문화콘텐츠,500번대,75.0,54.7,87.4,73.9,전국구 베스트셀러 작가(고희정)의 신작입니다. 대표 출판사(가나문화콘텐츠)의 수매 신뢰도가 높습니다.
의사 어벤저스 :어린이 의학 동화,글: 고희정 ;그림: 조승연,가나문화콘텐츠,500번대,75.0,54.7,87.4,73.9,전국구 베스트셀러 작가(고희정)의 신작입니다. 대표 출판사(가나문화콘텐츠)의 수매 신뢰도가 높습니다.
백년운동 :척추·관절 아프지 않게 100세까지 운동하는 방법 ,저자: 정선근,아티잔,500번대,75.0,54.7,86.7,73.6,전국구 베스트셀러 작가(정선근)의 신작입니다. 대표 출판사(아티잔)의 수매 신뢰도가 높습니다.
토깽이네 지구 구출 대작전,원작: 토깽이네 ;그림: 양선모,위즈덤하우스,500번대,75.0,54.7,86.4,73.5,전국구 베스트셀러 작가(토깽이네)의 신작입니다. 출판 이력이 있는 출판사(위즈덤하우스)입니다.
정재승의 인간 탐구 보고서,"글: 정재은,특대호 원고: 오경은",아울북(북이십일 아울북),500번대,75.0,54.7,85.3,73.0,전국구 베스트셀러 작가(정재은)의 신작입니다. 대표 출판사(아울북(북이십일 아울북))의 수매 신뢰도가 높습니다.
정재승의 인간 탐구 보고서,"글: 정재은,특대호 원고: 오경은",아울북(북이십일 아울북),500번대,75.0,54.7,85.3,73.0,전국구 베스트셀러 작가(정재은)의 신작입니다. 대표 출판사(아울북(북이십일 아울북))의 수매 신뢰도가 높습니다.
정재승의 인간 탐구 보고서,"글: 정재은,특대호 원고: 오경은",아울북(북이십일 아울북),500번대,75.0,54.7,85.3,73.0,전국구 베스트셀러 작가(정재은)의 신작입니다. 대표 출판사(아울북(북이십일 아울북))의 수매 신뢰도가 높습니다.
정재승의 인간 탐구 보고서,"글: 정재은,특대호 원고: 오경은",아울북(북이십일 아울북),500번대,75.0,54.7,85.3,73.0,전국구 베스트셀러 작가(정재은)의 신작입니다. 대표 출판사(아울북(북이십일 아울북))의 수매 신뢰도가 높습니다.
정재승의 인간 탐구 보고서,"글: 정재은,특대호 원고: 오경은",아울북(북이십일 아울북),500번대,75.0,54.7,85.3,73.0,전국구 베스트셀러 작가(정재은)의 신작입니다. 대표 출판사(아울북(북이십일 아울북))의 수매 신뢰도가 높습니다.
정재승의 인간 탐구 보고서,"글: 정재은,특대호 원고: 오경은",아울북(북이십일 아울북),500번대,75.0,54.7,85.3,73.0,전국구 베스트셀러 작가(정재은)의 신작입니다. 대표 출판사(아울북(북이십일 아울북))의 수매 신뢰도가 높습니다.
정재승의 인간 탐구 보고서,"글: 정재은,특대호 원고: 오경은",아울북(북이십일 아울북),500번대,75.0,54.7,85.3,73.0,전국구 베스트셀러 작가(정재은)의 신작입니다. 대표 출판사(아울북(북이십일 아울북))의 수매 신뢰도가 높습니다.
정재승의 인간 탐구 보고서,"글: 정재은,특대호 원고: 오경은",아울북(북이십일 아울북),500번대,75.0,54.7,85.3,73.0,전국구 베스트셀러 작가(정재은)의 신작입니다. 대표 출판사(아울북(북이십일 아울북))의 수매 신뢰도가 높습니다.
정재승의 인간 탐구 보고서,"글: 정재은,특대호 원고: 오경은",아울북(북이십일 아울북),500번대,75.0,54.7,85.3,73.0,전국구 베스트셀러 작가(정재은)의 신작입니다. 대표 출판사(아울북(북이십일 아울북))의 수매 신뢰도가 높습니다.
정재승의 인간 탐구 보고서,"글: 정재은,특대호 원고: 오경은",아울북(북이십일 아울북),500번대,75.0,54.7,85.3,73.0,전국구 베스트셀러 작가(정재은)의 신작입니다. 대표 출판사(아울북(북이십일 아울북))의 수매 신뢰도가 높습니다.
정재승의 인간 탐구 보고서,"글: 정재은,특대호 원고: 오경은",아울북(북이십일 아울북),500번대,75.0,54.7,85.3,73.0,전국구 베스트셀러 작가(정재은)의 신작입니다. 대표 출판사(아울북(북이십일 아울북))의 수매 신뢰도가 높습니다.
정재승의 인간 탐구 보고서,"글: 정재은,특대호 원고: 오경은",아울북(북이십일 아울북),500번대,75.0,54.7,85.3,73.0,전국구 베스트셀러 작가(정재은)의 신작입니다. 대표 출판사(아울북(북이십일 아울북))의 수매 신뢰도가 높습니다.
정재승의 인간 탐구 보고서,"글: 정재은,특대호 원고: 오경은",아울북(북이십일 아울북),500번대,75.0,54.7,85.3,73.0,전국구 베스트셀러 작가(정재은)의 신작입니다. 대표 출판사(아울북(북이십일 아울북))의 수매 신뢰도가 높습니다.
정재승의 인간 탐구 보고서,"글: 정재은,특대호 원고: 오경은",아울북(북이십일 아울북),500번대,75.0,54.7,85.3,73.0,전국구 베스트셀러 작가(정재은)의 신작입니다. 대표 출판사(아울북(북이십일 아울북))의 수매 신뢰도가 높습니다.
정재승의 인간 탐구 보고서,"글: 정재은,특대호 원고: 오경은",아울북(북이십일 아울북),500번대,75.0,54.7,85.3,73.0,전국구 베스트셀러 작가(정재은)의 신작입니다. 대표 출판사(아울북(북이십일 아울북))의 수매 신뢰도가 높습니다.
정재승의 인간 탐구 보고서,"글: 정재은,특대호 원고: 오경은",아울북(북이십일 아울북),500번대,75.0,54.7,85.3,73.0,전국구 베스트셀러 작가(정재은)의 신작입니다. 대표 출판사(아울북(북이십일 아울북))의 수매 신뢰도가 높습니다.
정재승의 인간 탐구 보고서,"글: 정재은,특대호 원고: 오경은",아울북(북이십일 아울북),500번대,75.0,54.7,85.3,73.0,전국구 베스트셀러 작가(정재은)의 신작입니다. 대표 출판사(아울북(북이십일 아울북))의 수매 신뢰도가 높습니다.
정재승의 인간 탐구 보고서,"글: 정재은,특대호 원고: 오경은",아울북(북이십일 아울북),500번대,75.0,54.7,85.3,73.0,전국구 베스트셀러 작가(정재은)의 신작입니다. 대표 출판사(아울북(북이십일 아울북))의 수매 신뢰도가 높습니다.
조선미의 현실 육아 상담소 ,조선미 지음,북하우스,500번대,75.0,54.7,83.5,72.3,전국구 베스트셀러 작가(조선미 지음)의 신작입니다. 대표 출판사(북하우스)의 수매 신뢰도가 높습니다.
아이는 무엇으로 자라는가 :세계적 가족 심리학자 버지니아 사티어의 15가지 양육 법칙 ,버지니아 사티어 지음 ;강유리 옮김,콘텐츠그룹 포레스트,500번대,75.0,54.7,83.5,72.3,전국구 베스트셀러 작가(버지니아 사티어 지음)의 신작입니다. 출판 이력이 있는 출판사(콘텐츠그룹 포레스트)입니다.
(유현준의) 인문 건축 기행 ,지은이: 유현준,을유문화사,500번대,75.0,54.7,83.3,72.2,전국구 베스트셀러 작가(유현준)의 신작입니다. 출판 이력이 있는 출판사(을유문화사)입니다.
"편안함의 습격 :편리와 효율, 멸균과 풍족의 시대가 우리에게서 앗아간 것들에 관하여 ",지은이: 마이클 이스터 ;옮긴이: 김원진,수오서재,500번대,75.0,54.7,83.0,72.1,전국구 베스트셀러 작가(마이클 이스터)의 신작입니다. 출판 이력이 있는 출판사(수오서재)입니다.
(흔한남매) 별난 방탈출 :탈출 미션 스토리북,흔한남매 원작 ;차차 그림,미래엔,600번대,71.0,41.7,95.6,72.0,전국구 베스트셀러 작가(흔한남매 차차 그림)의 신작입니다. 대표 출판사(미래엔)의 수매 신뢰도가 높습니다.
(흔한남매) 별난 방탈출 :탈출 미션 스토리북,흔한남매 원작 ;차차 그림,미래엔,600번대,71.0,41.7,95.6,72.0,전국구 베스트셀러 작가(흔한남매 차차 그림)의 신작입니다. 대표 출판사(미래엔)의 수매 신뢰도가 높습니다.
(흔한남매) 별난 방탈출 :탈출 미션 스토리북,흔한남매 원작 ;차차 그림,미래엔,600번대,71.0,41.7,95.6,72.0,전국구 베스트셀러 작가(흔한남매 차차 그림)의 신작입니다. 대표 출판사(미래엔)의 수매 신뢰도가 높습니다.
(흔한남매) 별난 방탈출 :탈출 미션 스토리북,흔한남매 원작 ;차차 그림,미래엔,600번대,71.0,41.7,95.6,72.0,전국구 베스트셀러 작가(흔한남매 차차 그림)의 신작입니다. 대표 출판사(미래엔)의 수매 신뢰도가 높습니다.
(흔한남매) 별난 방탈출 :탈출 미션 스토리북,흔한남매 원작 ;차차 그림,미래엔,600번대,71.0,41.7,95.6,72.0,전국구 베스트셀러 작가(흔한남매 차차 그림)의 신작입니다. 대표 출판사(미래엔)의 수매 신뢰도가 높습니다.
"(세상에서 가장 쉬운) 본질육아 :삶의 근본을 보여주는 부모, 삶을 스스로 개척하는 아이 ",지나영 지음,21세기북스(북이십일 21세기북스),500번대,75.0,54.7,82.6,72.0,전국구 베스트셀러 작가(지나영 지음)의 신작입니다. 출판 이력이 있는 출판사(21세기북스(북이십일 21세기북스))입니다.
해독 혁명 =질병 없는 몸을 위한 5단계 독소 해방 /Detox revolution ,지은이: 최지영,웅진씽크빅,500번대,75.0,54.7,81.9,71.7,전국구 베스트셀러 작가(최지영)의 신작입니다. 출판 이력이 있는 출판사(웅진씽크빅)입니다.
침묵의 봄 ,지은이: 레이첼 카슨 ;옮긴이: 김은령,에코리브르,500번대,75.0,54.7,81.6,71.6,전국구 베스트셀러 작가(레이첼 카슨)의 신작입니다. 출판 이력이 있는 출판사(에코리브르)입니다.
내 몸 혁명 :뱃살과 질병 없이 살려면 숫자보다 몸을 바꿔라 ,박용우 지음,루미너스,500번대,75.0,54.7,81.3,71.4,전국구 베스트셀러 작가(박용우 지음)의 신작입니다. 출판 이력이 있는 출판사(루미너스)입니다.
결국 해내는 아이는 정서 지능이 다릅니다 :지금 전 세계가 주목하는 새로운 사회정서 교육법 ,김소연 지음,Whale Books(웨일북),500번대,75.0,54.7,80.6,71.2,전국구 베스트셀러 작가(김소연 지음)의 신작입니다. 출판 이력이 있는 출판사(Whale Books(웨일북))입니다.
느리게 나이 드는 습관 :노년내과 의사가 알려주는 감속노화 실천법 ,정희원 지음,한빛라이프,500번대,75.0,54.7,80.4,71.1,대출 실적이 있는 저자(정희원 지음)입니다. 출판 이력이 있는 출판사(한빛라이프)입니다.
세이노의 가르침 :피보다 진하게 살아라 ,세이노 지음,데이원,300번대,70.4,38.5,96.0,71.1,전국구 베스트셀러 작가(세이노 지음)의 신작입니다. 대표 출판사(데이원)의 수매 신뢰도가 높습니다.
소맥거핀의 인체 친구들,소맥거핀 원작 ;김기수 그림,위즈덤하우스,500번대,75.0,54.7,79.7,70.8,전국구 베스트셀러 작가(소맥거핀 김기수 그림)의 신작입니다. 출판 이력이 있는 출판사(위즈덤하우스)입니다.
소맥거핀의 인체 친구들,소맥거핀 원작 ;김기수 그림,위즈덤하우스,500번대,75.0,54.7,79.7,70.8,전국구 베스트셀러 작가(소맥거핀 김기수 그림)의 신작입니다. 출판 이력이 있는 출판사(위즈덤하우스)입니다.
소맥거핀의 인체 친구들,소맥거핀 원작 ;김기수 그림,위즈덤하우스,500번대,75.0,54.7,79.7,70.8,전국구 베스트셀러 작가(소맥거핀 김기수 그림)의 신작입니다. 출판 이력이 있는 출판사(위즈덤하우스)입니다.
어떻게 말해줘야 할까 :오은영의 현실밀착 육아회화 ,글: 오은영 ;그림: 차상미,김영사,500번대,75.0,54.7,79.8,70.8,전국구 베스트셀러 작가(오은영)의 신작입니다. 출판 이력이 있는 출판사(김영사)입니다.
삶이 흔들릴 때 뇌과학을 읽습니다 :우리의 마음과 행동을 결정하는 두뇌 법칙 25 ,이케가야 유지 지음 ;김준기 옮김,리틀포레스트,500번대,75.0,54.7,79.6,70.8,대출 실적이 있는 저자(이케가야 유지 지음)입니다. 대표 출판사(리틀포레스트)의 수매 신뢰도가 높습니다.
류수영의 평생 레시피 :죽을 때까지 나를 먹여 살릴 '어남선생'의 쉽고 맛있는 집밥 ,지은이: 류수영 ;장혁준,세미콜론,500번대,75.0,54.7,79.5,70.7,대출 실적이 있는 저자(류수영)입니다. 출판 이력이 있는 출판사(세미콜론)입니다.
길 위의 뇌 :뇌를 치료하는 의사 러너가 20년 동안 달리면서 알게 된 것들 ,정세희 지음,한스미디어,500번대,75.0,54.7,79.3,70.6,대출 실적이 있는 저자(정세희 지음)입니다. 출판 이력이 있는 출판사(한스미디어)입니다.
(건강과 다이어트를 동시에 잡는) 채소·과일식 :단순하면서 자연스러운 가장 효과적인 식단 ,글: 조승우,바이북스,500번대,75.0,54.7,78.6,70.4,전국구 베스트셀러 작가(조승우)의 신작입니다. 대표 출판사(바이북스)의 수매 신뢰도가 높습니다.
부모의 어휘력 :정확히 말할수록 아이의 세상이 커지는 필수 어휘 126 ,김종원 지음,카시오페아,500번대,75.0,54.7,78.6,70.4,대출 실적이 있는 저자(김종원 지음)입니다. 출판 이력이 있는 출판사(카시오페아)입니다.
(좌절내구력 강한 아이로 키우는) 조선미의 초등생활 상담소 ,조선미 지음,북하우스 퍼블리셔스,500번대,75.0,54.7,78.2,70.2,전국구 베스트셀러 작가(조선미 지음)의 신작입니다. 출판 이력이 있는 출판사(북하우스 퍼블리셔스)입니다.
원씽 :복잡한 세상을 이기는 단순함의 힘 ,"게리 켈러,구세희 옮김",비즈니스북스,300번대,70.4,38.5,93.5,70.1,전국구 베스트셀러 작가(게리 켈러)의 신작입니다. 출판 이력이 있는 출판사(비즈니스북스)입니다.
(서울 자가에 대기업 다니는) 김 부장 이야기 ,송희구 지음,서삼독,300번대,70.4,38.5,93.4,70.0,전국구 베스트셀러 작가(송희구 지음)의 신작입니다. 대표 출판사(서삼독)의 수매 신뢰도가 높습니다.
(서울 자가에 대기업 다니는) 김 부장 이야기 ,송희구 지음,서삼독,300번대,70.4,38.5,93.4,70.0,전국구 베스트셀러 작가(송희구 지음)의 신작입니다. 대표 출판사(서삼독)의 수매 신뢰도가 높습니다.
나의 돈 많은 고등학교 친구 :슈퍼리치와의 대화에서 찾아낸 부자의 길 ,송희구 지음,서삼독,300번대,70.4,38.5,93.4,70.0,전국구 베스트셀러 작가(송희구 지음)의 신작입니다. 대표 출판사(서삼독)의 수매 신뢰도가 높습니다.
(서울 자가에 대기업 다니는) 김 부장 이야기 ,송희구 지음,서삼독,300번대,70.4,38.5,93.4,70.0,전국구 베스트셀러 작가(송희구 지음)의 신작입니다. 대표 출판사(서삼독)의 수매 신뢰도가 높습니다.
부모의 질문력 :스스로 생각하고 답을 찾는 아이로 키우는 인문학 질문 100 ,김종원 지음,다산북스,500번대,75.0,54.7,77.4,69.9,대출 실적이 있는 저자(김종원 지음)입니다. 출판 이력이 있는 출판사(다산북스)입니다.
잘되는 집들의 비밀 =부와 운을 부르는 공간과 삶에 관한 이야기 /Secrets of thriving homes ,정희숙 지음,콘텐츠그룹 포레스트,500번대,75.0,54.7,77.5,69.9,대출 실적이 있는 저자(정희숙 지음)입니다. 출판 이력이 있는 출판사(콘텐츠그룹 포레스트)입니다.
퓨처 셀프 :현재와 미래가 달라지는 놀라운 혁명 ,벤저민 하디 지음 ;최은아 옮김,상상스퀘어,300번대,70.4,38.5,92.2,69.6,전국구 베스트셀러 작가(벤저민 하디 지음)의 신작입니다. 대표 출판사(상상스퀘어)의 수매 신뢰도가 높습니다.
"인스타 브레인 =몰입을 빼앗긴 시대, 똑똑한 뇌 사용법 /Insta brain ",안데르스 한센 지음 ;김아영 옮김,동양북스,500번대,75.0,54.7,76.6,69.6,전국구 베스트셀러 작가(안데르스 한센 지음)의 신작입니다. 출판 이력이 있는 출판사(동양북스)입니다.
(읽으면서 바로 써먹는) 어린이 속담 ,글·그림: 한날,파란정원,300번대,70.4,38.5,91.8,69.4,전국구 베스트셀러 작가(글·한날)의 신작입니다. 대표 출판사(파란정원)의 수매 신뢰도가 높습니다.
(읽으면서 바로 써먹는) 어린이 퀴즈 ,글·그림: 한날,파란정원,300번대,70.4,38.5,91.8,69.4,전국구 베스트셀러 작가(글·한날)의 신작입니다. 대표 출판사(파란정원)의 수매 신뢰도가 높습니다.
딸이 조용히 무너져 있었다 ,김현아 지음,창비,500번대,75.0,54.7,76.3,69.4,대출 실적이 있는 저자(김현아 지음)입니다. 출판 이력이 있는 출판사(창비)입니다.
(읽으면서 바로 써먹는) 어린이 수수께끼 ,글·그림: 한날,파란정원,300번대,70.4,38.5,91.8,69.4,전국구 베스트셀러 작가(글·한날)의 신작입니다. 대표 출판사(파란정원)의 수매 신뢰도가 높습니다.
(읽으면서 바로 써먹는) 어린이 OX 퀴즈 ,글·그림: 한날,파란정원,300번대,70.4,38.5,91.8,69.4,전국구 베스트셀러 작가(글·한날)의 신작입니다. 대표 출판사(파란정원)의 수매 신뢰도가 높습니다.
저속노화 식사법 :노년내과 의사가 알려주는 기적의 식단 혁명 ,정희원 지음,문학동네,500번대,75.0,54.7,76.3,69.4,대출 실적이 있는 저자(정희원 지음)입니다. 출판 이력이 있는 출판사(문학동네)입니다.
당신도 느리게 나이 들 수 있습니다 :나이가 들어도 몸의 시간을 젊게 ,정희원 지음,길벗,500번대,75.0,54.7,76.0,69.3,대출 실적이 있는 저자(정희원 지음)입니다. 출판 이력이 있는 출판사(길벗)입니다.
아이의 뇌 =뇌과학에서 찾아낸 4가지 양육 원칙 /A child's brain ,김붕년 지음,콘텐츠그룹 포레스트,500번대,75.0,54.7,75.9,69.3,대출 실적이 있는 저자(김붕년 지음)입니다. 출판 이력이 있는 출판사(콘텐츠그룹 포레스트)입니다.
공정하다는 착각 :능력주의는 모두에게 같은 기회를 제공하는가 ,마이클 샌델 지음 ;함규진 옮김,미래엔,300번대,70.4,38.5,91.3,69.2,전국구 베스트셀러 작가(마이클 샌델 지음)의 신작입니다. 대표 출판사(미래엔)의 수매 신뢰도가 높습니다.
나는 다정한 관찰자가 되기로 했다 :불안에 휘둘리지 않는 단단한 태도에 관하여 ,이은경 지음,서교책방,500번대,75.0,54.7,75.8,69.2,대출 실적이 있는 저자(이은경 지음)입니다. 대표 출판사(서교책방)의 수매 신뢰도가 높습니다.
(EBS 다큐프라임) 자본주의 ,EBS MEDIA 기획 ;EBS <자본주의> 제작팀 지음,가나문화콘텐츠,300번대,70.4,38.5,91.3,69.2,전국구 베스트셀러 작가(EBS MEDIA 기획)의 신작입니다. 출판 이력이 있는 출판사(가나문화콘텐츠)입니다.
이토록 공부가 재미있어지는 순간 :공부에 지친 청소년들을 위한 힐링 에세이 ,박성혁 지음,다산북스,300번대,70.4,38.5,90.8,69.0,전국구 베스트셀러 작가(박성혁 지음)의 신작입니다. 출판 이력이 있는 출판사(다산북스)입니다.
역행자 :확장판 ,자청 지음,웅진씽크빅,300번대,70.4,38.5,90.3,68.8,전국구 베스트셀러 작가(자청 지음)의 신작입니다. 출판 이력이 있는 출판사(웅진씽크빅)입니다.
역행자 :돈·시간·운명으로부터 완전한 자유를 얻는 7단계 인생 공략집 ,자청 지음,웅진씽크빅,300번대,70.4,38.5,90.3,68.8,전국구 베스트셀러 작가(자청 지음)의 신작입니다. 출판 이력이 있는 출판사(웅진씽크빅)입니다.
돈의 속성 :최상위 부자가 말하는 돈에 대한 모든 것 ,지은이: 김승호,Snowfox(스노우폭스북스),300번대,70.4,38.5,90.1,68.7,전국구 베스트셀러 작가(김승호)의 신작입니다. 대표 출판사(Snowfox(스노우폭스북스))의 수매 신뢰도가 높습니다.
"모든 것은 기본에서 시작한다 :실력도 기술도 사람 됨됨이도, 기본을 지키는 손웅정의 삶의 철학 ",손웅정 지음,수오서재,600번대,71.0,41.7,86.9,68.6,전국구 베스트셀러 작가(손웅정 지음)의 신작입니다. 출판 이력이 있는 출판사(수오서재)입니다.
"총, 균, 쇠 :무기·병균·금속은 인류의 운명을 어떻게 바꿨는가 ",재레드 다이아몬드 지음 ;김진준 옮김,문학사상사,300번대,70.4,38.5,89.6,68.5,전국구 베스트셀러 작가(재레드 다이아몬드 지음)의 신작입니다. 대표 출판사(문학사상사)의 수매 신뢰도가 높습니다.
사장학개론 ,지은이: 김승호,스노우폭스북스,300번대,70.4,38.5,89.4,68.4,전국구 베스트셀러 작가(김승호)의 신작입니다. 대표 출판사(스노우폭스북스)의 수매 신뢰도가 높습니다.
"그릿 :IQ, 재능, 환경을 뛰어넘는 열정적 끈기의 힘 ",앤절라 더크워스 지음 ;김미정 옮김,비즈니스북스,300번대,70.4,38.5,88.9,68.2,전국구 베스트셀러 작가(앤절라 더크워스 지음)의 신작입니다. 출판 이력이 있는 출판사(비즈니스북스)입니다.
"그릿 :IQ, 재능, 환경을 뛰어넘는 열정적 끈기의 힘 ",앤절라 더크워스 지음 ;김미정 옮김,비즈니스북스,300번대,70.4,38.5,88.9,68.2,전국구 베스트셀러 작가(앤절라 더크워스 지음)의 신작입니다. 출판 이력이 있는 출판사(비즈니스북스)입니다.
(흔한남매) 수수께끼 어드벤처 :수수께끼로 배우는 교과 지식,원작: 흔한남매 ;그림: 도니패밀리,미래엔,300번대,70.4,38.5,88.6,68.1,전국구 베스트셀러 작가(흔한남매)의 신작입니다. 대표 출판사(미래엔)의 수매 신뢰도가 높습니다.
(흔한남매) 수수께끼 어드벤처 :수수께끼로 배우는 교과 지식,원작: 흔한남매 ;그림: 도니패밀리,미래엔,300번대,70.4,38.5,88.6,68.1,전국구 베스트셀러 작가(흔한남매)의 신작입니다. 대표 출판사(미래엔)의 수매 신뢰도가 높습니다.
돈의 심리학 :당신은 왜 부자가 되지 못했는가 ,모건 하우절 지음 ;이지연 옮김,인플루엔셜,300번대,70.4,38.5,88.7,68.1,전국구 베스트셀러 작가(모건 하우절 지음)의 신작입니다. 출판 이력이 있는 출판사(인플루엔셜)입니다.
(흔한남매) 수수께끼 어드벤처 :수수께끼로 배우는 교과 지식,원작: 흔한남매 ;그림: 도니패밀리,미래엔,300번대,70.4,38.5,88.6,68.1,전국구 베스트셀러 작가(흔한남매)의 신작입니다. 대표 출판사(미래엔)의 수매 신뢰도가 높습니다.
(흔한남매) 수수께끼 어드벤처 :수수께끼로 배우는 교과 지식,원작: 흔한남매 ;그림: 도니패밀리,미래엔,300번대,70.4,38.5,88.6,68.1,전국구 베스트셀러 작가(흔한남매)의 신작입니다. 대표 출판사(미래엔)의 수매 신뢰도가 높습니다.
(흔한남매) 수수께끼 어드벤처 :수수께끼로 배우는 교과 지식,원작: 흔한남매 ;그림: 도니패밀리,미래엔,300번대,70.4,38.5,88.6,68.1,전국구 베스트셀러 작가(흔한남매)의 신작입니다. 대표 출판사(미래엔)의 수매 신뢰도가 높습니다.
무의식은 어떻게 나를 설계하는가 :나를 살리기도 망치기도 하는 머릿속 독재자 ,데이비드 이글먼 지음 ;김승욱 옮김,RHK(알에이치코리아),500번대,75.0,54.7,72.9,68.1,대출 실적이 있는 저자(데이비드 이글먼 지음)입니다. 출판 이력이 있는 출판사(RHK(알에이치코리아))입니다.
완전 배출 :채소·과일·무첨가 주스는 어떻게 비만과 질병을 몰아내는가 ,조승우 지음,사이몬북스,500번대,75.0,54.7,72.1,67.8,대출 실적이 있는 저자(조승우 지음)입니다. 출판 이력이 있는 출판사(사이몬북스)입니다.
국어 잘하는 아이가 이깁니다 :'갓민애' 교수의 초등 국어 달인 만들기 ,나민애 지음,김영사,300번대,70.4,38.5,87.9,67.8,전국구 베스트셀러 작가(나민애 지음)의 신작입니다. 출판 이력이 있는 출판사(김영사)입니다.
"총, 균, 쇠 ",재레드 다이아몬드 지음 ;김진준 옮김,문학사상,300번대,70.4,38.5,87.9,67.8,전국구 베스트셀러 작가(재레드 다이아몬드 지음)의 신작입니다. 대표 출판사(문학사상)의 수매 신뢰도가 높습니다.
세금 내는 아이들 ,옥효진 글 ;김미연 그림,한경BP,300번대,70.4,38.5,87.6,67.7,전국구 베스트셀러 작가(옥효진 김미연 그림)의 신작입니다. 출판 이력이 있는 출판사(한경BP)입니다.
부의 인문학 :슈퍼리치의 서재에서 찾아낸 부자의 길 ,브라운스톤 지음,Openmind(오픈마인드),300번대,70.4,38.5,87.4,67.6,전국구 베스트셀러 작가(브라운스톤 지음)의 신작입니다. 대표 출판사(Openmind(오픈마인드))의 수매 신뢰도가 높습니다.
(처음부터 시작하는) 주식투자 단타전략 =Stock investment ,홍인기 지음,길벗,300번대,70.4,38.5,87.2,67.6,전국구 베스트셀러 작가(홍인기 지음)의 신작입니다. 출판 이력이 있는 출판사(길벗)입니다.
요리를 한다는 것 ,지은이: 최강록,클,500번대,75.0,54.7,71.8,67.6,대출 실적이 있는 저자(최강록)입니다. 출판 이력이 있는 출판사(클)입니다.
돈은 좋지만 재테크는 겁나는 너에게 ,뿅글이 지음,첨단,300번대,70.4,38.5,87.0,67.5,전국구 베스트셀러 작가(뿅글이 지음)의 신작입니다. 출판 이력이 있는 출판사(첨단)입니다.
방구석 미술관 :가볍고 편하게 시작하는 유쾌한 교양 미술 ,조원재 지음,백도씨,600번대,71.0,41.7,84.1,67.4,전국구 베스트셀러 작가(조원재 지음)의 신작입니다. 출판 이력이 있는 출판사(백도씨)입니다.
"생각하라 그리고 부자가 되어라 :나폴레온 힐, 부와 성공의 원칙 ",나폴레온 힐 지음 ;이한이 옮김,반니,300번대,70.4,38.5,86.4,67.2,전국구 베스트셀러 작가(나폴레온 힐 지음)의 신작입니다. 대표 출판사(반니)의 수매 신뢰도가 높습니다.
언스크립티드 :부의 추월차선 완결판 ,엠제이 드마코 지음 ;안시열 옮김,토트,300번대,70.4,38.5,86.2,67.1,전국구 베스트셀러 작가(엠제이 드마코 지음)의 신작입니다. 대표 출판사(토트)의 수매 신뢰도가 높습니다.
불안 ,알랭 드 보통 저 ;정영목 옮김,은행나무,300번대,70.4,38.5,86.2,67.1,전국구 베스트셀러 작가(알랭 드 보통 저)의 신작입니다. 대표 출판사(은행나무)의 수매 신뢰도가 높습니다.
1%를 읽는 힘 :세상의 정보를 연결해서 기회를 포작하는 생각 혁신 ,메르 지음,토네이도미디어그룹,300번대,70.4,38.5,86.2,67.1,전국구 베스트셀러 작가(메르 지음)의 신작입니다. 출판 이력이 있는 출판사(토네이도미디어그룹)입니다.
"10대를 위한 총균쇠 수업 :gun, germs, and steel ",김정진 지음,넥스트씨,300번대,70.4,38.5,85.9,67.0,전국구 베스트셀러 작가(김정진 지음)의 신작입니다. 출판 이력이 있는 출판사(넥스트씨)입니다.
불안 세대 :디지털 세계는 우리 아이들을 어떻게 병들게 하는가 ,조너선 하이트 지음 ;이충호 옮김,웅진씽크빅,300번대,70.4,38.5,85.7,67.0,전국구 베스트셀러 작가(조너선 하이트 지음)의 신작입니다. 출판 이력이 있는 출판사(웅진씽크빅)입니다.
브라질에 비가 내리면 스타벅스 주식을 사라 :경제의 큰 흐름에서 기회를 잡는 매크로 투자 가이드 ,피터 나바로 지음 ;이창식 옮김,에프엔미디어,300번대,70.4,38.5,85.5,66.9,전국구 베스트셀러 작가(피터 나바로 지음)의 신작입니다. 출판 이력이 있는 출판사(에프엔미디어)입니다.
팩트풀니스 :우리가 세상을 오해하는 10가지 이유와 세상이 생각보다 괜찮은 이유 ,"지은이: 한스 로슬링,옮긴이: 이창신",김영사,300번대,70.4,38.5,85.6,66.9,전국구 베스트셀러 작가(한스 로슬링)의 신작입니다. 출판 이력이 있는 출판사(김영사)입니다.
(소수몽키의 한 권으로 끝내는) 미국주식 ,소수몽키 지음,길벗,300번대,70.4,38.5,85.6,66.9,전국구 베스트셀러 작가(소수몽키 지음)의 신작입니다. 출판 이력이 있는 출판사(길벗)입니다.
그의 운명에 대한 아주 개인적인 생각 ,지은이: 유시민,아름다운사람들,300번대,70.4,38.5,85.4,66.8,전국구 베스트셀러 작가(유시민)의 신작입니다. 대표 출판사(아름다운사람들)의 수매 신뢰도가 높습니다.
박곰희 연금 부자 수업 :4개의 통장으로 월 300만원 만들기 ,박곰희 지음,인플루엔셜,300번대,70.4,38.5,84.8,66.6,전국구 베스트셀러 작가(박곰희 지음)의 신작입니다. 출판 이력이 있는 출판사(인플루엔셜)입니다.
월급쟁이 부자로 은퇴하라 :월급쟁이에서 100억 자산가로 변신한 '아는 선배'의 시스템 마련법 ,너나위 지음,RHK(알에이치코리아),300번대,70.4,38.5,84.8,66.6,전국구 베스트셀러 작가(너나위 지음)의 신작입니다. 출판 이력이 있는 출판사(RHK(알에이치코리아))입니다.
월급쟁이 부자로 은퇴하라 :3년 만에 30년 치 연봉을 번 김 과장의 시스템 마련법 ,너나위 지음,RHK(알에이치코리아),300번대,70.4,38.5,84.8,66.6,전국구 베스트셀러 작가(너나위 지음)의 신작입니다. 출판 이력이 있는 출판사(RHK(알에이치코리아))입니다.
(한 번 배워서 평생 써먹는) 박곰희 투자법 ,박곰희 지음,인플루엔셜,300번대,70.4,38.5,84.8,66.6,전국구 베스트셀러 작가(박곰희 지음)의 신작입니다. 출판 이력이 있는 출판사(인플루엔셜)입니다.
아주 작은 습관의 힘 :최고의 변화는 어떻게 만들어지는가 ,제임스 클리어 지음 ;이한이 옮김,비즈니스북스,100번대,62.5,32.6,94.9,66.5,전국구 베스트셀러 작가(제임스 클리어 지음)의 신작입니다. 출판 이력이 있는 출판사(비즈니스북스)입니다.
타이탄의 도구들 :1만 시간의 법칙을 깬 거인들의 61가지 전략 ,팀 페리스 지음 ;정지현 옮김,Tornado(토네이도),300번대,70.4,38.5,84.4,66.4,전국구 베스트셀러 작가(팀 페리스 지음)의 신작입니다. 대표 출판사(Tornado(토네이도))의 수매 신뢰도가 높습니다.
거인의 노트 :인생에서 무엇을 보고 어떻게 기록할 것인가 ,김익한 지음,다산북스,300번대,70.4,38.5,84.2,66.4,전국구 베스트셀러 작가(김익한 지음)의 신작입니다. 출판 이력이 있는 출판사(다산북스)입니다.
부자의 언어 :어떻게 살아야 부자가 되는지 묻는 아들에게 ,존 소포릭 지음 ;이한이 옮김,윌북,300번대,70.4,38.5,84.0,66.3,전국구 베스트셀러 작가(존 소포릭 지음)의 신작입니다. 출판 이력이 있는 출판사(윌북)입니다.
위기의 역사 :외환위기부터 인플레이션의 부활까지 경제위기의 생성과 소멸 ,오건영 지음 ;안병현 그림,Page2(페이지2북스),300번대,70.4,38.5,83.9,66.2,전국구 베스트셀러 작가(오건영 지음)의 신작입니다. 출판 이력이 있는 출판사(Page2(페이지2북스))입니다.
일류의 조건 ,지은이: 사이토 다카시 ;옮긴이: 정현,필름,300번대,70.4,38.5,83.8,66.2,전국구 베스트셀러 작가(사이토 다카시)의 신작입니다. 출판 이력이 있는 출판사(필름)입니다.
(열심히 살아봤지만 허무함에 지친 당신을 위한) 김미경의 딥마인드 ,김미경 지음,엠케이유니버스,300번대,70.4,38.5,83.8,66.2,전국구 베스트셀러 작가(김미경 지음)의 신작입니다. 대표 출판사(엠케이유니버스)의 수매 신뢰도가 높습니다.
부의 시나리오 :불확실성을 기회로 만드는 4가지 투자전략 ,오건영 지음,Page2(페이지2북스),300번대,70.4,38.5,83.9,66.2,전국구 베스트셀러 작가(오건영 지음)의 신작입니다. 출판 이력이 있는 출판사(Page2(페이지2북스))입니다.
듀얼 브레인 =AI 시대의 실용적 생존 가이드 /Dual brain ,이선 몰릭 지음 ;신동숙 옮김,상상스퀘어,300번대,70.4,38.5,83.9,66.2,전국구 베스트셀러 작가(이선 몰릭 지음)의 신작입니다. 대표 출판사(상상스퀘어)의 수매 신뢰도가 높습니다.
(이미 늦었다고 생각하는 당신을 위한) 김미경의 마흔 수업 ,김미경 지음,엠케이유니버스,300번대,70.4,38.5,83.8,66.2,전국구 베스트셀러 작가(김미경 지음)의 신작입니다. 대표 출판사(엠케이유니버스)의 수매 신뢰도가 높습니다.
"도둑맞은 집중력 :집중력 위기의 시대, 삶의 주도권을 되찾는 법 ",요한 하리 지음 ;김하현 옮김,어크로스(어크로스출판그룹),100번대,62.5,32.6,94.2,66.2,전국구 베스트셀러 작가(요한 하리 지음)의 신작입니다. 출판 이력이 있는 출판사(어크로스(어크로스출판그룹))입니다.
"총, 균, 쇠 :인간 사회의 운명을 바꾼 힘 ",지은이: 재레드 다이아몬드 ;옮긴이: 강주헌,김영사,300번대,70.4,38.5,83.8,66.2,전국구 베스트셀러 작가(재레드 다이아몬드)의 신작입니다. 출판 이력이 있는 출판사(김영사)입니다.
단 3개의 미국 ETF로 은퇴하라 :원하는 삶을 앞당기는 돈 자동 사냥 시스템 ,김지훈 지음,웅진씽크빅,300번대,70.4,38.5,83.6,66.1,전국구 베스트셀러 작가(김지훈 지음)의 신작입니다. 출판 이력이 있는 출판사(웅진씽크빅)입니다.
뇌가 멈추기 전에 :서울대학교병원 뇌신경학자의 뇌졸중을 피하고 건강하게 오래 사는 법 ,이승훈 지음,21세기북스,500번대,75.0,54.7,68.0,66.1,대출 실적이 있는 저자(이승훈 지음)입니다. 출판 이력이 있는 출판사(21세기북스)입니다.
불변의 법칙 :절대 변하지 않는 것들에 대한 23가지 이야기 ,지은이: 모건 하우절 ;옮긴이: 이수경,서삼독,300번대,70.4,38.5,83.5,66.1,전국구 베스트셀러 작가(모건 하우절)의 신작입니다. 대표 출판사(서삼독)의 수매 신뢰도가 높습니다.
"돈의 방정식 :돈을 지위와 성공의 기준, 그 이상으로 다루기 위한 21가지 이야기 ",지은이: 모건 하우절 ;옮긴이: 박영준,서삼독,300번대,70.4,38.5,83.5,66.1,전국구 베스트셀러 작가(모건 하우절)의 신작입니다. 대표 출판사(서삼독)의 수매 신뢰도가 높습니다.
가짜 노동 :스스로 만드는 번아웃의 세계 ,"데니스 뇌르마르크,이수영 옮김",자음과모음,300번대,70.4,38.5,83.4,66.0,전국구 베스트셀러 작가(데니스 뇌르마르크)의 신작입니다. 출판 이력이 있는 출판사(자음과모음)입니다.
나는 읽고 쓰고 버린다 :손웅정의 말 ,지은이: 손웅정,난다,600번대,71.0,41.7,80.2,65.9,전국구 베스트셀러 작가(손웅정)의 신작입니다. 대표 출판사(난다)의 수매 신뢰도가 높습니다.
내가 가진 것을 세상이 원하게 하라 :최인아 대표가 축적한 일과 삶의 인사이트 ,최인아 지음,해냄(해냄출판사),300번대,70.4,38.5,83.0,65.9,전국구 베스트셀러 작가(최인아 지음)의 신작입니다. 출판 이력이 있는 출판사(해냄(해냄출판사))입니다.
왜 일하는가 :지금 당신이 가장 뜨겁게 물어야 할 첫 번째 질문 ,지은이: 이나모리 가즈오 ;옮긴이: 김윤경,다산북스,300번대,70.4,38.5,83.0,65.9,전국구 베스트셀러 작가(이나모리 가즈오)의 신작입니다. 출판 이력이 있는 출판사(다산북스)입니다.
나는 노후에 가난하지 않기로 결심했다 :한 달 30만원으로 레벨업하는 ETF 연금저축의 기적 ,서대리 지음,세이지,300번대,70.4,38.5,83.1,65.9,전국구 베스트셀러 작가(서대리 지음)의 신작입니다. 대표 출판사(세이지)의 수매 신뢰도가 높습니다.
(원칙으로 수익 내는) 단타의 기술 =상위 1% 주식 트레이더가 지킨 단 하나의 투자 비법 /Rules of day trading ,원정연 지음,길벗,300번대,70.4,38.5,83.0,65.9,전국구 베스트셀러 작가(원정연 지음)의 신작입니다. 출판 이력이 있는 출판사(길벗)입니다.
미술관에 간 할미 :짧게 읽고 오래 남는 모두의 명화수업 ,할미 지음,길벗,600번대,71.0,41.7,80.1,65.9,전국구 베스트셀러 작가(할미 지음)의 신작입니다. 출판 이력이 있는 출판사(길벗)입니다.
시대예보 :핵개인의 시대 =Forecast of the times : era of nuclear individuals ,저자: 송길영,교보문고,300번대,70.4,38.5,82.7,65.8,전국구 베스트셀러 작가(송길영)의 신작입니다. 출판 이력이 있는 출판사(교보문고)입니다.
"배당투자, 나는 50에 은퇴했다 :평생 월 1,000만 원씩 받아내는 '배당주' 입장권 ",쭈압 지음,체인지업(체인지업북스),300번대,70.4,38.5,82.9,65.8,전국구 베스트셀러 작가(쭈압 지음)의 신작입니다. 출판 이력이 있는 출판사(체인지업(체인지업북스))입니다.
(유목민의) 투자의 정석 ,유목민 지음,웅진씽크빅,300번대,70.4,38.5,82.9,65.8,전국구 베스트셀러 작가(유목민 지음)의 신작입니다. 출판 이력이 있는 출판사(웅진씽크빅)입니다.
시대예보 :호명사회 =Forecast of the times : nominative society ,저자: 송길영,교보문고,300번대,70.4,38.5,82.7,65.8,전국구 베스트셀러 작가(송길영)의 신작입니다. 출판 이력이 있는 출판사(교보문고)입니다.
시대예보 :경량문명의 탄생 =Forecast of the times : the rise of lightweight civilization ,저자: 송길영,교보문고,300번대,70.4,38.5,82.7,65.8,전국구 베스트셀러 작가(송길영)의 신작입니다. 출판 이력이 있는 출판사(교보문고)입니다.
(처음 읽는) 그리스 로마 신화 =First Greek mythology,글: 최설희 ;그림: 한현동,미래엔,200번대,75.0,27.8,87.2,65.7,전국구 베스트셀러 작가(최설희)의 신작입니다. 대표 출판사(미래엔)의 수매 신뢰도가 높습니다.
(처음 읽는) 그리스 로마 신화 =First Greek mythology,글: 최설희 ;그림: 한현동,미래엔,200번대,75.0,27.8,87.2,65.7,전국구 베스트셀러 작가(최설희)의 신작입니다. 대표 출판사(미래엔)의 수매 신뢰도가 높습니다.
"가난한 아이들은 어떻게 어른이 되는가 :빈곤과 청소년, 10년의 기록 ",강지나 지음,돌베개,300번대,70.4,38.5,82.5,65.7,전국구 베스트셀러 작가(강지나 지음)의 신작입니다. 출판 이력이 있는 출판사(돌베개)입니다.
(처음 읽는) 그리스 로마 신화 =First Greek mythology,글: 최설희 ;그림: 한현동,미래엔,200번대,75.0,27.8,87.2,65.7,전국구 베스트셀러 작가(최설희)의 신작입니다. 대표 출판사(미래엔)의 수매 신뢰도가 높습니다.
(처음 읽는) 그리스 로마 신화 =First Greek mythology,글: 최설희 ;그림: 한현동,미래엔,200번대,75.0,27.8,87.2,65.7,전국구 베스트셀러 작가(최설희)의 신작입니다. 대표 출판사(미래엔)의 수매 신뢰도가 높습니다.
(처음 읽는) 그리스 로마 신화 =First Greek mythology,글: 최설희 ;그림: 한현동,미래엔,200번대,75.0,27.8,87.2,65.7,전국구 베스트셀러 작가(최설희)의 신작입니다. 대표 출판사(미래엔)의 수매 신뢰도가 높습니다.
돈 공부를 시작하고 인생의 불안이 사라졌다 :믿는 구석 없는 우리를 위한 매운맛 재테크 멘탈 수업 ,할미언니 지음,필름,300번대,70.4,38.5,82.5,65.7,전국구 베스트셀러 작가(할미언니 지음)의 신작입니다. 출판 이력이 있는 출판사(필름)입니다.
(처음 읽는) 그리스 로마 신화 =First Greek mythology,글: 최설희 ;그림: 한현동,미래엔,200번대,75.0,27.8,87.2,65.7,전국구 베스트셀러 작가(최설희)의 신작입니다. 대표 출판사(미래엔)의 수매 신뢰도가 높습니다.
(처음 읽는) 그리스 로마 신화 =First Greek mythology,글: 최설희 ;그림: 한현동,미래엔,200번대,75.0,27.8,87.2,65.7,전국구 베스트셀러 작가(최설희)의 신작입니다. 대표 출판사(미래엔)의 수매 신뢰도가 높습니다.
(처음 읽는) 그리스 로마 신화 =First Greek mythology,글: 최설희 ;그림: 한현동,미래엔,200번대,75.0,27.8,87.2,65.7,전국구 베스트셀러 작가(최설희)의 신작입니다. 대표 출판사(미래엔)의 수매 신뢰도가 높습니다.
(처음 읽는) 그리스 로마 신화 =First Greek mythology,글: 최설희 ;그림: 한현동,미래엔,200번대,75.0,27.8,87.2,65.7,전국구 베스트셀러 작가(최설희)의 신작입니다. 대표 출판사(미래엔)의 수매 신뢰도가 높습니다.
(처음 읽는) 그리스 로마 신화 =First Greek mythology,글: 최설희 ;그림: 한현동,미래엔,200번대,75.0,27.8,87.2,65.7,전국구 베스트셀러 작가(최설희)의 신작입니다. 대표 출판사(미래엔)의 수매 신뢰도가 높습니다.
(처음 읽는) 그리스 로마 신화 =First Greek mythology,글: 최설희 ;그림: 한현동,미래엔,200번대,75.0,27.8,87.2,65.7,전국구 베스트셀러 작가(최설희)의 신작입니다. 대표 출판사(미래엔)의 수매 신뢰도가 높습니다.
(처음 읽는) 그리스 로마 신화 =First Greek mythology,글: 최설희 ;그림: 한현동,미래엔,200번대,75.0,27.8,87.2,65.7,전국구 베스트셀러 작가(최설희)의 신작입니다. 대표 출판사(미래엔)의 수매 신뢰도가 높습니다.
(처음 읽는) 그리스 로마 신화 =First Greek mythology,글: 최설희 ;그림: 한현동,미래엔,200번대,75.0,27.8,87.2,65.7,전국구 베스트셀러 작가(최설희)의 신작입니다. 대표 출판사(미래엔)의 수매 신뢰도가 높습니다.
인생은 순간이다 :삶이라는 타석에서 평생 지켜온 철학 ,김성근 지음,다산북스,600번대,71.0,41.7,79.5,65.6,대출 실적이 있는 저자(김성근 지음)입니다. 출판 이력이 있는 출판사(다산북스)입니다.
유연함의 힘 :유연함으로 쓰는 새로운 성장 공식 ,수잔 애쉬포드 지음 ;김정혜 옮김,상상스퀘어,300번대,70.4,38.5,82.4,65.6,전국구 베스트셀러 작가(수잔 애쉬포드 지음)의 신작입니다. 대표 출판사(상상스퀘어)의 수매 신뢰도가 높습니다.
부의 추월차선 :부자들이 말해 주지 않는 진정한 부를 얻는 방법 ,엠제이 드마코 지음 ;신소영 옮김,북새통,300번대,70.4,38.5,82.4,65.6,전국구 베스트셀러 작가(엠제이 드마코 지음)의 신작입니다. 대표 출판사(북새통)의 수매 신뢰도가 높습니다.
나는 나의 스무 살을 가장 존중한다 ,이하영 지음,토네이도미디어그룹,300번대,70.4,38.5,82.3,65.6,전국구 베스트셀러 작가(이하영 지음)의 신작입니다. 출판 이력이 있는 출판사(토네이도미디어그룹)입니다.
별별 직업 상담소 ,요시타케 신스케 글·그림 ;권남희 옮김,김영사,300번대,70.4,38.5,82.3,65.6,전국구 베스트셀러 작가(요시타케 신스케 글·권남희 옮김)의 신작입니다. 출판 이력이 있는 출판사(김영사)입니다.
부의 추월차선 :부자들이 말해 주지 않는 진정한 부를 얻는 방법 ,엠제이 드마코 지음 ;신소영 옮김,북새통,300번대,70.4,38.5,82.4,65.6,전국구 베스트셀러 작가(엠제이 드마코 지음)의 신작입니다. 대표 출판사(북새통)의 수매 신뢰도가 높습니다.
일론 머스크 ,월터 아이작슨 지음 ;안진환 옮김,21세기북스(북이십일 21세기북스),300번대,70.4,38.5,82.2,65.6,전국구 베스트셀러 작가(월터 아이작슨 지음)의 신작입니다. 출판 이력이 있는 출판사(21세기북스(북이십일 21세기북스))입니다.
마법의 푸드 트럭 ,박민희 글 ;안병현 그림,라곰스쿨,300번대,70.4,38.5,82.3,65.6,전국구 베스트셀러 작가(박민희 안병현 그림)의 신작입니다. 대표 출판사(라곰스쿨)의 수매 신뢰도가 높습니다.
더 해빙 =부와 행운을 끌어당기는 힘 /The having ,"이서윤,홍주연 지음",수오서재,300번대,70.4,38.5,82.2,65.6,전국구 베스트셀러 작가(이서윤)의 신작입니다. 출판 이력이 있는 출판사(수오서재)입니다.
"지리의 힘 :지리는 어떻게 개인의 운명을, 세계사를, 세계 경제를 좌우하는가 ",지은이: 팀 마샬 ;옮긴이: 김미선,사이,300번대,70.4,38.5,82.1,65.5,전국구 베스트셀러 작가(팀 마샬)의 신작입니다. 대표 출판사(사이)의 수매 신뢰도가 높습니다.
"경험의 멸종 :기술이 경험을 대체하는 시대, 인간은 계속 인간일 수 있을까 ",크리스틴 로젠 지음 ;이영래 옮김,어크로스(어크로스출판그룹),300번대,70.4,38.5,81.9,65.4,전국구 베스트셀러 작가(크리스틴 로젠 지음)의 신작입니다. 출판 이력이 있는 출판사(어크로스(어크로스출판그룹))입니다.
환율의 대전환 :경제 질서의 변곡점에서 글로벌 통화의 미래를 말하다 ,오건영 지음,콘텐츠그룹 포레스트,300번대,70.4,38.5,81.9,65.4,전국구 베스트셀러 작가(오건영 지음)의 신작입니다. 출판 이력이 있는 출판사(콘텐츠그룹 포레스트)입니다.
기적의 서울대 쌍둥이 공부법 :최상위권으로 올라서는 일대일 맞춤 공부 전략 ,"여호원,여호용 지음",다산북스,300번대,70.4,38.5,81.7,65.4,전국구 베스트셀러 작가(여호원)의 신작입니다. 출판 이력이 있는 출판사(다산북스)입니다.
나는 ETF로 돈 되는 곳에 투자한다 :시장의 주인공을 찾아 만드는 나만의 ETF 포트폴리오 ,김수정 지음,사이다경제,300번대,70.4,38.5,81.7,65.4,전국구 베스트셀러 작가(김수정 지음)의 신작입니다. 출판 이력이 있는 출판사(사이다경제)입니다.
물질의 세계 :6가지 물질이 그려내는 인류 문명의 대서사시 ,에드 콘웨이 지음 ;이종인 옮김,인플루엔셜,300번대,70.4,38.5,81.9,65.4,전국구 베스트셀러 작가(에드 콘웨이 지음)의 신작입니다. 출판 이력이 있는 출판사(인플루엔셜)입니다.
부의 삼각형 =170만 원 월급쟁이에서 순자산 20억 투자가로 사는 비법 /Money triangle ,권은진 지음,Booksgo(북스고),300번대,70.4,38.5,81.9,65.4,전국구 베스트셀러 작가(권은진 지음)의 신작입니다. 대표 출판사(Booksgo(북스고))의 수매 신뢰도가 높습니다.
먼저 온 미래 :AI 이후의 세계를 경험한 사람들 ,장강명 지음,동아시아,300번대,70.4,38.5,81.7,65.4,전국구 베스트셀러 작가(장강명 지음)의 신작입니다. 출판 이력이 있는 출판사(동아시아)입니다.
부자의 그릇 :돈을 다루는 능력을 키우는 법 ,이즈미 마사토 지음 ;김윤수 옮김,다산북스,300번대,70.4,38.5,81.6,65.3,전국구 베스트셀러 작가(이즈미 마사토 지음)의 신작입니다. 출판 이력이 있는 출판사(다산북스)입니다.
부자의 그릇 :남을 위해 돈 쓰는 능력을 키우는 법 ,이즈미 마사토 지음 ;김윤수 옮김,다산북스,300번대,70.4,38.5,81.6,65.3,전국구 베스트셀러 작가(이즈미 마사토 지음)의 신작입니다. 출판 이력이 있는 출판사(다산북스)입니다.
선량한 차별주의자 ,김지혜 지음,창비,300번대,70.4,38.5,81.6,65.3,전국구 베스트셀러 작가(김지혜 지음)의 신작입니다. 출판 이력이 있는 출판사(창비)입니다.
"넥서스 :석기시대부터 AI까지, 정보 네트워크로 보는 인류 역사 ",지은이: 유발 하라리 ;옮긴이: 김명주,김영사,300번대,70.4,38.5,81.3,65.2,전국구 베스트셀러 작가(유발 하라리)의 신작입니다. 출판 이력이 있는 출판사(김영사)입니다.
트렌드 코리아 2026 :2026 대한민국 소비트렌드 전망 ,"지은이: 김난도,김나은",미래의창,300번대,70.4,38.5,81.1,65.1,전국구 베스트셀러 작가(김난도)의 신작입니다. 출판 이력이 있는 출판사(미래의창)입니다.
트렌드 코리아 2025 :2025 대한민국 소비트렌드 전망 ,"지은이: 김난도,전다현",미래의창,300번대,70.4,38.5,81.1,65.1,전국구 베스트셀러 작가(김난도)의 신작입니다. 출판 이력이 있는 출판사(미래의창)입니다.
(돈도 마음도 낭비 없이 나만의 행복을 버는) 저소비 생활 ,가제노타미 지음 ;정지영 옮김,RHK(알에이치코리아),300번대,70.4,38.5,81.0,65.1,전국구 베스트셀러 작가(가제노타미 지음)의 신작입니다. 출판 이력이 있는 출판사(RHK(알에이치코리아))입니다.
트렌드 코리아 2024 :청룡을 타고 비상하는 2024를 기원하며! ,"지은이: 김난도,전다현",미래의창,300번대,70.4,38.5,81.1,65.1,전국구 베스트셀러 작가(김난도)의 신작입니다. 출판 이력이 있는 출판사(미래의창)입니다.
(설민석의) 그리스 로마 신화 대모험,"글: 설민석,스튜디오 담",Dankkum i(단꿈아이),200번대,75.0,27.8,85.5,65.0,전국구 베스트셀러 작가(설민석)의 신작입니다. 대표 출판사(Dankkum i(단꿈아이))의 수매 신뢰도가 높습니다.
그릿 =흔들리지 않고 무엇이든 해내는 마음근력 /GRIT ,지은이: 김주환,인플루엔셜,300번대,70.4,38.5,80.9,65.0,전국구 베스트셀러 작가(김주환)의 신작입니다. 출판 이력이 있는 출판사(인플루엔셜)입니다.
(설민석의) 그리스 로마 신화 대모험,"글: 설민석,스튜디오 담",Dankkum i(단꿈아이),200번대,75.0,27.8,85.5,65.0,전국구 베스트셀러 작가(설민석)의 신작입니다. 대표 출판사(Dankkum i(단꿈아이))의 수매 신뢰도가 높습니다.
(설민석의) 그리스 로마 신화 대모험,"글: 설민석,스튜디오 담",Dankkum i(단꿈아이),200번대,75.0,27.8,85.5,65.0,전국구 베스트셀러 작가(설민석)의 신작입니다. 대표 출판사(Dankkum i(단꿈아이))의 수매 신뢰도가 높습니다.
(설민석의) 그리스 로마 신화 대모험,"글: 설민석,스튜디오 담",Dankkum i(단꿈아이),200번대,75.0,27.8,85.5,65.0,전국구 베스트셀러 작가(설민석)의 신작입니다. 대표 출판사(Dankkum i(단꿈아이))의 수매 신뢰도가 높습니다.
(설민석의) 그리스 로마 신화 대모험,"글: 설민석,스튜디오 담",Dankkum i(단꿈아이),200번대,75.0,27.8,85.5,65.0,전국구 베스트셀러 작가(설민석)의 신작입니다. 대표 출판사(Dankkum i(단꿈아이))의 수매 신뢰도가 높습니다.
(설민석의) 그리스 로마 신화 대모험,"글: 설민석,스튜디오 담",Dankkum i(단꿈아이),200번대,75.0,27.8,85.5,65.0,전국구 베스트셀러 작가(설민석)의 신작입니다. 대표 출판사(Dankkum i(단꿈아이))의 수매 신뢰도가 높습니다.
(라오어의) 미국주식 무한매수법 :레버리지가 아니면 평범한 인생을 바꿀 수 없다 ,라오어 지음,시공사,300번대,70.4,38.5,80.7,65.0,전국구 베스트셀러 작가(라오어 지음)의 신작입니다. 출판 이력이 있는 출판사(시공사)입니다.
그리스 로마 신화,"글: 김민희,정보 글: 강대진",아울북(북이십일 아울북),200번대,75.0,27.8,85.5,65.0,전국구 베스트셀러 작가(김민희)의 신작입니다. 대표 출판사(아울북(북이십일 아울북))의 수매 신뢰도가 높습니다.
(설민석의) 그리스 로마 신화 대모험,"글: 설민석,스튜디오 담",Dankkum i(단꿈아이),200번대,75.0,27.8,85.5,65.0,전국구 베스트셀러 작가(설민석)의 신작입니다. 대표 출판사(Dankkum i(단꿈아이))의 수매 신뢰도가 높습니다.
(설민석의) 그리스 로마 신화 대모험,"글: 설민석,스튜디오 담",Dankkum i(단꿈아이),200번대,75.0,27.8,85.5,65.0,전국구 베스트셀러 작가(설민석)의 신작입니다. 대표 출판사(Dankkum i(단꿈아이))의 수매 신뢰도가 높습니다.
그리스 로마 신화,"글: 김민희,정보 글: 강대진",아울북(북이십일 아울북),200번대,75.0,27.8,85.5,65.0,전국구 베스트셀러 작가(김민희)의 신작입니다. 대표 출판사(아울북(북이십일 아울북))의 수매 신뢰도가 높습니다.
그리스 로마 신화,"글: 김민희,정보 글: 강대진",아울북(북이십일 아울북),200번대,75.0,27.8,85.5,65.0,전국구 베스트셀러 작가(김민희)의 신작입니다. 대표 출판사(아울북(북이십일 아울북))의 수매 신뢰도가 높습니다.
그리스 로마 신화,"글: 김민희,정보 글: 강대진",아울북(북이십일 아울북),200번대,75.0,27.8,85.5,65.0,전국구 베스트셀러 작가(김민희)의 신작입니다. 대표 출판사(아울북(북이십일 아울북))의 수매 신뢰도가 높습니다.
그리스 로마 신화,"글: 김민희,정보 글: 강대진",아울북(북이십일 아울북),200번대,75.0,27.8,85.5,65.0,전국구 베스트셀러 작가(김민희)의 신작입니다. 대표 출판사(아울북(북이십일 아울북))의 수매 신뢰도가 높습니다.
그리스 로마 신화,"글: 김민희,정보 글: 강대진",아울북(북이십일 아울북),200번대,75.0,27.8,85.5,65.0,전국구 베스트셀러 작가(김민희)의 신작입니다. 대표 출판사(아울북(북이십일 아울북))의 수매 신뢰도가 높습니다.
그리스 로마 신화,"글: 김민희,정보 글: 강대진",아울북(북이십일 아울북),200번대,75.0,27.8,85.5,65.0,전국구 베스트셀러 작가(김민희)의 신작입니다. 대표 출판사(아울북(북이십일 아울북))의 수매 신뢰도가 높습니다.
그리스 로마 신화,"글: 김민희,정보 글: 강대진",아울북(북이십일 아울북),200번대,75.0,27.8,85.5,65.0,전국구 베스트셀러 작가(김민희)의 신작입니다. 대표 출판사(아울북(북이십일 아울북))의 수매 신뢰도가 높습니다.
그리스 로마 신화,"글: 김민희,정보 글: 강대진",아울북(북이십일 아울북),200번대,75.0,27.8,85.5,65.0,전국구 베스트셀러 작가(김민희)의 신작입니다. 대표 출판사(아울북(북이십일 아울북))의 수매 신뢰도가 높습니다.
그리스 로마 신화,"글: 김민희,정보 글: 강대진",아울북(북이십일 아울북),200번대,75.0,27.8,85.5,65.0,전국구 베스트셀러 작가(김민희)의 신작입니다. 대표 출판사(아울북(북이십일 아울북))의 수매 신뢰도가 높습니다.
그리스 로마 신화,"글: 김민희,정보 글: 강대진",아울북(북이십일 아울북),200번대,75.0,27.8,85.5,65.0,전국구 베스트셀러 작가(김민희)의 신작입니다. 대표 출판사(아울북(북이십일 아울북))의 수매 신뢰도가 높습니다.
그리스 로마 신화,"글: 김민희,정보 글: 강대진",아울북(북이십일 아울북),200번대,75.0,27.8,85.5,65.0,전국구 베스트셀러 작가(김민희)의 신작입니다. 대표 출판사(아울북(북이십일 아울북))의 수매 신뢰도가 높습니다.
그리스 로마 신화,"글: 김민희,정보 글: 강대진",아울북(북이십일 아울북),200번대,75.0,27.8,85.5,65.0,전국구 베스트셀러 작가(김민희)의 신작입니다. 대표 출판사(아울북(북이십일 아울북))의 수매 신뢰도가 높습니다.
그리스 로마 신화,"글: 김민희,정보 글: 강대진",아울북(북이십일 아울북),200번대,75.0,27.8,85.5,65.0,전국구 베스트셀러 작가(김민희)의 신작입니다. 대표 출판사(아울북(북이십일 아울북))의 수매 신뢰도가 높습니다.
(설민석의) 그리스 로마 신화 대모험,"글: 설민석,스튜디오 담",Dankkum i(단꿈아이),200번대,75.0,27.8,85.5,65.0,전국구 베스트셀러 작가(설민석)의 신작입니다. 대표 출판사(Dankkum i(단꿈아이))의 수매 신뢰도가 높습니다.
그리스 로마 신화,"글: 김민희,정보 글: 강대진",아울북(북이십일 아울북),200번대,75.0,27.8,85.5,65.0,전국구 베스트셀러 작가(김민희)의 신작입니다. 대표 출판사(아울북(북이십일 아울북))의 수매 신뢰도가 높습니다.
그리스 로마 신화,"글: 김민희,정보 글: 강대진",아울북(북이십일 아울북),200번대,75.0,27.8,85.5,65.0,전국구 베스트셀러 작가(김민희)의 신작입니다. 대표 출판사(아울북(북이십일 아울북))의 수매 신뢰도가 높습니다.
(설민석의) 그리스 로마 신화 대모험,"글: 설민석,스튜디오 담",Dankkum i(단꿈아이),200번대,75.0,27.8,85.5,65.0,전국구 베스트셀러 작가(설민석)의 신작입니다. 대표 출판사(Dankkum i(단꿈아이))의 수매 신뢰도가 높습니다.
그리스 로마 신화,"글: 김민희,정보 글: 강대진",아울북(북이십일 아울북),200번대,75.0,27.8,85.5,65.0,전국구 베스트셀러 작가(김민희)의 신작입니다. 대표 출판사(아울북(북이십일 아울북))의 수매 신뢰도가 높습니다.
그리스 로마 신화,"글: 김민희,정보 글: 강대진",아울북(북이십일 아울북),200번대,75.0,27.8,85.5,65.0,전국구 베스트셀러 작가(김민희)의 신작입니다. 대표 출판사(아울북(북이십일 아울북))의 수매 신뢰도가 높습니다.
그리스 로마 신화,"글: 김민희,정보 글: 강대진",아울북(북이십일 아울북),200번대,75.0,27.8,85.5,65.0,전국구 베스트셀러 작가(김민희)의 신작입니다. 대표 출판사(아울북(북이십일 아울북))의 수매 신뢰도가 높습니다.
그리스 로마 신화,"글: 김민희,정보 글: 강대진",아울북(북이십일 아울북),200번대,75.0,27.8,85.5,65.0,전국구 베스트셀러 작가(김민희)의 신작입니다. 대표 출판사(아울북(북이십일 아울북))의 수매 신뢰도가 높습니다.
그리스 로마 신화,"글: 김민희,정보 글: 강대진",아울북(북이십일 아울북),200번대,75.0,27.8,85.5,65.0,전국구 베스트셀러 작가(김민희)의 신작입니다. 대표 출판사(아울북(북이십일 아울북))의 수매 신뢰도가 높습니다.
그리스 로마 신화,"글: 김민희,정보 글: 강대진",아울북(북이십일 아울북),200번대,75.0,27.8,85.5,65.0,전국구 베스트셀러 작가(김민희)의 신작입니다. 대표 출판사(아울북(북이십일 아울북))의 수매 신뢰도가 높습니다.
그리스 로마 신화,"글: 김민희,정보 글: 강대진",아울북(북이십일 아울북),200번대,75.0,27.8,85.5,65.0,전국구 베스트셀러 작가(김민희)의 신작입니다. 대표 출판사(아울북(북이십일 아울북))의 수매 신뢰도가 높습니다.
(설민석의) 그리스 로마 신화 대모험,"글: 설민석,스튜디오 담",Dankkum i(단꿈아이),200번대,75.0,27.8,85.5,65.0,전국구 베스트셀러 작가(설민석)의 신작입니다. 대표 출판사(Dankkum i(단꿈아이))의 수매 신뢰도가 높습니다.
그리스 로마 신화,"글: 김민희,정보 글: 강대진",아울북(북이십일 아울북),200번대,75.0,27.8,85.5,65.0,전국구 베스트셀러 작가(김민희)의 신작입니다. 대표 출판사(아울북(북이십일 아울북))의 수매 신뢰도가 높습니다.
그리스 로마 신화,"글: 김민희,정보 글: 강대진",아울북(북이십일 아울북),200번대,75.0,27.8,85.5,65.0,전국구 베스트셀러 작가(김민희)의 신작입니다. 대표 출판사(아울북(북이십일 아울북))의 수매 신뢰도가 높습니다.
그리스 로마 신화,"글: 김민희,정보 글: 강대진",아울북(북이십일 아울북),200번대,75.0,27.8,85.5,65.0,전국구 베스트셀러 작가(김민희)의 신작입니다. 대표 출판사(아울북(북이십일 아울북))의 수매 신뢰도가 높습니다.
그리스 로마 신화,"글: 김민희,정보 글: 강대진",아울북(북이십일 아울북),200번대,75.0,27.8,85.5,65.0,전국구 베스트셀러 작가(김민희)의 신작입니다. 대표 출판사(아울북(북이십일 아울북))의 수매 신뢰도가 높습니다.
그리스 로마 신화,"글: 김민희,정보 글: 강대진",아울북(북이십일 아울북),200번대,75.0,27.8,85.5,65.0,전국구 베스트셀러 작가(김민희)의 신작입니다. 대표 출판사(아울북(북이십일 아울북))의 수매 신뢰도가 높습니다.
그리스 로마 신화,"글: 김민희,정보 글: 강대진",아울북(북이십일 아울북),200번대,75.0,27.8,85.5,65.0,전국구 베스트셀러 작가(김민희)의 신작입니다. 대표 출판사(아울북(북이십일 아울북))의 수매 신뢰도가 높습니다.
그리스 로마 신화,"글: 김민희,정보 글: 강대진",아울북(북이십일 아울북),200번대,75.0,27.8,85.5,65.0,전국구 베스트셀러 작가(김민희)의 신작입니다. 대표 출판사(아울북(북이십일 아울북))의 수매 신뢰도가 높습니다.
그리스 로마 신화,"글: 김민희,정보 글: 강대진",아울북(북이십일 아울북),200번대,75.0,27.8,85.5,65.0,전국구 베스트셀러 작가(김민희)의 신작입니다. 대표 출판사(아울북(북이십일 아울북))의 수매 신뢰도가 높습니다.
그리스 로마 신화,"글: 김민희,정보 글: 강대진",아울북(북이십일 아울북),200번대,75.0,27.8,85.5,65.0,전국구 베스트셀러 작가(김민희)의 신작입니다. 대표 출판사(아울북(북이십일 아울북))의 수매 신뢰도가 높습니다.
그리스 로마 신화,"글: 김민희,정보 글: 강대진",아울북(북이십일 아울북),200번대,75.0,27.8,85.5,65.0,전국구 베스트셀러 작가(김민희)의 신작입니다. 대표 출판사(아울북(북이십일 아울북))의 수매 신뢰도가 높습니다.
그리스 로마 신화,"글: 김민희,정보 글: 강대진",아울북(북이십일 아울북),200번대,75.0,27.8,85.5,65.0,전국구 베스트셀러 작가(김민희)의 신작입니다. 대표 출판사(아울북(북이십일 아울북))의 수매 신뢰도가 높습니다.
그리스 로마 신화,"글: 김민희,정보 글: 강대진",아울북(북이십일 아울북),200번대,75.0,27.8,85.5,65.0,전국구 베스트셀러 작가(김민희)의 신작입니다. 대표 출판사(아울북(북이십일 아울북))의 수매 신뢰도가 높습니다.
그리스 로마 신화,"글: 김민희,정보 글: 강대진",아울북(북이십일 아울북),200번대,75.0,27.8,85.5,65.0,전국구 베스트셀러 작가(김민희)의 신작입니다. 대표 출판사(아울북(북이십일 아울북))의 수매 신뢰도가 높습니다.
(설민석의) 그리스 로마 신화 대모험,"글: 설민석,스튜디오 담",Dankkum i(단꿈아이),200번대,75.0,27.8,85.5,65.0,전국구 베스트셀러 작가(설민석)의 신작입니다. 대표 출판사(Dankkum i(단꿈아이))의 수매 신뢰도가 높습니다.
그리스 로마 신화,"글: 김민희,정보 글: 강대진",아울북(북이십일 아울북),200번대,75.0,27.8,85.5,65.0,전국구 베스트셀러 작가(김민희)의 신작입니다. 대표 출판사(아울북(북이십일 아울북))의 수매 신뢰도가 높습니다.
(게으르게 투자하고 확실하게 수익 내는) 나의 첫 ETF 포트폴리오 ,송민섭 지음,Tornado(토네이도미디어그룹),300번대,70.4,38.5,80.7,65.0,전국구 베스트셀러 작가(송민섭 지음)의 신작입니다. 대표 출판사(Tornado(토네이도미디어그룹))의 수매 신뢰도가 높습니다.
그리스 로마 신화,"글: 김민희,정보 글: 강대진",아울북(북이십일 아울북),200번대,75.0,27.8,85.5,65.0,전국구 베스트셀러 작가(김민희)의 신작입니다. 대표 출판사(아울북(북이십일 아울북))의 수매 신뢰도가 높습니다.
(설민석의) 그리스 로마 신화 대모험,"글: 설민석,스튜디오 담",Dankkum i(단꿈아이),200번대,75.0,27.8,85.5,65.0,전국구 베스트셀러 작가(설민석)의 신작입니다. 대표 출판사(Dankkum i(단꿈아이))의 수매 신뢰도가 높습니다.
그리스 로마 신화,"글: 김민희,정보 글: 강대진",아울북(북이십일 아울북),200번대,75.0,27.8,85.5,65.0,전국구 베스트셀러 작가(김민희)의 신작입니다. 대표 출판사(아울북(북이십일 아울북))의 수매 신뢰도가 높습니다.
그리스 로마 신화,"글: 김민희,정보 글: 강대진",아울북(북이십일 아울북),200번대,75.0,27.8,85.5,65.0,전국구 베스트셀러 작가(김민희)의 신작입니다. 대표 출판사(아울북(북이십일 아울북))의 수매 신뢰도가 높습니다.
(읽으면서 바로 써먹는) 어린이 명심보감 ,글·그림: 한날,파란정원,100번대,62.5,32.6,90.9,64.9,전국구 베스트셀러 작가(글·한날)의 신작입니다. 대표 출판사(파란정원)의 수매 신뢰도가 높습니다.
(읽으면서 바로 써먹는) 어린이 감정 표현 ,글·그림: 한날,파란정원,100번대,62.5,32.6,90.9,64.9,전국구 베스트셀러 작가(글·한날)의 신작입니다. 대표 출판사(파란정원)의 수매 신뢰도가 높습니다.
행동은 불안을 이긴다 :의지박약과 만성적 미루기에서 벗어나는 아주 작은 행동 설계 ,롭 다이얼 지음 ;박영준 옮김,서삼독,300번대,70.4,38.5,80.5,64.9,전국구 베스트셀러 작가(롭 다이얼 지음)의 신작입니다. 대표 출판사(서삼독)의 수매 신뢰도가 높습니다.
(완벽한 자유와 부를 만드는) 인생투자 ,우석 지음,Openmind(오픈마인드),300번대,70.4,38.5,80.3,64.8,대출 실적이 있는 저자(우석 지음)입니다. 대표 출판사(Openmind(오픈마인드))의 수매 신뢰도가 높습니다.
생각의 연금술 =생각이 인생의 예언이 되는 순간 /Changing fate ,지은이: 제임스 알렌 ;함희영,콘텐츠그룹 포레스트,300번대,70.4,38.5,80.4,64.8,전국구 베스트셀러 작가(제임스 알렌)의 신작입니다. 출판 이력이 있는 출판사(콘텐츠그룹 포레스트)입니다.
머니 트렌드 2025 =새로운 부의 기회를 선점할 55가지 성공 시나리오 /Money trend ,"지은이: 정태익,최재붕",책읽어주는남자,300번대,70.4,38.5,79.9,64.6,전국구 베스트셀러 작가(정태익)의 신작입니다. 출판 이력이 있는 출판사(책읽어주는남자)입니다.
슈퍼노멀 :폭발적인 성과를 만드는 평범한 사람들 ,주언규 지음,웅진씽크빅,300번대,70.4,38.5,79.8,64.6,전국구 베스트셀러 작가(주언규 지음)의 신작입니다. 출판 이력이 있는 출판사(웅진씽크빅)입니다.
나는 배당투자로 매일 스타벅스 커피를 공짜로 마신다 :평생 월 500만 원씩 버는 30일 기적의 배당 파이브라인 공략집 ,송민섭 지음,21세기북스(북이십일 21세기북스),300번대,70.4,38.5,79.8,64.6,전국구 베스트셀러 작가(송민섭 지음)의 신작입니다. 출판 이력이 있는 출판사(21세기북스(북이십일 21세기북스))입니다.
아비투스 :인간의 품격을 결정하는 7가지 자본 ,도리스 메르틴 지음 ;배명자 옮김,다산북스,300번대,70.4,38.5,79.8,64.6,전국구 베스트셀러 작가(도리스 메르틴 지음)의 신작입니다. 출판 이력이 있는 출판사(다산북스)입니다.
나는 미국 월배당 ETF로 40대에 은퇴한다 :7천만 원으로 월 2백만 원 받는 연 30% 이상 초고배당의 비밀! ,최영민 지음,지음미디어,300번대,70.4,38.5,79.9,64.6,대출 실적이 있는 저자(최영민 지음)입니다. 출판 이력이 있는 출판사(지음미디어)입니다.
살아갈 날들을 위한 괴테의 시 ,지은이: 김종원 ;일러스트: 황예나,퍼스트펭귄,300번대,70.4,38.5,79.7,64.5,대출 실적이 있는 저자(김종원)입니다. 출판 이력이 있는 출판사(퍼스트펭귄)입니다.
"가난한 찰리의 연감 :버크셔 해서웨이의 전설, 찰리 멍거의 모든 것 ",찰리 멍거 지음 ;김태훈 옮김,김영사,300번대,70.4,38.5,79.7,64.5,대출 실적이 있는 저자(찰리 멍거 지음)입니다. 출판 이력이 있는 출판사(김영사)입니다.
(성적을 부탁해) 티처스 ,"지은이: 정승제,<성적을 부탁해 티처스> 제작팀",다산북스,300번대,70.4,38.5,79.2,64.4,대출 실적이 있는 저자(정승제)입니다. 출판 이력이 있는 출판사(다산북스)입니다.
강인함의 힘 :회복탄력성을 능가하는 강인함의 비밀 ,스티브 매그니스 지음 ;이주만 옮김,상상스퀘어,300번대,70.4,38.5,79.3,64.4,대출 실적이 있는 저자(스티브 매그니스 지음)입니다. 대표 출판사(상상스퀘어)의 수매 신뢰도가 높습니다.
(보도 섀퍼의) 이기는 습관 :불가능을 뛰어넘어 최후의 승자가 된 사람들 ,보도 섀퍼 지음 ;박성원 옮김,토네이도미디어그룹,300번대,70.4,38.5,79.4,64.4,대출 실적이 있는 저자(보도 섀퍼 지음)입니다. 출판 이력이 있는 출판사(토네이도미디어그룹)입니다.
비트코인 슈퍼 사이클 :인생에 다신 없을 혁명적 부의 기회 ,처리형 지음,거인의 정원,300번대,70.4,38.5,79.4,64.4,대출 실적이 있는 저자(처리형 지음)입니다. 출판 이력이 있는 출판사(거인의 정원)입니다.
(읽으면서 바로 써먹는) 어린이 사자성어 ,글·그림: 한날,파란정원,700번대,63.3,30.3,90.5,64.3,전국구 베스트셀러 작가(글·한날)의 신작입니다. 대표 출판사(파란정원)의 수매 신뢰도가 높습니다.
다정한 것이 살아남는다 ,"지은이: 브라이언 헤어,옮긴이: 이민아",디플롯,100번대,62.5,32.6,89.5,64.3,전국구 베스트셀러 작가(브라이언 헤어)의 신작입니다. 대표 출판사(디플롯)의 수매 신뢰도가 높습니다.
(읽으면서 바로 써먹는) 어린이 맞춤법 행성 ,글·그림: 한날,파란정원,700번대,63.3,30.3,90.5,64.3,전국구 베스트셀러 작가(글·한날)의 신작입니다. 대표 출판사(파란정원)의 수매 신뢰도가 높습니다.
(읽으면서 바로 써먹는) 어린이 관용구 ,글·그림: 한날,파란정원,700번대,63.3,30.3,90.5,64.3,전국구 베스트셀러 작가(글·한날)의 신작입니다. 대표 출판사(파란정원)의 수매 신뢰도가 높습니다.
(읽으면서 바로 써먹는) 어린이 신체 관용구 ,글·그림: 한날,파란정원,700번대,63.3,30.3,90.5,64.3,전국구 베스트셀러 작가(글·한날)의 신작입니다. 대표 출판사(파란정원)의 수매 신뢰도가 높습니다.
(읽으면서 바로 써먹는) 어린이 초등 교과 어휘 ,글·그림: 한날,파란정원,700번대,63.3,30.3,90.5,64.3,전국구 베스트셀러 작가(글·한날)의 신작입니다. 대표 출판사(파란정원)의 수매 신뢰도가 높습니다.
웰씽킹 =부를 창조하는 생각의 뿌리 /Wealthinking ,켈리 최 지음,다산북스,300번대,70.4,38.5,79.1,64.3,전국구 베스트셀러 작가(켈리 최 지음)의 신작입니다. 출판 이력이 있는 출판사(다산북스)입니다.
(읽으면서 바로 써먹는) 어린이 맞춤법 ,글·그림: 한날,파란정원,700번대,63.3,30.3,90.5,64.3,전국구 베스트셀러 작가(글·한날)의 신작입니다. 대표 출판사(파란정원)의 수매 신뢰도가 높습니다.
(오은영의) 화해 :상처받은 내면의 나와 마주하는 용기 ,오은영 지음,대성,100번대,62.5,32.6,89.4,64.3,전국구 베스트셀러 작가(오은영 지음)의 신작입니다. 대표 출판사(대성)의 수매 신뢰도가 높습니다.
100일 아침 습관의 기적 :최고의 나를 만나는 하루 20분의 약속 ,켈리 최 지음,다산북스,300번대,70.4,38.5,79.1,64.3,전국구 베스트셀러 작가(켈리 최 지음)의 신작입니다. 출판 이력이 있는 출판사(다산북스)입니다.
소득혁명 :당신의 자산이 스스로 일하게 하라 ,지은이: 브라이언 페이지 ;옮긴이: 김정혜,서삼독,300번대,70.4,38.5,79.1,64.3,대출 실적이 있는 저자(브라이언 페이지)입니다. 대표 출판사(서삼독)의 수매 신뢰도가 높습니다.
존리의 부자되기 습관 :대한민국 경제독립 액션 플랜 ,존리 지음,지식노마드,300번대,70.4,38.5,79.1,64.3,전국구 베스트셀러 작가(존리 지음)의 신작입니다. 출판 이력이 있는 출판사(지식노마드)입니다.
대한민국 돈의 역사 :돈을 벌기 위해서는 역사에서 교훈을 얻어야 한다 ,홍춘욱 지음,상상스퀘어,300번대,70.4,38.5,79.0,64.3,대출 실적이 있는 저자(홍춘욱 지음)입니다. 대표 출판사(상상스퀘어)의 수매 신뢰도가 높습니다.
(읽으면서 바로 써먹는) 어린이 고사성어 ,글·그림: 한날,파란정원,700번대,63.3,30.3,90.5,64.3,전국구 베스트셀러 작가(글·한날)의 신작입니다. 대표 출판사(파란정원)의 수매 신뢰도가 높습니다.
공부가 설렘이 되는 순간 :우리가 놓치고 있었던 공부의 진짜 의미 ,조승우 지음,콘텐츠그룹 포레스트,300번대,70.4,38.5,79.1,64.3,대출 실적이 있는 저자(조승우 지음)입니다. 출판 이력이 있는 출판사(콘텐츠그룹 포레스트)입니다.
ETF 투자의 모든 것 :배당수익과 주가수익 다 잡는 제2의 소득 파이프라인 ,문일호 지음,매경출판,300번대,70.4,38.5,78.8,64.2,대출 실적이 있는 저자(문일호 지음)입니다. 출판 이력이 있는 출판사(매경출판)입니다.
사교육 없이 명문대 가는 집공부 전략 :입시 고수맘 노을커피의 압도적 초중등 학습 로드맵 ,신은정 지음,북라이프,300번대,70.4,38.5,78.8,64.2,대출 실적이 있는 저자(신은정 지음)입니다. 출판 이력이 있는 출판사(북라이프)입니다.
인생의 의미 :삶의 마지막 여정에서 찾은 가슴 벅찬 7가지 깨달음 ,토마스 힐란드 에릭센 지음 ;이영래 옮김,길벗,300번대,70.4,38.5,78.9,64.2,대출 실적이 있는 저자(토마스 힐란드 에릭센 지음)입니다. 출판 이력이 있는 출판사(길벗)입니다.
아홉 살 마음 사전 ,박성우 글 ;김효은 그림,창비,100번대,62.5,32.6,89.2,64.2,전국구 베스트셀러 작가(박성우 김효은 그림)의 신작입니다. 대표 출판사(창비)의 수매 신뢰도가 높습니다.
"딸아, 돈 공부 절대 미루지 마라 :돈과 인생에 대한 가장 현실적인 조언 50 ",박소연 지음,메이븐,300번대,70.4,38.5,78.8,64.2,대출 실적이 있는 저자(박소연 지음)입니다. 출판 이력이 있는 출판사(메이븐)입니다.
장하준의 경제학 레시피 :마늘에서 초콜릿까지 18가지 재료로 요리한 경제 이야기 ,장하준 지음 ;김희정 옮김,부키,300번대,70.4,38.5,78.9,64.2,전국구 베스트셀러 작가(장하준 지음)의 신작입니다. 출판 이력이 있는 출판사(부키)입니다.
데일 카네기 인간관계론 ,데일 카네기 지음 ;임상훈 옮김,현대지성,300번대,70.4,38.5,78.5,64.1,전국구 베스트셀러 작가(데일 카네기 지음)의 신작입니다. 출판 이력이 있는 출판사(현대지성)입니다.
손실 없는 투자원칙 =대한민국 최상위 슈퍼개미의 저점매수 고점매도 /A profitable stock investment ,남석관 지음,모루(모루북스),300번대,70.4,38.5,78.6,64.1,대출 실적이 있는 저자(남석관 지음)입니다. 출판 이력이 있는 출판사(모루(모루북스))입니다.
최재천의 공부 :어떻게 배우며 살 것인가 ,"지은이: 최재천,안희경",김영사,300번대,70.4,38.5,78.6,64.1,대출 실적이 있는 저자(최재천)입니다. 출판 이력이 있는 출판사(김영사)입니다.
SKY 로드맵 :대한민국 대표 공부 멘토 이병훈의 최상위 솔루션 ,이병훈 지음,쌤앤파커스,300번대,70.4,38.5,78.7,64.1,대출 실적이 있는 저자(이병훈 지음)입니다. 출판 이력이 있는 출판사(쌤앤파커스)입니다.
행동하지 않으면 인생은 바뀌지 않는다 :위대한 변화를 이끌어내는 아주 작은 실행의 힘 ,브라이언 트레이시 지음 ;정지현 옮김,현대지성,300번대,70.4,38.5,78.3,64.0,대출 실적이 있는 저자(브라이언 트레이시 지음)입니다. 출판 이력이 있는 출판사(현대지성)입니다.
이어령의 마지막 수업 ,김지수 지음,열림원,100번대,62.5,32.6,88.7,64.0,전국구 베스트셀러 작가(김지수 지음)의 신작입니다. 대표 출판사(열림원)의 수매 신뢰도가 높습니다.
흔한남매 불꽃 튀는 우리말 :초등 국어 고수 되기 프로젝트,원작: 흔한남매 ;그림: 유희석,다산북스,700번대,63.3,30.3,89.5,63.9,전국구 베스트셀러 작가(흔한남매)의 신작입니다. 출판 이력이 있는 출판사(다산북스)입니다.
마흔에 읽는 쇼펜하우어 :마음의 위기를 다스리는 철학 수업 ,강용수 지음,유노콘텐츠그룹,100번대,62.5,32.6,88.4,63.9,전국구 베스트셀러 작가(강용수 지음)의 신작입니다. 출판 이력이 있는 출판사(유노콘텐츠그룹)입니다.
흔한남매 불꽃 튀는 우리말 :초등 국어 고수 되기 프로젝트,원작: 흔한남매 ;그림: 유희석,다산북스,700번대,63.3,30.3,89.5,63.9,전국구 베스트셀러 작가(흔한남매)의 신작입니다. 출판 이력이 있는 출판사(다산북스)입니다.
흔한남매 불꽃 튀는 우리말 :초등 국어 고수 되기 프로젝트,원작: 흔한남매 ;그림: 유희석,다산북스,700번대,63.3,30.3,89.5,63.9,전국구 베스트셀러 작가(흔한남매)의 신작입니다. 출판 이력이 있는 출판사(다산북스)입니다.
손실은 짧게 수익은 길게 :자기만의 손익비를 찾아라! ,깡토 지음,이레미디어,300번대,70.4,38.5,78.1,63.9,대출 실적이 있는 저자(깡토 지음)입니다. 출판 이력이 있는 출판사(이레미디어)입니다.
어떻게 극단적 소수가 다수를 지배하는가 :우리의 민주주의가 한계에 도달한 이유 ,"스티븐 레비츠키,박세연 옮김",어크로스(어크로스출판그룹),300번대,70.4,38.5,77.7,63.8,대출 실적이 있는 저자(스티븐 레비츠키)입니다. 출판 이력이 있는 출판사(어크로스(어크로스출판그룹))입니다.
내가 틀릴 수도 있습니다 =숲속의 현자가 전하는 마지막 인생수업 /I may be wrong ,비욘 나티코 린데블라드 지음 ;박미경 옮김,다산북스,200번대,75.0,27.8,82.3,63.8,전국구 베스트셀러 작가(비욘 나티코 린데블라드 지음)의 신작입니다. 출판 이력이 있는 출판사(다산북스)입니다.
머니 트렌드 2024 =57가지 키워드로 전망하는 대한민국 돈의 흐름 /Money trend ,"지은이: 김도윤,홍춘욱",북로망스,300번대,70.4,38.5,77.9,63.8,대출 실적이 있는 저자(김도윤)입니다. 출판 이력이 있는 출판사(북로망스)입니다.
더 마인드 =무의식이 이끄는 부의 해답 /The mind ,하와이 대저택 지음,웅진씽크빅,300번대,70.4,38.5,77.8,63.8,대출 실적이 있는 저자(하와이 대저택 지음)입니다. 출판 이력이 있는 출판사(웅진씽크빅)입니다.
지구 끝의 온실 :김초엽 장편소설 ,지은이: 김초엽,Giant Books(자이언트북스),800번대,33.5,49.5,97.1,63.7,전국구 베스트셀러 작가(김초엽)의 신작입니다. 대표 출판사(Giant Books(자이언트북스))의 수매 신뢰도가 높습니다.
달러 투자 무작정 따라하기 ,박성현 지음,길벗,300번대,70.4,38.5,77.6,63.7,대출 실적이 있는 저자(박성현 지음)입니다. 출판 이력이 있는 출판사(길벗)입니다.
마침내 특이점이 시작된다 :인류가 AI와 결합하는 순간 ,레이 커즈와일 지음 ;이충호 옮김,비즈니스북스,300번대,70.4,38.5,77.6,63.7,대출 실적이 있는 저자(레이 커즈와일 지음)입니다. 출판 이력이 있는 출판사(비즈니스북스)입니다.
고전이 답했다 :마땅히 살아야 할 삶에 대하여 ,고명환 지음,라곰,100번대,62.5,32.6,87.8,63.6,전국구 베스트셀러 작가(고명환 지음)의 신작입니다. 대표 출판사(라곰)의 수매 신뢰도가 높습니다.
나는 AI와 공부한다 :우리가 알고 있는 교육의 종말 ,살만 칸 지음 ;박세연 옮김,RHK(알에이치코리아),300번대,70.4,38.5,77.3,63.6,대출 실적이 있는 저자(살만 칸 지음)입니다. 출판 이력이 있는 출판사(RHK(알에이치코리아))입니다.
사는 동안 한 번은 팔아봐라 :평범한 직장인이 '잘 파는 뇌'로 경제적 자유를 이룬 비밀 ,서 과장 지음,바이포엠 스튜디오,300번대,70.4,38.5,77.4,63.6,대출 실적이 있는 저자(서 과장 지음)입니다. 출판 이력이 있는 출판사(바이포엠 스튜디오)입니다.
내면소통 =삶의 변화를 가져오는 마음근력 훈련/Inner communication,김주환 지음,인플루엔셜,100번대,62.5,32.6,87.6,63.6,전국구 베스트셀러 작가(김주환 지음)의 신작입니다. 출판 이력이 있는 출판사(인플루엔셜)입니다.
(2500년 동안 사랑받은) 초역 부처의 말 :행복으로 가는 길은 없다 행복이 곧 길이다 ,코이케 류노스케 지음 ;박재현 옮김,콘텐츠그룹 포레스트,200번대,75.0,27.8,81.9,63.6,대출 실적이 있는 저자(코이케 류노스케 지음)입니다. 대표 출판사(콘텐츠그룹 포레스트)의 수매 신뢰도가 높습니다.
달러구트 꿈 백화점 :주문하신 꿈은 매진입니다 ,지은이: 이미예,팩토리나인,800번대,33.5,49.5,96.6,63.5,전국구 베스트셀러 작가(이미예)의 신작입니다. 대표 출판사(팩토리나인)의 수매 신뢰도가 높습니다.
달러구트 꿈 백화점 :이미예 장편소설,지은이: 이미예,팩토리나인,800번대,33.5,49.5,96.6,63.5,전국구 베스트셀러 작가(이미예)의 신작입니다. 대표 출판사(팩토리나인)의 수매 신뢰도가 높습니다.
설민석의 한국사 대모험,"글: 설민석,그림: 정현희",휴먼큐브,900번대,55.4,32.9,92.3,63.4,전국구 베스트셀러 작가(설민석)의 신작입니다. 대표 출판사(휴먼큐브)의 수매 신뢰도가 높습니다.
설민석의 한국사 대모험,"글: 설민석,그림: 정현희",휴먼큐브,900번대,55.4,32.9,92.3,63.4,전국구 베스트셀러 작가(설민석)의 신작입니다. 대표 출판사(휴먼큐브)의 수매 신뢰도가 높습니다.
설민석의 한국사 대모험,"글: 설민석,그림: 정현희",휴먼큐브,900번대,55.4,32.9,92.3,63.4,전국구 베스트셀러 작가(설민석)의 신작입니다. 대표 출판사(휴먼큐브)의 수매 신뢰도가 높습니다.
설민석의 한국사 대모험,"글: 설민석,그림: 정현희",휴먼큐브,900번대,55.4,32.9,92.3,63.4,전국구 베스트셀러 작가(설민석)의 신작입니다. 대표 출판사(휴먼큐브)의 수매 신뢰도가 높습니다.
부자들의 서재 :전 세계 상위 1% 부자들의 인사이트 30 ,리치파카 지음,오아시스,300번대,70.4,38.5,76.9,63.4,대출 실적이 있는 저자(리치파카 지음)입니다. 출판 이력이 있는 출판사(오아시스)입니다.
설민석의 한국사 대모험,"글: 설민석,그림: 정현희",휴먼큐브,900번대,55.4,32.9,92.3,63.4,전국구 베스트셀러 작가(설민석)의 신작입니다. 대표 출판사(휴먼큐브)의 수매 신뢰도가 높습니다.
설민석의 한국사 대모험,"글: 설민석,그림: 정현희",휴먼큐브,900번대,55.4,32.9,92.3,63.4,전국구 베스트셀러 작가(설민석)의 신작입니다. 대표 출판사(휴먼큐브)의 수매 신뢰도가 높습니다.
설민석의 한국사 대모험,"글: 설민석,그림: 정현희",휴먼큐브,900번대,55.4,32.9,92.3,63.4,전국구 베스트셀러 작가(설민석)의 신작입니다. 대표 출판사(휴먼큐브)의 수매 신뢰도가 높습니다.
설민석의 한국사 대모험,"글: 설민석,그림: 정현희",휴먼큐브,900번대,55.4,32.9,92.3,63.4,전국구 베스트셀러 작가(설민석)의 신작입니다. 대표 출판사(휴먼큐브)의 수매 신뢰도가 높습니다.
설민석의 한국사 대모험,"글: 설민석,그림: 정현희",휴먼큐브,900번대,55.4,32.9,92.3,63.4,전국구 베스트셀러 작가(설민석)의 신작입니다. 대표 출판사(휴먼큐브)의 수매 신뢰도가 높습니다.
설민석의 한국사 대모험,"글: 설민석,그림: 정현희",휴먼큐브,900번대,55.4,32.9,92.3,63.4,전국구 베스트셀러 작가(설민석)의 신작입니다. 대표 출판사(휴먼큐브)의 수매 신뢰도가 높습니다.
설민석의 한국사 대모험,"글: 설민석,그림: 정현희",휴먼큐브,900번대,55.4,32.9,92.3,63.4,전국구 베스트셀러 작가(설민석)의 신작입니다. 대표 출판사(휴먼큐브)의 수매 신뢰도가 높습니다.
설민석의 한국사 대모험,"글: 설민석,그림: 정현희",휴먼큐브,900번대,55.4,32.9,92.3,63.4,전국구 베스트셀러 작가(설민석)의 신작입니다. 대표 출판사(휴먼큐브)의 수매 신뢰도가 높습니다.
설민석의 한국사 대모험,"글: 설민석,그림: 정현희",휴먼큐브,900번대,55.4,32.9,92.3,63.4,전국구 베스트셀러 작가(설민석)의 신작입니다. 대표 출판사(휴먼큐브)의 수매 신뢰도가 높습니다.
설민석의 한국사 대모험,"글: 설민석,그림: 정현희",휴먼큐브,900번대,55.4,32.9,92.3,63.4,전국구 베스트셀러 작가(설민석)의 신작입니다. 대표 출판사(휴먼큐브)의 수매 신뢰도가 높습니다.
설민석의 한국사 대모험,"글: 설민석,그림: 정현희",휴먼큐브,900번대,55.4,32.9,92.3,63.4,전국구 베스트셀러 작가(설민석)의 신작입니다. 대표 출판사(휴먼큐브)의 수매 신뢰도가 높습니다.
설민석의 한국사 대모험,"글: 설민석,그림: 정현희",휴먼큐브,900번대,55.4,32.9,92.3,63.4,전국구 베스트셀러 작가(설민석)의 신작입니다. 대표 출판사(휴먼큐브)의 수매 신뢰도가 높습니다.
설민석의 한국사 대모험,"글: 설민석,그림: 정현희",휴먼큐브,900번대,55.4,32.9,92.3,63.4,전국구 베스트셀러 작가(설민석)의 신작입니다. 대표 출판사(휴먼큐브)의 수매 신뢰도가 높습니다.
설민석의 한국사 대모험,"글: 설민석,그림: 정현희",휴먼큐브,900번대,55.4,32.9,92.3,63.4,전국구 베스트셀러 작가(설민석)의 신작입니다. 대표 출판사(휴먼큐브)의 수매 신뢰도가 높습니다.
설민석의 한국사 대모험,"글: 설민석,그림: 정현희",휴먼큐브,900번대,55.4,32.9,92.3,63.4,전국구 베스트셀러 작가(설민석)의 신작입니다. 대표 출판사(휴먼큐브)의 수매 신뢰도가 높습니다.
뇌는 어떻게 나를 조종하는가 :과몰입하는 좌뇌 침묵하는 우뇌 ,크리스 나이바우어 지음 ;김윤종 옮김,클랩북스,500번대,75.0,54.7,61.0,63.3,대출 실적이 있는 저자(크리스 나이바우어 지음)입니다. 출판 이력이 있는 출판사(클랩북스)입니다.
파친코 :이민진 장편소설,이민진 지음 ;이미정 옮김,문학사상,800번대,33.5,49.5,96.1,63.3,전국구 베스트셀러 작가(이민진 지음)의 신작입니다. 대표 출판사(문학사상)의 수매 신뢰도가 높습니다.
5번 레인 ,은소홀 글 ;노인경 그림,문학동네,800번대,33.5,49.5,96.1,63.3,전국구 베스트셀러 작가(은소홀 노인경 그림)의 신작입니다. 대표 출판사(문학동네)의 수매 신뢰도가 높습니다.
파친코 :이민진 장편소설,이민진 지음 ;이미정 옮김,문학사상,800번대,33.5,49.5,96.1,63.3,전국구 베스트셀러 작가(이민진 지음)의 신작입니다. 대표 출판사(문학사상)의 수매 신뢰도가 높습니다.
다크 심리학 =Dark psychology ,다크 사이드 프로젝트 지음,어센딩,300번대,70.4,38.5,76.5,63.3,대출 실적이 있는 저자(다크 사이드 프로젝트 지음)입니다. 출판 이력이 있는 출판사(어센딩)입니다.
빨간내복야코 맞춤법 절대 안 틀리는 책,빨간내복야코 원작 ;이영아 그림,위즈덤하우스,700번대,63.3,30.3,87.9,63.2,전국구 베스트셀러 작가(빨간내복야코 이영아 그림)의 신작입니다. 출판 이력이 있는 출판사(위즈덤하우스)입니다.
설민석의 세계사 대모험,"글: 설민석,그림: 박성일",단꿈드림,900번대,55.4,32.9,91.8,63.2,전국구 베스트셀러 작가(설민석)의 신작입니다. 대표 출판사(단꿈드림)의 수매 신뢰도가 높습니다.
나를 소모하지 않는 현명한 태도에 관하여 ,마티아스 뇔케 지음 ;이미옥 옮김,퍼스트펭귄,100번대,62.5,32.6,86.8,63.2,전국구 베스트셀러 작가(마티아스 뇔케 지음)의 신작입니다. 대표 출판사(퍼스트펭귄)의 수매 신뢰도가 높습니다.
빨간내복야코 맞춤법 절대 안 틀리는 책,빨간내복야코 원작 ;이영아 그림,위즈덤하우스,700번대,63.3,30.3,87.9,63.2,전국구 베스트셀러 작가(빨간내복야코 이영아 그림)의 신작입니다. 출판 이력이 있는 출판사(위즈덤하우스)입니다.
(흔한남매) 안 흔한 일기,흔한남매 원작 ;조병주 그림,미래엔,800번대,33.5,49.5,95.5,63.1,전국구 베스트셀러 작가(흔한남매 조병주 그림)의 신작입니다. 대표 출판사(미래엔)의 수매 신뢰도가 높습니다.
(흔한남매) 안 흔한 일기,흔한남매 원작 ;조병주 그림,미래엔,800번대,33.5,49.5,95.5,63.1,전국구 베스트셀러 작가(흔한남매 조병주 그림)의 신작입니다. 대표 출판사(미래엔)의 수매 신뢰도가 높습니다.
(흔한남매) 안 흔한 일기,흔한남매 원작 ;조병주 그림,미래엔,800번대,33.5,49.5,95.5,63.1,전국구 베스트셀러 작가(흔한남매 조병주 그림)의 신작입니다. 대표 출판사(미래엔)의 수매 신뢰도가 높습니다.
왜 그들만 부자가 되는가 :부의 격차를 좁히는 진짜 돈의 모습 ,"필립 바구스,배진아 옮김",책읽어주는남자,300번대,70.4,38.5,76.1,63.1,대출 실적이 있는 저자(필립 바구스)입니다. 출판 이력이 있는 출판사(책읽어주는남자)입니다.
놓지 마 맞춤법,"신태훈,나승훈 글·그림",김영사,700번대,63.3,30.3,87.3,63.0,전국구 베스트셀러 작가(신태훈)의 신작입니다. 대표 출판사(김영사)의 수매 신뢰도가 높습니다.
놓지 마 맞춤법,"신태훈,나승훈 글·그림",김영사,700번대,63.3,30.3,87.3,63.0,전국구 베스트셀러 작가(신태훈)의 신작입니다. 대표 출판사(김영사)의 수매 신뢰도가 높습니다.
놓지 마 맞춤법,"신태훈,나승훈 글·그림",김영사,700번대,63.3,30.3,87.3,63.0,전국구 베스트셀러 작가(신태훈)의 신작입니다. 대표 출판사(김영사)의 수매 신뢰도가 높습니다.
놓지 마 어휘 :한자어,"신태훈,나승훈 글·그림",김영사,700번대,63.3,30.3,87.3,63.0,전국구 베스트셀러 작가(신태훈)의 신작입니다. 대표 출판사(김영사)의 수매 신뢰도가 높습니다.
놓지 마 맞춤법,"신태훈,나승훈 글·그림",김영사,700번대,63.3,30.3,87.3,63.0,전국구 베스트셀러 작가(신태훈)의 신작입니다. 대표 출판사(김영사)의 수매 신뢰도가 높습니다.
(추리 천재) 엉덩이 탐정,트롤 글·그림 ;김정화 옮김,미래엔,800번대,33.5,49.5,95.0,62.9,전국구 베스트셀러 작가(트롤 글·김정화 옮김)의 신작입니다. 대표 출판사(미래엔)의 수매 신뢰도가 높습니다.
(추리 천재) 엉덩이 탐정,트롤 글·그림 ;김정화 옮김,미래엔,800번대,33.5,49.5,95.0,62.9,전국구 베스트셀러 작가(트롤 글·김정화 옮김)의 신작입니다. 대표 출판사(미래엔)의 수매 신뢰도가 높습니다.
(추리 천재) 엉덩이 탐정,트롤 글·그림 ;김정화 옮김,미래엔,800번대,33.5,49.5,95.0,62.9,전국구 베스트셀러 작가(트롤 글·김정화 옮김)의 신작입니다. 대표 출판사(미래엔)의 수매 신뢰도가 높습니다.
흔한남매,원작: 흔한남매 ;그림: 유난희,미래엔,800번대,33.5,49.5,95.1,62.9,전국구 베스트셀러 작가(흔한남매)의 신작입니다. 대표 출판사(미래엔)의 수매 신뢰도가 높습니다.
흔한남매,원작: 흔한남매 ;그림: 유난희,미래엔,800번대,33.5,49.5,95.1,62.9,전국구 베스트셀러 작가(흔한남매)의 신작입니다. 대표 출판사(미래엔)의 수매 신뢰도가 높습니다.
흔한남매,원작: 흔한남매 ;그림: 유난희,미래엔,800번대,33.5,49.5,95.1,62.9,전국구 베스트셀러 작가(흔한남매)의 신작입니다. 대표 출판사(미래엔)의 수매 신뢰도가 높습니다.
흔한남매,원작: 흔한남매 ;그림: 유난희,미래엔,800번대,33.5,49.5,95.1,62.9,전국구 베스트셀러 작가(흔한남매)의 신작입니다. 대표 출판사(미래엔)의 수매 신뢰도가 높습니다.
흔한남매,원작: 흔한남매 ;그림: 유난희,미래엔,800번대,33.5,49.5,95.1,62.9,전국구 베스트셀러 작가(흔한남매)의 신작입니다. 대표 출판사(미래엔)의 수매 신뢰도가 높습니다.
흔한남매,원작: 흔한남매 ;그림: 유난희,미래엔,800번대,33.5,49.5,95.1,62.9,전국구 베스트셀러 작가(흔한남매)의 신작입니다. 대표 출판사(미래엔)의 수매 신뢰도가 높습니다.
(흔한남매) 흔한 게임,원작: 흔한남매 ;그림: 도니패밀리,미래엔,800번대,33.5,49.5,95.1,62.9,전국구 베스트셀러 작가(흔한남매)의 신작입니다. 대표 출판사(미래엔)의 수매 신뢰도가 높습니다.
흔한남매,원작: 흔한남매 ;그림: 유난희,미래엔,800번대,33.5,49.5,95.1,62.9,전국구 베스트셀러 작가(흔한남매)의 신작입니다. 대표 출판사(미래엔)의 수매 신뢰도가 높습니다.
(추리 천재) 엉덩이 탐정,트롤 글·그림 ;김정화 옮김,미래엔,800번대,33.5,49.5,95.0,62.9,전국구 베스트셀러 작가(트롤 글·김정화 옮김)의 신작입니다. 대표 출판사(미래엔)의 수매 신뢰도가 높습니다.
(추리 천재) 엉덩이 탐정,트롤 글·그림 ;김정화 옮김,미래엔,800번대,33.5,49.5,95.0,62.9,전국구 베스트셀러 작가(트롤 글·김정화 옮김)의 신작입니다. 대표 출판사(미래엔)의 수매 신뢰도가 높습니다.
(추리 천재) 엉덩이 탐정,트롤 글·그림 ;김정화 옮김,미래엔,800번대,33.5,49.5,95.0,62.9,전국구 베스트셀러 작가(트롤 글·김정화 옮김)의 신작입니다. 대표 출판사(미래엔)의 수매 신뢰도가 높습니다.
(추리 천재) 엉덩이 탐정,트롤 글·그림 ;김정화 옮김,미래엔,800번대,33.5,49.5,95.0,62.9,전국구 베스트셀러 작가(트롤 글·김정화 옮김)의 신작입니다. 대표 출판사(미래엔)의 수매 신뢰도가 높습니다.
"위버멘쉬 :누구의 시선도 아닌, 내 의지대로 살겠다는 선언 ",프리디리히 니체 지음 ;어나니머스 옮김,Rise(떠오름코퍼레이션),100번대,62.5,32.6,85.8,62.9,전국구 베스트셀러 작가(프리디리히 니체 지음)의 신작입니다. 대표 출판사(Rise(떠오름코퍼레이션))의 수매 신뢰도가 높습니다.
(흔한남매) 흔한 게임,원작: 흔한남매 ;그림: 도니패밀리,미래엔,800번대,33.5,49.5,95.1,62.9,전국구 베스트셀러 작가(흔한남매)의 신작입니다. 대표 출판사(미래엔)의 수매 신뢰도가 높습니다.
(추리 천재) 엉덩이 탐정,트롤 글·그림 ;김정화 옮김,미래엔,800번대,33.5,49.5,95.0,62.9,전국구 베스트셀러 작가(트롤 글·김정화 옮김)의 신작입니다. 대표 출판사(미래엔)의 수매 신뢰도가 높습니다.
(추리 천재) 엉덩이 탐정,트롤 글·그림 ;김정화 옮김,미래엔,800번대,33.5,49.5,95.0,62.9,전국구 베스트셀러 작가(트롤 글·김정화 옮김)의 신작입니다. 대표 출판사(미래엔)의 수매 신뢰도가 높습니다.
흔한남매 겨울밤 대소동 :흔한남매 스페셜 에디션 겨울 ,원작: 흔한남매 ;그림: 유난희,미래엔,800번대,33.5,49.5,95.1,62.9,전국구 베스트셀러 작가(흔한남매)의 신작입니다. 대표 출판사(미래엔)의 수매 신뢰도가 높습니다.
흔한남매,원작: 흔한남매 ;그림: 유난희,미래엔,800번대,33.5,49.5,95.1,62.9,전국구 베스트셀러 작가(흔한남매)의 신작입니다. 대표 출판사(미래엔)의 수매 신뢰도가 높습니다.
미드나잇 라이브러리 ,매트 헤이그 지음 ;노진선 옮김,인플루엔셜,800번대,33.5,49.5,95.1,62.9,전국구 베스트셀러 작가(매트 헤이그 지음)의 신작입니다. 대표 출판사(인플루엔셜)의 수매 신뢰도가 높습니다.
흔한남매 이무기 :이해하면 무서운 이야기,원작: 흔한남매 ;그림: 도니패밀리,미래엔,800번대,33.5,49.5,95.1,62.9,전국구 베스트셀러 작가(흔한남매)의 신작입니다. 대표 출판사(미래엔)의 수매 신뢰도가 높습니다.
흔한남매,원작: 흔한남매 ;그림: 유난희,미래엔,800번대,33.5,49.5,95.1,62.9,전국구 베스트셀러 작가(흔한남매)의 신작입니다. 대표 출판사(미래엔)의 수매 신뢰도가 높습니다.
흔한남매 이무기 :이해하면 무서운 이야기,원작: 흔한남매 ;그림: 도니패밀리,미래엔,800번대,33.5,49.5,95.1,62.9,전국구 베스트셀러 작가(흔한남매)의 신작입니다. 대표 출판사(미래엔)의 수매 신뢰도가 높습니다.
흔한남매 오해요 :귀염 뽀짝 부캐들과 펼치는 초단편 콩트 만화 ,원작: 흔한남매 ;그림: 유난희,미래엔,800번대,33.5,49.5,95.1,62.9,전국구 베스트셀러 작가(흔한남매)의 신작입니다. 대표 출판사(미래엔)의 수매 신뢰도가 높습니다.
흔한남매,원작: 흔한남매 ;그림: 유난희,미래엔,800번대,33.5,49.5,95.1,62.9,전국구 베스트셀러 작가(흔한남매)의 신작입니다. 대표 출판사(미래엔)의 수매 신뢰도가 높습니다.
사과는 이렇게 하는 거야 ,데이비드 라로셀 글 ;이다랑 옮김,제이포럼,100번대,62.5,32.6,86.0,62.9,전국구 베스트셀러 작가(데이비드 라로셀 이다랑 옮김)의 신작입니다. 대표 출판사(제이포럼)의 수매 신뢰도가 높습니다.
흔한남매,원작: 흔한남매 ;그림: 유난희,미래엔,800번대,33.5,49.5,95.1,62.9,전국구 베스트셀러 작가(흔한남매)의 신작입니다. 대표 출판사(미래엔)의 수매 신뢰도가 높습니다.
흔한남매,원작: 흔한남매 ;그림: 유난희,미래엔,800번대,33.5,49.5,95.1,62.9,전국구 베스트셀러 작가(흔한남매)의 신작입니다. 대표 출판사(미래엔)의 수매 신뢰도가 높습니다.
흔한남매,원작: 흔한남매 ;그림: 유난희,미래엔,800번대,33.5,49.5,95.1,62.9,전국구 베스트셀러 작가(흔한남매)의 신작입니다. 대표 출판사(미래엔)의 수매 신뢰도가 높습니다.
흔한남매,원작: 흔한남매 ;그림: 유난희,미래엔,800번대,33.5,49.5,95.1,62.9,전국구 베스트셀러 작가(흔한남매)의 신작입니다. 대표 출판사(미래엔)의 수매 신뢰도가 높습니다.
감정 호텔 :내 마음이 머무는 곳 ,리디아 브란코비치 글·그림 ;장미란 옮김,책읽는곰,100번대,62.5,32.6,85.8,62.9,전국구 베스트셀러 작가(리디아 브란코비치 글·장미란 옮김)의 신작입니다. 대표 출판사(책읽는곰)의 수매 신뢰도가 높습니다.
흔한남매,원작: 흔한남매 ;그림: 유난희,미래엔,800번대,33.5,49.5,95.1,62.9,전국구 베스트셀러 작가(흔한남매)의 신작입니다. 대표 출판사(미래엔)의 수매 신뢰도가 높습니다.
흔한남매,원작: 흔한남매 ;그림: 유난희,미래엔,800번대,33.5,49.5,95.1,62.9,전국구 베스트셀러 작가(흔한남매)의 신작입니다. 대표 출판사(미래엔)의 수매 신뢰도가 높습니다.
주식 투자의 기쁨 :89세 현역 트레이더 시게루 할아버지의 흔들리지 않는 투자 철학 ,지은이: 후지모토 시게루 ;옮긴이: 오정화,다산북스,300번대,70.4,38.5,75.5,62.9,대출 실적이 있는 저자(후지모토 시게루)입니다. 출판 이력이 있는 출판사(다산북스)입니다.
흔한남매,원작: 흔한남매 ;그림: 유난희,미래엔,800번대,33.5,49.5,95.1,62.9,전국구 베스트셀러 작가(흔한남매)의 신작입니다. 대표 출판사(미래엔)의 수매 신뢰도가 높습니다.
흔한남매,원작: 흔한남매 ;그림: 유난희,미래엔,800번대,33.5,49.5,95.1,62.9,전국구 베스트셀러 작가(흔한남매)의 신작입니다. 대표 출판사(미래엔)의 수매 신뢰도가 높습니다.
흔한남매,원작: 흔한남매 ;그림: 유난희,미래엔,800번대,33.5,49.5,95.1,62.9,전국구 베스트셀러 작가(흔한남매)의 신작입니다. 대표 출판사(미래엔)의 수매 신뢰도가 높습니다.
(추리 천재) 엉덩이 탐정,트롤 글·그림 ;김정화 옮김,미래엔,800번대,33.5,49.5,95.0,62.9,전국구 베스트셀러 작가(트롤 글·김정화 옮김)의 신작입니다. 대표 출판사(미래엔)의 수매 신뢰도가 높습니다.
흔한남매,원작: 흔한남매 ;그림: 유난희,미래엔,800번대,33.5,49.5,95.1,62.9,전국구 베스트셀러 작가(흔한남매)의 신작입니다. 대표 출판사(미래엔)의 수매 신뢰도가 높습니다.
흔한남매 이무기 :이해하면 무서운 이야기,원작: 흔한남매 ;그림: 도니패밀리,미래엔,800번대,33.5,49.5,95.1,62.9,전국구 베스트셀러 작가(흔한남매)의 신작입니다. 대표 출판사(미래엔)의 수매 신뢰도가 높습니다.
흔한남매,원작: 흔한남매 ;그림: 유난희,미래엔,800번대,33.5,49.5,95.1,62.9,전국구 베스트셀러 작가(흔한남매)의 신작입니다. 대표 출판사(미래엔)의 수매 신뢰도가 높습니다.
쇼코의 미소 :최은영 소설 ,지은이: 최은영,문학동네,800번대,33.5,49.5,94.7,62.8,전국구 베스트셀러 작가(최은영)의 신작입니다. 대표 출판사(문학동네)의 수매 신뢰도가 높습니다.
마흔에 읽는 니체 =지금 이순간을 살기 위한 철학 수업 /Nietzsche ,장재형 지음,유노콘텐츠그룹,100번대,62.5,32.6,85.7,62.8,전국구 베스트셀러 작가(장재형 지음)의 신작입니다. 출판 이력이 있는 출판사(유노콘텐츠그룹)입니다.
밝은 밤 :최은영 장편소설 ,지은이: 최은영,문학동네,800번대,33.5,49.5,94.7,62.8,전국구 베스트셀러 작가(최은영)의 신작입니다. 대표 출판사(문학동네)의 수매 신뢰도가 높습니다.
내게 무해한 사람 :최은영 소설 ,지은이: 최은영,문학동네,800번대,33.5,49.5,94.7,62.8,전국구 베스트셀러 작가(최은영)의 신작입니다. 대표 출판사(문학동네)의 수매 신뢰도가 높습니다.
아주 희미한 빛으로도 :최은영 소설 ,지은이: 최은영,문학동네,800번대,33.5,49.5,94.7,62.8,전국구 베스트셀러 작가(최은영)의 신작입니다. 대표 출판사(문학동네)의 수매 신뢰도가 높습니다.
(읽으면서 바로 써먹는) 어린이 한국사 퀴즈,글·그림: 한날,파란정원,900번대,55.4,32.9,90.6,62.7,전국구 베스트셀러 작가(글·한날)의 신작입니다. 대표 출판사(파란정원)의 수매 신뢰도가 높습니다.
(읽으면서 바로 써먹는) 어린이 세계사 퀴즈,글·그림 : 한날,파란정원,900번대,55.4,32.9,90.6,62.7,전국구 베스트셀러 작가(글·한날)의 신작입니다. 대표 출판사(파란정원)의 수매 신뢰도가 높습니다.
(읽으면서 바로 써먹는) 어린이 세계 여행 ,글·그림: 한날,파란정원,900번대,55.4,32.9,90.6,62.7,전국구 베스트셀러 작가(글·한날)의 신작입니다. 대표 출판사(파란정원)의 수매 신뢰도가 높습니다.
(읽으면서 바로 써먹는) 어린이 세계사 퀴즈,글·그림 : 한날,파란정원,900번대,55.4,32.9,90.6,62.7,전국구 베스트셀러 작가(글·한날)의 신작입니다. 대표 출판사(파란정원)의 수매 신뢰도가 높습니다.
(읽으면서 바로 써먹는) 어린이 한국사 퀴즈,글·그림: 한날,파란정원,900번대,55.4,32.9,90.6,62.7,전국구 베스트셀러 작가(글·한날)의 신작입니다. 대표 출판사(파란정원)의 수매 신뢰도가 높습니다.
아버지의 해방일지 :정지아 장편소설 ,지은이: 정지아,창비,800번대,33.5,49.5,94.5,62.7,전국구 베스트셀러 작가(정지아)의 신작입니다. 대표 출판사(창비)의 수매 신뢰도가 높습니다.
고양이 해결사 깜냥,홍민정 동화 ;김재희 그림,창비,800번대,33.5,49.5,94.2,62.6,전국구 베스트셀러 작가(홍민정 동화)의 신작입니다. 대표 출판사(창비)의 수매 신뢰도가 높습니다.
고양이 해결사 깜냥,홍민정 동화 ;김재희 그림,창비,800번대,33.5,49.5,94.2,62.6,전국구 베스트셀러 작가(홍민정 동화)의 신작입니다. 대표 출판사(창비)의 수매 신뢰도가 높습니다.
고양이 해결사 깜냥,홍민정 동화 ;김재희 그림,창비,800번대,33.5,49.5,94.2,62.6,전국구 베스트셀러 작가(홍민정 동화)의 신작입니다. 대표 출판사(창비)의 수매 신뢰도가 높습니다.
고전이 답했다 :being better through the classics ,고명환 지음,라곰,300번대,70.4,38.5,74.9,62.6,대출 실적이 있는 저자(고명환 지음)입니다. 대표 출판사(라곰)의 수매 신뢰도가 높습니다.
고양이 해결사 깜냥,홍민정 동화 ;김재희 그림,창비,800번대,33.5,49.5,94.2,62.6,전국구 베스트셀러 작가(홍민정 동화)의 신작입니다. 대표 출판사(창비)의 수매 신뢰도가 높습니다.
마법천자문 :손오공의 한자 대탐험,"글: 시리얼,홍거북",북이십일,700번대,63.3,30.3,86.4,62.6,전국구 베스트셀러 작가(시리얼)의 신작입니다. 대표 출판사(북이십일)의 수매 신뢰도가 높습니다.
고양이 해결사 깜냥,홍민정 동화 ;김재희 그림,창비,800번대,33.5,49.5,94.2,62.6,전국구 베스트셀러 작가(홍민정 동화)의 신작입니다. 대표 출판사(창비)의 수매 신뢰도가 높습니다.
고양이 해결사 깜냥,홍민정 동화 ;김재희 그림,창비,800번대,33.5,49.5,94.2,62.6,전국구 베스트셀러 작가(홍민정 동화)의 신작입니다. 대표 출판사(창비)의 수매 신뢰도가 높습니다.
마법천자문 :손오공의 한자 대탐험,"글: 시리얼,홍거북",북이십일,700번대,63.3,30.3,86.4,62.6,전국구 베스트셀러 작가(시리얼)의 신작입니다. 대표 출판사(북이십일)의 수매 신뢰도가 높습니다.
고양이 해결사 깜냥,홍민정 동화 ;김재희 그림,창비,800번대,33.5,49.5,94.2,62.6,전국구 베스트셀러 작가(홍민정 동화)의 신작입니다. 대표 출판사(창비)의 수매 신뢰도가 높습니다.
고양이 해결사 깜냥,홍민정 동화 ;김재희 그림,창비,800번대,33.5,49.5,94.2,62.6,전국구 베스트셀러 작가(홍민정 동화)의 신작입니다. 대표 출판사(창비)의 수매 신뢰도가 높습니다.
정의란 무엇인가 ,지은이: 마이클 샌델 ;옮긴이: 김명철,미래엔,100번대,62.5,32.6,85.3,62.6,전국구 베스트셀러 작가(마이클 샌델)의 신작입니다. 출판 이력이 있는 출판사(미래엔)입니다.
"어서오세요, 휴남동 서점입니다 :황보름 장편소설 ",지은이: 황보름,클레이하우스,800번대,33.5,49.5,94.3,62.6,전국구 베스트셀러 작가(황보름)의 신작입니다. 대표 출판사(클레이하우스)의 수매 신뢰도가 높습니다.
"이 책은 돈 버는 법에 관한 이야기 :서민갑부 고명환의 생각법, 독서법, 장사법 ",고명환 지음,라곰,300번대,70.4,38.5,74.9,62.6,대출 실적이 있는 저자(고명환 지음)입니다. 대표 출판사(라곰)의 수매 신뢰도가 높습니다.
"진보를 위한 주식투자 =광수네 복덕방, 모두의 투자 이야기 /Stock investing for progress ",이광수 지음,21세기북스(북이십일 21세기북스),300번대,70.4,38.5,74.5,62.5,대출 실적이 있는 저자(이광수 지음)입니다. 출판 이력이 있는 출판사(21세기북스(북이십일 21세기북스))입니다.
트럼프 2.0 시대 =글로벌 대격변이 시작된다 /Trump 2.0 era ,박종훈 지음,글로퍼스,300번대,70.4,38.5,74.6,62.5,대출 실적이 있는 저자(박종훈 지음)입니다. 출판 이력이 있는 출판사(글로퍼스)입니다.
레버리지 :자본주의 속에 숨겨진 부의 비밀 ,롭 무어 지음 ;김유미 옮김,다산북스,300번대,70.4,38.5,74.5,62.5,대출 실적이 있는 저자(롭 무어 지음)입니다. 출판 이력이 있는 출판사(다산북스)입니다.
사람을 안다는 것 ,데이비드 브룩스 지음 ;이경식 옮김,웅진씽크빅,300번대,70.4,38.5,74.3,62.4,대출 실적이 있는 저자(데이비드 브룩스 지음)입니다. 출판 이력이 있는 출판사(웅진씽크빅)입니다.
"오십에 읽는 주역 :팔자, 운세, 인생을 바꾸는 3,000년의 지혜 ",강기진 지음,유노콘텐츠그룹,100번대,62.5,32.6,84.4,62.3,전국구 베스트셀러 작가(강기진 지음)의 신작입니다. 출판 이력이 있는 출판사(유노콘텐츠그룹)입니다.
변호사 어벤저스 :어린이 법학 동화,글: 고희정 ;그림: 최미란,가나문화콘텐츠,300번대,70.4,38.5,73.8,62.2,대출 실적이 있는 저자(고희정)입니다. 출판 이력이 있는 출판사(가나문화콘텐츠)입니다.
프로젝트 헤일메리 ,앤디 위어 지음 ;강동혁 옮김,RHK(알에이치코리아),800번대,33.5,49.5,93.2,62.2,전국구 베스트셀러 작가(앤디 위어 지음)의 신작입니다. 대표 출판사(RHK(알에이치코리아))의 수매 신뢰도가 높습니다.
변호사 어벤저스 :어린이 법학 동화,글: 고희정 ;그림: 최미란,가나문화콘텐츠,300번대,70.4,38.5,73.8,62.2,대출 실적이 있는 저자(고희정)입니다. 출판 이력이 있는 출판사(가나문화콘텐츠)입니다.
부자 아빠 가난한 아빠 :20주년 특별 기념판 ,지은이: 로버트 기요사키 ;옮긴이: 안진환,민음인,300번대,70.4,38.5,73.9,62.2,전국구 베스트셀러 작가(로버트 기요사키)의 신작입니다. 대표 출판사(민음인)의 수매 신뢰도가 높습니다.
변호사 어벤저스 :어린이 법학 동화,글: 고희정 ;그림: 최미란,가나문화콘텐츠,300번대,70.4,38.5,73.8,62.2,대출 실적이 있는 저자(고희정)입니다. 출판 이력이 있는 출판사(가나문화콘텐츠)입니다.
변호사 어벤저스 :어린이 법학 동화,글: 고희정 ;그림: 최미란,가나문화콘텐츠,300번대,70.4,38.5,73.8,62.2,대출 실적이 있는 저자(고희정)입니다. 출판 이력이 있는 출판사(가나문화콘텐츠)입니다.
가재가 노래하는 곳 :델리아 오언스 장편소설 ,지은이: 델리아 오언스 ;옮긴이: 김선형,살림출판사,800번대,33.5,49.5,93.2,62.2,전국구 베스트셀러 작가(델리아 오언스)의 신작입니다. 대표 출판사(살림출판사)의 수매 신뢰도가 높습니다.
변호사 어벤저스 :어린이 법학 동화,글: 고희정 ;그림: 최미란,가나문화콘텐츠,300번대,70.4,38.5,73.8,62.2,대출 실적이 있는 저자(고희정)입니다. 출판 이력이 있는 출판사(가나문화콘텐츠)입니다.
딱 1억만 모읍시다 :돈쭐남의 목돈 마련 챌린지 ,김경필 지음,사이다경제,300번대,70.4,38.5,73.9,62.2,대출 실적이 있는 저자(김경필 지음)입니다. 출판 이력이 있는 출판사(사이다경제)입니다.
변호사 어벤저스 :어린이 법학 동화,글: 고희정 ;그림: 최미란,가나문화콘텐츠,300번대,70.4,38.5,73.8,62.2,대출 실적이 있는 저자(고희정)입니다. 출판 이력이 있는 출판사(가나문화콘텐츠)입니다.
변호사 어벤저스 :어린이 법학 동화,글: 고희정 ;그림: 최미란,가나문화콘텐츠,300번대,70.4,38.5,73.8,62.2,대출 실적이 있는 저자(고희정)입니다. 출판 이력이 있는 출판사(가나문화콘텐츠)입니다.
순례 주택 :유은실 소설 ,지은이: 유은실,비룡소,800번대,33.5,49.5,93.1,62.1,전국구 베스트셀러 작가(유은실)의 신작입니다. 대표 출판사(비룡소)의 수매 신뢰도가 높습니다.
여름을 한 입 베어 물었더니 :이꽃님 장편소설 ,글쓴이: 이꽃님,문학동네,800번대,33.5,49.5,93.0,62.1,전국구 베스트셀러 작가(글쓴이: 이꽃님)의 신작입니다. 대표 출판사(문학동네)의 수매 신뢰도가 높습니다.
세계를 건너 너에게 갈게 :이꽃님 장편소설 ,글쓴이: 이꽃님,문학동네,800번대,33.5,49.5,93.0,62.1,전국구 베스트셀러 작가(글쓴이: 이꽃님)의 신작입니다. 대표 출판사(문학동네)의 수매 신뢰도가 높습니다.
Go go 카카오프렌즈 :세계 역사 문화 체험 학습만화,글: 김미영 ;정보글: 최은하,아울북(북이십일 아울북),900번대,55.4,32.9,88.8,62.0,전국구 베스트셀러 작가(김미영)의 신작입니다. 대표 출판사(아울북(북이십일 아울북))의 수매 신뢰도가 높습니다.
Go go 카카오프렌즈 :세계 역사 문화 체험 학습만화,글: 김미영 ;정보글: 최은하,아울북(북이십일 아울북),900번대,55.4,32.9,88.8,62.0,전국구 베스트셀러 작가(김미영)의 신작입니다. 대표 출판사(아울북(북이십일 아울북))의 수매 신뢰도가 높습니다.
Go go 카카오프렌즈 :세계 역사 문화 체험 학습만화,글: 김미영 ;정보글: 최은하,아울북(북이십일 아울북),900번대,55.4,32.9,88.8,62.0,전국구 베스트셀러 작가(김미영)의 신작입니다. 대표 출판사(아울북(북이십일 아울북))의 수매 신뢰도가 높습니다.
Go go 카카오프렌즈 :세계 역사 문화 체험 학습만화,글: 김미영 ;정보글: 최은하,아울북(북이십일 아울북),900번대,55.4,32.9,88.8,62.0,전국구 베스트셀러 작가(김미영)의 신작입니다. 대표 출판사(아울북(북이십일 아울북))의 수매 신뢰도가 높습니다.
Go go 카카오프렌즈 :세계 역사 문화 체험 학습만화,글: 김미영 ;정보글: 최은하,아울북(북이십일 아울북),900번대,55.4,32.9,88.8,62.0,전국구 베스트셀러 작가(김미영)의 신작입니다. 대표 출판사(아울북(북이십일 아울북))의 수매 신뢰도가 높습니다.
Go go 카카오프렌즈 :세계 역사 문화 체험 학습만화,글: 김미영 ;정보글: 최은하,아울북(북이십일 아울북),900번대,55.4,32.9,88.8,62.0,전국구 베스트셀러 작가(김미영)의 신작입니다. 대표 출판사(아울북(북이십일 아울북))의 수매 신뢰도가 높습니다.
Go go 카카오프렌즈 :세계 역사 문화 체험 학습만화,글: 김미영 ;정보글: 최은하,아울북(북이십일 아울북),900번대,55.4,32.9,88.8,62.0,전국구 베스트셀러 작가(김미영)의 신작입니다. 대표 출판사(아울북(북이십일 아울북))의 수매 신뢰도가 높습니다.
Go go 카카오프렌즈 :세계 역사 문화 체험 학습만화,글: 김미영 ;정보글: 최은하,아울북(북이십일 아울북),900번대,55.4,32.9,88.8,62.0,전국구 베스트셀러 작가(김미영)의 신작입니다. 대표 출판사(아울북(북이십일 아울북))의 수매 신뢰도가 높습니다.
Go go 카카오프렌즈 :세계 역사 문화 체험 학습만화,글: 김미영 ;정보글: 최은하,아울북(북이십일 아울북),900번대,55.4,32.9,88.8,62.0,전국구 베스트셀러 작가(김미영)의 신작입니다. 대표 출판사(아울북(북이십일 아울북))의 수매 신뢰도가 높습니다.
Go go 카카오프렌즈 :세계 역사 문화 체험 학습만화,글: 김미영 ;정보글: 최은하,아울북(북이십일 아울북),900번대,55.4,32.9,88.8,62.0,전국구 베스트셀러 작가(김미영)의 신작입니다. 대표 출판사(아울북(북이십일 아울북))의 수매 신뢰도가 높습니다.
Go go 카카오프렌즈 :세계 역사 문화 체험 학습만화,글: 김미영 ;정보글: 최은하,아울북(북이십일 아울북),900번대,55.4,32.9,88.8,62.0,전국구 베스트셀러 작가(김미영)의 신작입니다. 대표 출판사(아울북(북이십일 아울북))의 수매 신뢰도가 높습니다.
Go go 카카오프렌즈 :세계 역사 문화 체험 학습만화,글: 김미영 ;정보글: 최은하,아울북(북이십일 아울북),900번대,55.4,32.9,88.8,62.0,전국구 베스트셀러 작가(김미영)의 신작입니다. 대표 출판사(아울북(북이십일 아울북))의 수매 신뢰도가 높습니다.
Go go 카카오프렌즈 :세계 역사 문화 체험 학습만화,글: 김미영 ;정보글: 최은하,아울북(북이십일 아울북),900번대,55.4,32.9,88.8,62.0,전국구 베스트셀러 작가(김미영)의 신작입니다. 대표 출판사(아울북(북이십일 아울북))의 수매 신뢰도가 높습니다.
Go go 카카오프렌즈 :세계 역사 문화 체험 학습만화,글: 김미영 ;정보글: 최은하,아울북(북이십일 아울북),900번대,55.4,32.9,88.8,62.0,전국구 베스트셀러 작가(김미영)의 신작입니다. 대표 출판사(아울북(북이십일 아울북))의 수매 신뢰도가 높습니다.
Go go 카카오프렌즈 :세계 역사 문화 체험 학습만화,글: 김미영 ;정보글: 최은하,아울북(북이십일 아울북),900번대,55.4,32.9,88.8,62.0,전국구 베스트셀러 작가(김미영)의 신작입니다. 대표 출판사(아울북(북이십일 아울북))의 수매 신뢰도가 높습니다.
Go go 카카오프렌즈 :세계 역사 문화 체험 학습만화,글: 김미영 ;정보글: 최은하,아울북(북이십일 아울북),900번대,55.4,32.9,88.8,62.0,전국구 베스트셀러 작가(김미영)의 신작입니다. 대표 출판사(아울북(북이십일 아울북))의 수매 신뢰도가 높습니다.
Go go 카카오프렌즈 :세계 역사 문화 체험 학습만화,글: 김미영 ;정보글: 최은하,아울북(북이십일 아울북),900번대,55.4,32.9,88.8,62.0,전국구 베스트셀러 작가(김미영)의 신작입니다. 대표 출판사(아울북(북이십일 아울북))의 수매 신뢰도가 높습니다.
Go go 카카오프렌즈 :세계 역사 문화 체험 학습만화,글: 김미영 ;정보글: 최은하,아울북(북이십일 아울북),900번대,55.4,32.9,88.8,62.0,전국구 베스트셀러 작가(김미영)의 신작입니다. 대표 출판사(아울북(북이십일 아울북))의 수매 신뢰도가 높습니다.
Go go 카카오프렌즈 :세계 역사 문화 체험 학습만화,글: 김미영 ;정보글: 최은하,아울북(북이십일 아울북),900번대,55.4,32.9,88.8,62.0,전국구 베스트셀러 작가(김미영)의 신작입니다. 대표 출판사(아울북(북이십일 아울북))의 수매 신뢰도가 높습니다.
Go go 카카오프렌즈 :세계 역사 문화 체험 학습만화,글: 김미영 ;정보글: 최은하,아울북(북이십일 아울북),900번대,55.4,32.9,88.8,62.0,전국구 베스트셀러 작가(김미영)의 신작입니다. 대표 출판사(아울북(북이십일 아울북))의 수매 신뢰도가 높습니다.
Go go 카카오프렌즈 :세계 역사 문화 체험 학습만화,글: 김미영 ;정보글: 최은하,아울북(북이십일 아울북),900번대,55.4,32.9,88.8,62.0,전국구 베스트셀러 작가(김미영)의 신작입니다. 대표 출판사(아울북(북이십일 아울북))의 수매 신뢰도가 높습니다.
Go go 카카오프렌즈 :세계 역사 문화 체험 학습만화,글: 김미영 ;정보글: 최은하,아울북(북이십일 아울북),900번대,55.4,32.9,88.8,62.0,전국구 베스트셀러 작가(김미영)의 신작입니다. 대표 출판사(아울북(북이십일 아울북))의 수매 신뢰도가 높습니다.
Go go 카카오프렌즈 :세계 역사 문화 체험 학습만화,글: 김미영 ;정보글: 최은하,아울북(북이십일 아울북),900번대,55.4,32.9,88.8,62.0,전국구 베스트셀러 작가(김미영)의 신작입니다. 대표 출판사(아울북(북이십일 아울북))의 수매 신뢰도가 높습니다.
내 아이를 위한 사교육은 없다 :사교육을 이기고 상위 1%로 도약하는 힘 ,김현주 지음,청림출판,300번대,70.4,38.5,73.2,62.0,대출 실적이 있는 저자(김현주 지음)입니다. 출판 이력이 있는 출판사(청림출판)입니다.
Go go 카카오프렌즈 :세계 역사 문화 체험 학습만화,글: 김미영 ;정보글: 최은하,아울북(북이십일 아울북),900번대,55.4,32.9,88.8,62.0,전국구 베스트셀러 작가(김미영)의 신작입니다. 대표 출판사(아울북(북이십일 아울북))의 수매 신뢰도가 높습니다.
꽁꽁꽁 좀비 ,윤정주 글·그림,책읽는곰,800번대,33.5,49.5,92.7,62.0,전국구 베스트셀러 작가(윤정주 글·그림)의 신작입니다. 대표 출판사(책읽는곰)의 수매 신뢰도가 높습니다.
Go go 카카오프렌즈 :세계 역사 문화 체험 학습만화,글: 김미영 ;정보글: 최은하,아울북(북이십일 아울북),900번대,55.4,32.9,88.8,62.0,전국구 베스트셀러 작가(김미영)의 신작입니다. 대표 출판사(아울북(북이십일 아울북))의 수매 신뢰도가 높습니다.
Go go 카카오프렌즈 :세계 역사 문화 체험 학습만화,글: 김미영 ;정보글: 최은하,아울북(북이십일 아울북),900번대,55.4,32.9,88.8,62.0,전국구 베스트셀러 작가(김미영)의 신작입니다. 대표 출판사(아울북(북이십일 아울북))의 수매 신뢰도가 높습니다.
Go go 카카오프렌즈 :세계 역사 문화 체험 학습만화,글: 김미영 ;정보글: 최은하,아울북(북이십일 아울북),900번대,55.4,32.9,88.8,62.0,전국구 베스트셀러 작가(김미영)의 신작입니다. 대표 출판사(아울북(북이십일 아울북))의 수매 신뢰도가 높습니다.
Go go 카카오프렌즈 :세계 역사 문화 체험 학습만화,글: 김미영 ;정보글: 최은하,아울북(북이십일 아울북),900번대,55.4,32.9,88.8,62.0,전국구 베스트셀러 작가(김미영)의 신작입니다. 대표 출판사(아울북(북이십일 아울북))의 수매 신뢰도가 높습니다.
Go go 카카오프렌즈 :세계 역사 문화 체험 학습만화,글: 김미영 ;정보글: 최은하,아울북(북이십일 아울북),900번대,55.4,32.9,88.8,62.0,전국구 베스트셀러 작가(김미영)의 신작입니다. 대표 출판사(아울북(북이십일 아울북))의 수매 신뢰도가 높습니다.
Go go 카카오프렌즈 :세계 역사 문화 체험 학습만화,글: 김미영 ;정보글: 최은하,아울북(북이십일 아울북),900번대,55.4,32.9,88.8,62.0,전국구 베스트셀러 작가(김미영)의 신작입니다. 대표 출판사(아울북(북이십일 아울북))의 수매 신뢰도가 높습니다.
Go go 카카오프렌즈 :세계 역사 문화 체험 학습만화,글: 김미영 ;정보글: 최은하,아울북(북이십일 아울북),900번대,55.4,32.9,88.8,62.0,전국구 베스트셀러 작가(김미영)의 신작입니다. 대표 출판사(아울북(북이십일 아울북))의 수매 신뢰도가 높습니다.
Go go 카카오프렌즈 :세계 역사 문화 체험 학습만화,글: 김미영 ;정보글: 최은하,아울북(북이십일 아울북),900번대,55.4,32.9,88.8,62.0,전국구 베스트셀러 작가(김미영)의 신작입니다. 대표 출판사(아울북(북이십일 아울북))의 수매 신뢰도가 높습니다.
Go go 카카오프렌즈 :세계 역사 문화 체험 학습만화,글: 김미영 ;정보글: 최은하,아울북(북이십일 아울북),900번대,55.4,32.9,88.8,62.0,전국구 베스트셀러 작가(김미영)의 신작입니다. 대표 출판사(아울북(북이십일 아울북))의 수매 신뢰도가 높습니다.
Go go 카카오프렌즈 :세계 역사 문화 체험 학습만화,글: 김미영 ;정보글: 최은하,아울북(북이십일 아울북),900번대,55.4,32.9,88.8,62.0,전국구 베스트셀러 작가(김미영)의 신작입니다. 대표 출판사(아울북(북이십일 아울북))의 수매 신뢰도가 높습니다.
Go go 카카오프렌즈 :세계 역사 문화 체험 학습만화,글: 김미영 ;정보글: 최은하,아울북(북이십일 아울북),900번대,55.4,32.9,88.8,62.0,전국구 베스트셀러 작가(김미영)의 신작입니다. 대표 출판사(아울북(북이십일 아울북))의 수매 신뢰도가 높습니다.
Go go 카카오프렌즈 :세계 역사 문화 체험 학습만화,글: 김미영 ;정보글: 최은하,아울북(북이십일 아울북),900번대,55.4,32.9,88.8,62.0,전국구 베스트셀러 작가(김미영)의 신작입니다. 대표 출판사(아울북(북이십일 아울북))의 수매 신뢰도가 높습니다.
꽁꽁꽁 피자 ,윤정주 글·그림,책읽는곰,800번대,33.5,49.5,92.7,62.0,전국구 베스트셀러 작가(윤정주 글·그림)의 신작입니다. 대표 출판사(책읽는곰)의 수매 신뢰도가 높습니다.
Go go 카카오프렌즈 :세계 역사 문화 체험 학습만화,글: 김미영 ;정보글: 최은하,아울북(북이십일 아울북),900번대,55.4,32.9,88.8,62.0,전국구 베스트셀러 작가(김미영)의 신작입니다. 대표 출판사(아울북(북이십일 아울북))의 수매 신뢰도가 높습니다.
오리 부리 이야기 ,황선애 글 ;간장 그림,비룡소,800번대,33.5,49.5,92.6,61.9,전국구 베스트셀러 작가(황선애 간장 그림)의 신작입니다. 대표 출판사(비룡소)의 수매 신뢰도가 높습니다.
소원 떡집 ,김리리 글 ;이승현 그림,비룡소,800번대,33.5,49.5,92.5,61.9,전국구 베스트셀러 작가(김리리 이승현 그림)의 신작입니다. 대표 출판사(비룡소)의 수매 신뢰도가 높습니다.
장군이네 떡집 ,김리리 글 ;이승현 그림,비룡소,800번대,33.5,49.5,92.5,61.9,전국구 베스트셀러 작가(김리리 이승현 그림)의 신작입니다. 대표 출판사(비룡소)의 수매 신뢰도가 높습니다.
우리가 빛의 속도로 갈 수 없다면 :김초엽 소설 ,지은이: 김초엽,허블,800번대,33.5,49.5,92.6,61.9,전국구 베스트셀러 작가(김초엽)의 신작입니다. 대표 출판사(허블)의 수매 신뢰도가 높습니다.
만복이네 떡집 ,김리리 글 ;이승현 그림,비룡소,800번대,33.5,49.5,92.5,61.9,전국구 베스트셀러 작가(김리리 이승현 그림)의 신작입니다. 대표 출판사(비룡소)의 수매 신뢰도가 높습니다.
(자본주의 시대에서 살아남기 위한) 최소한의 경제 공부 ,백억남 지음,Highest(하이스트그로우),300번대,70.4,38.5,73.0,61.9,대출 실적이 있는 저자(백억남 지음)입니다. 출판 이력이 있는 출판사(Highest(하이스트그로우))입니다.
완벽한 원시인 =10만 년을 되돌려 되찾는 뇌 설계도 /Perfect caveman ,자청 지음,라이브해킹,300번대,70.4,38.5,73.1,61.9,전국구 베스트셀러 작가(자청 지음)의 신작입니다. 출판 이력이 있는 출판사(라이브해킹)입니다.
천 개의 파랑 :천선란 장편소설 ,지은이: 천선란,허블,800번대,33.5,49.5,92.6,61.9,전국구 베스트셀러 작가(천선란)의 신작입니다. 대표 출판사(허블)의 수매 신뢰도가 높습니다.
비밀요원 레너드,글: 박설연 ;그림: 김덕영,북이십일,800번대,33.5,49.5,92.3,61.8,전국구 베스트셀러 작가(박설연)의 신작입니다. 대표 출판사(북이십일)의 수매 신뢰도가 높습니다.
비밀요원 레너드,글: 박설연 ;그림: 김덕영,북이십일,800번대,33.5,49.5,92.3,61.8,전국구 베스트셀러 작가(박설연)의 신작입니다. 대표 출판사(북이십일)의 수매 신뢰도가 높습니다.
비밀요원 레너드,글: 박설연 ;그림: 김덕영,북이십일,800번대,33.5,49.5,92.3,61.8,전국구 베스트셀러 작가(박설연)의 신작입니다. 대표 출판사(북이십일)의 수매 신뢰도가 높습니다.
비밀요원 레너드,글: 박설연 ;그림: 김덕영,북이십일,800번대,33.5,49.5,92.3,61.8,전국구 베스트셀러 작가(박설연)의 신작입니다. 대표 출판사(북이십일)의 수매 신뢰도가 높습니다.
비밀요원 레너드,글: 박설연 ;그림: 김덕영,북이십일,800번대,33.5,49.5,92.3,61.8,전국구 베스트셀러 작가(박설연)의 신작입니다. 대표 출판사(북이십일)의 수매 신뢰도가 높습니다.
모든 삶은 흐른다 :삶의 지표가 필요한 당신에게 바다가 건네는 말 ,로랑스 드빌레르 지음 ;이주영 옮김,Fika(피카),100번대,62.5,32.6,83.1,61.8,전국구 베스트셀러 작가(로랑스 드빌레르 지음)의 신작입니다. 출판 이력이 있는 출판사(Fika(피카))입니다.
체리새우 :황영미 장편소설 ,지은이: 황영미,문학동네,800번대,33.5,49.5,92.2,61.8,전국구 베스트셀러 작가(황영미)의 신작입니다. 대표 출판사(문학동네)의 수매 신뢰도가 높습니다.
비밀요원 레너드,글: 박설연 ;그림: 김덕영,북이십일,800번대,33.5,49.5,92.3,61.8,전국구 베스트셀러 작가(박설연)의 신작입니다. 대표 출판사(북이십일)의 수매 신뢰도가 높습니다.
비밀요원 레너드,글: 박설연 ;그림: 김덕영,북이십일,800번대,33.5,49.5,92.3,61.8,전국구 베스트셀러 작가(박설연)의 신작입니다. 대표 출판사(북이십일)의 수매 신뢰도가 높습니다.
비밀요원 레너드,글: 박설연 ;그림: 김덕영,북이십일,800번대,33.5,49.5,92.3,61.8,전국구 베스트셀러 작가(박설연)의 신작입니다. 대표 출판사(북이십일)의 수매 신뢰도가 높습니다.
철학의 쓸모 :삶의 지침이 되는 철학 사용 설명서 ,로랑스 드빌레르 지음 ;박효은 옮김,Fika(피카),100번대,62.5,32.6,83.1,61.8,전국구 베스트셀러 작가(로랑스 드빌레르 지음)의 신작입니다. 출판 이력이 있는 출판사(Fika(피카))입니다.
비밀요원 레너드,글: 박설연 ;그림: 김덕영,북이십일,800번대,33.5,49.5,92.3,61.8,전국구 베스트셀러 작가(박설연)의 신작입니다. 대표 출판사(북이십일)의 수매 신뢰도가 높습니다.
대형주 추세추종 투자법칙 =130만 원으로 20억 만든 주식 실전 매매 전략 /Trend following with large-caps ,이종호 지음,사피엔테스,300번대,70.4,38.5,72.7,61.8,대출 실적이 있는 저자(이종호 지음)입니다. 출판 이력이 있는 출판사(사피엔테스)입니다.
책들의 부엌 :김지혜 장편소설 ,지은이: 김지혜,팩토리나인,800번대,33.5,49.5,92.1,61.7,전국구 베스트셀러 작가(김지혜)의 신작입니다. 대표 출판사(팩토리나인)의 수매 신뢰도가 높습니다.
(만화로 보는) 3분 철학 ,김재훈 글·그림 ;서정욱 글,카시오페아,100번대,62.5,32.6,82.9,61.7,전국구 베스트셀러 작가(김재훈 글·서정욱 글)의 신작입니다. 출판 이력이 있는 출판사(카시오페아)입니다.
똥볶이 할멈 :K-히어로 판타지,글: 강효미 ;그림: 김무연,따끈따끈책방,800번대,33.5,49.5,91.9,61.7,전국구 베스트셀러 작가(강효미)의 신작입니다. 대표 출판사(따끈따끈책방)의 수매 신뢰도가 높습니다.
똥볶이 할멈 :K-히어로 판타지,글: 강효미 ;그림: 김무연,따끈따끈책방,800번대,33.5,49.5,91.9,61.7,전국구 베스트셀러 작가(강효미)의 신작입니다. 대표 출판사(따끈따끈책방)의 수매 신뢰도가 높습니다.
"자존감 수업 :하루에 하나, 나를 사랑하게 되는 자존감 회복 훈련 ",윤홍균 지음,심플라이프,100번대,62.5,32.6,82.9,61.7,전국구 베스트셀러 작가(윤홍균 지음)의 신작입니다. 대표 출판사(심플라이프)의 수매 신뢰도가 높습니다.
똥볶이 할멈 :K-히어로 판타지,글: 강효미 ;그림: 김무연,따끈따끈책방,800번대,33.5,49.5,91.9,61.7,전국구 베스트셀러 작가(강효미)의 신작입니다. 대표 출판사(따끈따끈책방)의 수매 신뢰도가 높습니다.
똥볶이 할멈 :K-히어로 판타지,글: 강효미 ;그림: 김무연,따끈따끈책방,800번대,33.5,49.5,91.9,61.7,전국구 베스트셀러 작가(강효미)의 신작입니다. 대표 출판사(따끈따끈책방)의 수매 신뢰도가 높습니다.
똥볶이 할멈 :K-히어로 판타지,글: 강효미 ;그림: 김무연,따끈따끈책방,800번대,33.5,49.5,91.9,61.7,전국구 베스트셀러 작가(강효미)의 신작입니다. 대표 출판사(따끈따끈책방)의 수매 신뢰도가 높습니다.
똥볶이 할멈 :K-히어로 판타지,글: 강효미 ;그림: 김무연,따끈따끈책방,800번대,33.5,49.5,91.9,61.7,전국구 베스트셀러 작가(강효미)의 신작입니다. 대표 출판사(따끈따끈책방)의 수매 신뢰도가 높습니다.
똥볶이 할멈 :K-히어로 판타지,글: 강효미 ;그림: 김무연,따끈따끈책방,800번대,33.5,49.5,91.9,61.7,전국구 베스트셀러 작가(강효미)의 신작입니다. 대표 출판사(따끈따끈책방)의 수매 신뢰도가 높습니다.
똥볶이 할멈 :K-히어로 판타지,글: 강효미 ;그림: 김무연,따끈따끈책방,800번대,33.5,49.5,91.9,61.7,전국구 베스트셀러 작가(강효미)의 신작입니다. 대표 출판사(따끈따끈책방)의 수매 신뢰도가 높습니다.
나는 메트로폴리탄 미술관의 경비원입니다 :가장 경이로운 세계 속으로 숨어버린 한 남자의 이야기 ,패트릭 브링리 지음 ;조현주 옮김,웅진씽크빅,800번대,33.5,49.5,92.0,61.7,전국구 베스트셀러 작가(패트릭 브링리 지음)의 신작입니다. 대표 출판사(웅진씽크빅)의 수매 신뢰도가 높습니다.
무례한 친구가 생겼어요 :건강한 우정을 위한 경계를 설정하는 방법 ,크리스티나 퍼니발 글 ;이은경 옮김,포레스트,100번대,62.5,32.6,82.8,61.6,대출 실적이 있는 저자(크리스티나 퍼니발 이은경 옮김)입니다. 대표 출판사(포레스트)의 수매 신뢰도가 높습니다.
어린 왕자,생텍쥐페리 지음;김숙 그림,가나출판사,800번대,33.5,49.5,91.8,61.6,전국구 베스트셀러 작가(생텍쥐페리 지음)의 신작입니다. 대표 출판사(가나출판사)의 수매 신뢰도가 높습니다.
천하무적 개냥이 수사대,이승민 글 ;하민석 그림,위즈덤하우스,800번대,33.5,49.5,91.5,61.5,전국구 베스트셀러 작가(이승민 하민석 그림)의 신작입니다. 대표 출판사(위즈덤하우스)의 수매 신뢰도가 높습니다.
여행의 이유 :김영하 산문 ,지은이: 김영하,문학동네,800번대,33.5,49.5,91.5,61.5,전국구 베스트셀러 작가(김영하)의 신작입니다. 대표 출판사(문학동네)의 수매 신뢰도가 높습니다.
살인자의 기억법 :김영하 장편소설 ,지은이: 김영하,문학동네,800번대,33.5,49.5,91.5,61.5,전국구 베스트셀러 작가(김영하)의 신작입니다. 대표 출판사(문학동네)의 수매 신뢰도가 높습니다.
천하무적 개냥이 수사대,이승민 글 ;하민석 그림,위즈덤하우스,800번대,33.5,49.5,91.5,61.5,전국구 베스트셀러 작가(이승민 하민석 그림)의 신작입니다. 대표 출판사(위즈덤하우스)의 수매 신뢰도가 높습니다.
천하무적 개냥이 수사대,이승민 글 ;하민석 그림,위즈덤하우스,800번대,33.5,49.5,91.5,61.5,전국구 베스트셀러 작가(이승민 하민석 그림)의 신작입니다. 대표 출판사(위즈덤하우스)의 수매 신뢰도가 높습니다.
두 사람의 인터내셔널 :김기태 소설 ,지은이: 김기태,문학동네,800번대,33.5,49.5,91.4,61.5,전국구 베스트셀러 작가(김기태)의 신작입니다. 대표 출판사(문학동네)의 수매 신뢰도가 높습니다.
천하무적 개냥이 수사대,이승민 글 ;하민석 그림,위즈덤하우스,800번대,33.5,49.5,91.5,61.5,전국구 베스트셀러 작가(이승민 하민석 그림)의 신작입니다. 대표 출판사(위즈덤하우스)의 수매 신뢰도가 높습니다.
천하무적 개냥이 수사대,이승민 글 ;하민석 그림,위즈덤하우스,800번대,33.5,49.5,91.5,61.5,전국구 베스트셀러 작가(이승민 하민석 그림)의 신작입니다. 대표 출판사(위즈덤하우스)의 수매 신뢰도가 높습니다.
마법천자문 :손오공의 한자 대탐험,"저자: 스튜디오시리얼,정수영",아울북,700번대,63.3,30.3,83.3,61.4,전국구 베스트셀러 작가(스튜디오시리얼)의 신작입니다. 대표 출판사(아울북)의 수매 신뢰도가 높습니다.
마법천자문 :손오공의 한자 대탐험,"저자: 스튜디오시리얼,정수영",아울북,700번대,63.3,30.3,83.3,61.4,전국구 베스트셀러 작가(스튜디오시리얼)의 신작입니다. 대표 출판사(아울북)의 수매 신뢰도가 높습니다.
설민석의 세계사 대모험,"글: 설민석,그림: 박성일",단꿈아이,900번대,55.4,32.9,87.2,61.4,전국구 베스트셀러 작가(설민석)의 신작입니다. 대표 출판사(단꿈아이)의 수매 신뢰도가 높습니다.
마법천자문 :손오공의 한자 대탐험,"저자: 스튜디오시리얼,정수영",아울북,700번대,63.3,30.3,83.3,61.4,전국구 베스트셀러 작가(스튜디오시리얼)의 신작입니다. 대표 출판사(아울북)의 수매 신뢰도가 높습니다.
소크라테스 익스프레스 :철학이 우리 인생에 스며드는 순간 ,에릭 와이너 지음 ;김하현 옮김,어크로스(어크로스출판그룹),100번대,62.5,32.6,82.2,61.4,전국구 베스트셀러 작가(에릭 와이너 지음)의 신작입니다. 출판 이력이 있는 출판사(어크로스(어크로스출판그룹))입니다.
마법천자문 :손오공의 한자 대탐험,"저자: 스튜디오시리얼,정수영",아울북,700번대,63.3,30.3,83.3,61.4,전국구 베스트셀러 작가(스튜디오시리얼)의 신작입니다. 대표 출판사(아울북)의 수매 신뢰도가 높습니다.
마법천자문 :손오공의 한자 대탐험,"저자: 스튜디오시리얼,정수영",아울북,700번대,63.3,30.3,83.3,61.4,전국구 베스트셀러 작가(스튜디오시리얼)의 신작입니다. 대표 출판사(아울북)의 수매 신뢰도가 높습니다.
설민석의 세계사 대모험,"글: 설민석,그림: 박성일",단꿈아이,900번대,55.4,32.9,87.2,61.4,전국구 베스트셀러 작가(설민석)의 신작입니다. 대표 출판사(단꿈아이)의 수매 신뢰도가 높습니다.
설민석의 세계사 대모험,"글: 설민석,그림: 박성일",단꿈아이,900번대,55.4,32.9,87.2,61.4,전국구 베스트셀러 작가(설민석)의 신작입니다. 대표 출판사(단꿈아이)의 수매 신뢰도가 높습니다.
하늘 100층짜리 집 ,글·그림: 이와이 도시오 ;옮김: 김숙,북뱅크,800번대,33.5,49.5,91.2,61.4,전국구 베스트셀러 작가(글·이와이 도시오)의 신작입니다. 대표 출판사(북뱅크)의 수매 신뢰도가 높습니다.
마법천자문 :손오공의 한자 대탐험,"저자: 스튜디오시리얼,정수영",아울북,700번대,63.3,30.3,83.3,61.4,전국구 베스트셀러 작가(스튜디오시리얼)의 신작입니다. 대표 출판사(아울북)의 수매 신뢰도가 높습니다.
설민석의 세계사 대모험,"글: 설민석,그림: 박성일",단꿈아이,900번대,55.4,32.9,87.2,61.4,전국구 베스트셀러 작가(설민석)의 신작입니다. 대표 출판사(단꿈아이)의 수매 신뢰도가 높습니다.
마법천자문 :손오공의 한자 대탐험,"저자: 스튜디오시리얼,정수영",아울북,700번대,63.3,30.3,83.3,61.4,전국구 베스트셀러 작가(스튜디오시리얼)의 신작입니다. 대표 출판사(아울북)의 수매 신뢰도가 높습니다.
설민석의 세계사 대모험,"글: 설민석,그림: 박성일",단꿈아이,900번대,55.4,32.9,87.2,61.4,전국구 베스트셀러 작가(설민석)의 신작입니다. 대표 출판사(단꿈아이)의 수매 신뢰도가 높습니다.
100층짜리 집 ,글·그림: 이와이 도시오 ;옮김: 김숙,북뱅크,800번대,33.5,49.5,91.2,61.4,전국구 베스트셀러 작가(글·이와이 도시오)의 신작입니다. 대표 출판사(북뱅크)의 수매 신뢰도가 높습니다.
마법천자문 :손오공의 한자 대탐험,"저자: 스튜디오시리얼,정수영",아울북,700번대,63.3,30.3,83.3,61.4,전국구 베스트셀러 작가(스튜디오시리얼)의 신작입니다. 대표 출판사(아울북)의 수매 신뢰도가 높습니다.
늪 100층짜리 집 ,글·그림: 이와이 도시오 ;옮김: 김숙,북뱅크,800번대,33.5,49.5,91.2,61.4,전국구 베스트셀러 작가(글·이와이 도시오)의 신작입니다. 대표 출판사(북뱅크)의 수매 신뢰도가 높습니다.
마법천자문 :손오공의 한자 대탐험,"저자: 스튜디오시리얼,정수영",아울북,700번대,63.3,30.3,83.3,61.4,전국구 베스트셀러 작가(스튜디오시리얼)의 신작입니다. 대표 출판사(아울북)의 수매 신뢰도가 높습니다.
설민석의 세계사 대모험,"글: 설민석,그림: 박성일",단꿈아이,900번대,55.4,32.9,87.2,61.4,전국구 베스트셀러 작가(설민석)의 신작입니다. 대표 출판사(단꿈아이)의 수매 신뢰도가 높습니다.
설민석의 세계사 대모험,"글: 설민석,그림: 박성일",단꿈아이,900번대,55.4,32.9,87.2,61.4,전국구 베스트셀러 작가(설민석)의 신작입니다. 대표 출판사(단꿈아이)의 수매 신뢰도가 높습니다.
설민석의 세계사 대모험,"글: 설민석,그림: 박성일",단꿈아이,900번대,55.4,32.9,87.2,61.4,전국구 베스트셀러 작가(설민석)의 신작입니다. 대표 출판사(단꿈아이)의 수매 신뢰도가 높습니다.
설민석의 세계사 대모험,"글: 설민석,그림: 박성일",단꿈아이,900번대,55.4,32.9,87.2,61.4,전국구 베스트셀러 작가(설민석)의 신작입니다. 대표 출판사(단꿈아이)의 수매 신뢰도가 높습니다.
마법천자문 :손오공의 한자 대탐험,"저자: 스튜디오시리얼,정수영",아울북,700번대,63.3,30.3,83.3,61.4,전국구 베스트셀러 작가(스튜디오시리얼)의 신작입니다. 대표 출판사(아울북)의 수매 신뢰도가 높습니다.
설민석의 세계사 대모험,"글: 설민석,그림: 박성일",단꿈아이,900번대,55.4,32.9,87.2,61.4,전국구 베스트셀러 작가(설민석)의 신작입니다. 대표 출판사(단꿈아이)의 수매 신뢰도가 높습니다.
설민석의 세계사 대모험,"글: 설민석,그림: 박성일",단꿈아이,900번대,55.4,32.9,87.2,61.4,전국구 베스트셀러 작가(설민석)의 신작입니다. 대표 출판사(단꿈아이)의 수매 신뢰도가 높습니다.
설민석의 세계사 대모험,"글: 설민석,그림: 박성일",단꿈아이,900번대,55.4,32.9,87.2,61.4,전국구 베스트셀러 작가(설민석)의 신작입니다. 대표 출판사(단꿈아이)의 수매 신뢰도가 높습니다.
설민석의 세계사 대모험,"글: 설민석,그림: 박성일",단꿈아이,900번대,55.4,32.9,87.2,61.4,전국구 베스트셀러 작가(설민석)의 신작입니다. 대표 출판사(단꿈아이)의 수매 신뢰도가 높습니다.
설민석의 세계사 대모험,"글: 설민석,그림: 박성일",단꿈아이,900번대,55.4,32.9,87.2,61.4,전국구 베스트셀러 작가(설민석)의 신작입니다. 대표 출판사(단꿈아이)의 수매 신뢰도가 높습니다.
설민석의 세계사 대모험,"글: 설민석,그림: 박성일",단꿈아이,900번대,55.4,32.9,87.2,61.4,전국구 베스트셀러 작가(설민석)의 신작입니다. 대표 출판사(단꿈아이)의 수매 신뢰도가 높습니다.
마법천자문 :손오공의 한자 대탐험,"저자: 스튜디오시리얼,정수영",아울북,700번대,63.3,30.3,83.3,61.4,전국구 베스트셀러 작가(스튜디오시리얼)의 신작입니다. 대표 출판사(아울북)의 수매 신뢰도가 높습니다.
설민석의 세계사 대모험,"글: 설민석,그림: 박성일",단꿈아이,900번대,55.4,32.9,87.2,61.4,전국구 베스트셀러 작가(설민석)의 신작입니다. 대표 출판사(단꿈아이)의 수매 신뢰도가 높습니다.
설민석의 세계사 대모험,"글: 설민석,그림: 박성일",단꿈아이,900번대,55.4,32.9,87.2,61.4,전국구 베스트셀러 작가(설민석)의 신작입니다. 대표 출판사(단꿈아이)의 수매 신뢰도가 높습니다.
지하 100층짜리 집 ,글·그림: 이와이 도시오 ;옮긴이: 김숙,북뱅크,800번대,33.5,49.5,91.2,61.4,전국구 베스트셀러 작가(글·이와이 도시오)의 신작입니다. 대표 출판사(북뱅크)의 수매 신뢰도가 높습니다.
마법천자문 :손오공의 한자 대탐험,"저자: 스튜디오시리얼,정수영",아울북,700번대,63.3,30.3,83.3,61.4,전국구 베스트셀러 작가(스튜디오시리얼)의 신작입니다. 대표 출판사(아울북)의 수매 신뢰도가 높습니다.
마법천자문 :손오공의 한자 대탐험,"저자: 스튜디오시리얼,정수영",아울북,700번대,63.3,30.3,83.3,61.4,전국구 베스트셀러 작가(스튜디오시리얼)의 신작입니다. 대표 출판사(아울북)의 수매 신뢰도가 높습니다.
설민석의 세계사 대모험,"글: 설민석,그림: 박성일",단꿈아이,900번대,55.4,32.9,87.2,61.4,전국구 베스트셀러 작가(설민석)의 신작입니다. 대표 출판사(단꿈아이)의 수매 신뢰도가 높습니다.
마법천자문 :손오공의 한자 대탐험,"저자: 스튜디오시리얼,정수영",아울북,700번대,63.3,30.3,83.3,61.4,전국구 베스트셀러 작가(스튜디오시리얼)의 신작입니다. 대표 출판사(아울북)의 수매 신뢰도가 높습니다.
마법천자문 :손오공의 한자 대탐험,"저자: 스튜디오시리얼,정수영",아울북,700번대,63.3,30.3,83.3,61.4,전국구 베스트셀러 작가(스튜디오시리얼)의 신작입니다. 대표 출판사(아울북)의 수매 신뢰도가 높습니다.
마법천자문 :손오공의 한자 대탐험,"저자: 스튜디오시리얼,정수영",아울북,700번대,63.3,30.3,83.3,61.4,전국구 베스트셀러 작가(스튜디오시리얼)의 신작입니다. 대표 출판사(아울북)의 수매 신뢰도가 높습니다.
설민석의 세계사 대모험,"글: 설민석,그림: 박성일",단꿈아이,900번대,55.4,32.9,87.2,61.4,전국구 베스트셀러 작가(설민석)의 신작입니다. 대표 출판사(단꿈아이)의 수매 신뢰도가 높습니다.
마법천자문 :손오공의 한자 대탐험,"저자: 스튜디오시리얼,정수영",아울북,700번대,63.3,30.3,83.3,61.4,전국구 베스트셀러 작가(스튜디오시리얼)의 신작입니다. 대표 출판사(아울북)의 수매 신뢰도가 높습니다.
마법천자문 :손오공의 한자 대탐험,"저자: 스튜디오시리얼,정수영",아울북,700번대,63.3,30.3,83.3,61.4,전국구 베스트셀러 작가(스튜디오시리얼)의 신작입니다. 대표 출판사(아울북)의 수매 신뢰도가 높습니다.
숲속 100층짜리 집 ,글·그림: 이와이 도시오 ;옮김: 김숙,북뱅크,800번대,33.5,49.5,91.2,61.4,전국구 베스트셀러 작가(글·이와이 도시오)의 신작입니다. 대표 출판사(북뱅크)의 수매 신뢰도가 높습니다.
설민석의 세계사 대모험,"글: 설민석,그림: 박성일",단꿈아이,900번대,55.4,32.9,87.2,61.4,전국구 베스트셀러 작가(설민석)의 신작입니다. 대표 출판사(단꿈아이)의 수매 신뢰도가 높습니다.
마법천자문 :손오공의 한자 대탐험,"저자: 스튜디오시리얼,정수영",아울북,700번대,63.3,30.3,83.3,61.4,전국구 베스트셀러 작가(스튜디오시리얼)의 신작입니다. 대표 출판사(아울북)의 수매 신뢰도가 높습니다.
설민석의 세계사 대모험,"글: 설민석,그림: 박성일",단꿈아이,900번대,55.4,32.9,87.2,61.4,전국구 베스트셀러 작가(설민석)의 신작입니다. 대표 출판사(단꿈아이)의 수매 신뢰도가 높습니다.
마법천자문 :손오공의 한자 대탐험,"저자: 스튜디오시리얼,정수영",아울북,700번대,63.3,30.3,83.3,61.4,전국구 베스트셀러 작가(스튜디오시리얼)의 신작입니다. 대표 출판사(아울북)의 수매 신뢰도가 높습니다.
마법천자문 :손오공의 한자 대탐험,"저자: 스튜디오시리얼,정수영",아울북,700번대,63.3,30.3,83.3,61.4,전국구 베스트셀러 작가(스튜디오시리얼)의 신작입니다. 대표 출판사(아울북)의 수매 신뢰도가 높습니다.
부의 심리학 =부자가 되려면 반드시 알아야 할 돈의 속성 /Psychology of wealth ,김경일 지음,콘텐츠그룹 포레스트,300번대,70.4,38.5,71.8,61.4,대출 실적이 있는 저자(김경일 지음)입니다. 출판 이력이 있는 출판사(콘텐츠그룹 포레스트)입니다.
바다 100층짜리 집 ,글·그림: 이와이 도시오 ;옮김: 김숙,북뱅크,800번대,33.5,49.5,91.2,61.4,전국구 베스트셀러 작가(글·이와이 도시오)의 신작입니다. 대표 출판사(북뱅크)의 수매 신뢰도가 높습니다.
마법천자문 :손오공의 한자 대탐험,"저자: 스튜디오시리얼,정수영",아울북,700번대,63.3,30.3,83.3,61.4,전국구 베스트셀러 작가(스튜디오시리얼)의 신작입니다. 대표 출판사(아울북)의 수매 신뢰도가 높습니다.
마법천자문 :손오공의 한자 대탐험,"저자: 스튜디오시리얼,정수영",아울북,700번대,63.3,30.3,83.3,61.4,전국구 베스트셀러 작가(스튜디오시리얼)의 신작입니다. 대표 출판사(아울북)의 수매 신뢰도가 높습니다.
감기 걸린 물고기 :박정섭 그림책 ,글·그림: 박정섭,사계절,800번대,33.5,49.5,91.3,61.4,전국구 베스트셀러 작가(글·박정섭)의 신작입니다. 대표 출판사(사계절)의 수매 신뢰도가 높습니다.
설민석의 세계사 대모험,"글: 설민석,그림: 박성일",단꿈아이,900번대,55.4,32.9,87.2,61.4,전국구 베스트셀러 작가(설민석)의 신작입니다. 대표 출판사(단꿈아이)의 수매 신뢰도가 높습니다.
마법천자문 :손오공의 한자 대탐험,"저자: 스튜디오시리얼,정수영",아울북,700번대,63.3,30.3,83.3,61.4,전국구 베스트셀러 작가(스튜디오시리얼)의 신작입니다. 대표 출판사(아울북)의 수매 신뢰도가 높습니다.
설민석의 세계사 대모험,"글: 설민석,그림: 박성일",단꿈아이,900번대,55.4,32.9,87.2,61.4,전국구 베스트셀러 작가(설민석)의 신작입니다. 대표 출판사(단꿈아이)의 수매 신뢰도가 높습니다.
설민석의 세계사 대모험,"글: 설민석,그림: 박성일",단꿈아이,900번대,55.4,32.9,87.2,61.4,전국구 베스트셀러 작가(설민석)의 신작입니다. 대표 출판사(단꿈아이)의 수매 신뢰도가 높습니다.
설민석의 세계사 대모험,"글: 설민석,그림: 박성일",단꿈아이,900번대,55.4,32.9,87.2,61.4,전국구 베스트셀러 작가(설민석)의 신작입니다. 대표 출판사(단꿈아이)의 수매 신뢰도가 높습니다.
마법천자문 :손오공의 한자 대탐험,"저자: 스튜디오시리얼,정수영",아울북,700번대,63.3,30.3,83.3,61.4,전국구 베스트셀러 작가(스튜디오시리얼)의 신작입니다. 대표 출판사(아울북)의 수매 신뢰도가 높습니다.
(이상한 과자 가게) 전천당,히로시마 레이코 글 ;김정화 옮김,길벗스쿨,800번대,33.5,49.5,91.0,61.3,전국구 베스트셀러 작가(히로시마 레이코 김정화 옮김)의 신작입니다. 대표 출판사(길벗스쿨)의 수매 신뢰도가 높습니다.
(똥볶이 할멈의) 힘 주는 말 ,글: 강효미 ;그림: 김무연,따끈따끈책방,100번대,62.5,32.6,81.9,61.3,전국구 베스트셀러 작가(강효미)의 신작입니다. 대표 출판사(따끈따끈책방)의 수매 신뢰도가 높습니다.
(이상한 과자 가게) 전천당,히로시마 레이코 글 ;김정화 옮김,길벗스쿨,800번대,33.5,49.5,91.0,61.3,전국구 베스트셀러 작가(히로시마 레이코 김정화 옮김)의 신작입니다. 대표 출판사(길벗스쿨)의 수매 신뢰도가 높습니다.
(이상한 과자 가게) 전천당,히로시마 레이코 글 ;김정화 옮김,길벗스쿨,800번대,33.5,49.5,91.0,61.3,전국구 베스트셀러 작가(히로시마 레이코 김정화 옮김)의 신작입니다. 대표 출판사(길벗스쿨)의 수매 신뢰도가 높습니다.
(이상한 과자 가게) 전천당,히로시마 레이코 글 ;김정화 옮김,길벗스쿨,800번대,33.5,49.5,91.0,61.3,전국구 베스트셀러 작가(히로시마 레이코 김정화 옮김)의 신작입니다. 대표 출판사(길벗스쿨)의 수매 신뢰도가 높습니다.
(이상한 과자 가게) 전천당,히로시마 레이코 글 ;김정화 옮김,길벗스쿨,800번대,33.5,49.5,91.0,61.3,전국구 베스트셀러 작가(히로시마 레이코 김정화 옮김)의 신작입니다. 대표 출판사(길벗스쿨)의 수매 신뢰도가 높습니다.
이상한 엄마 ,백희나,책읽는곰,800번대,33.5,49.5,91.1,61.3,전국구 베스트셀러 작가(백희나)의 신작입니다. 대표 출판사(책읽는곰)의 수매 신뢰도가 높습니다.
(이상한 과자 가게) 전천당,히로시마 레이코 글 ;김정화 옮김,길벗스쿨,800번대,33.5,49.5,91.0,61.3,전국구 베스트셀러 작가(히로시마 레이코 김정화 옮김)의 신작입니다. 대표 출판사(길벗스쿨)의 수매 신뢰도가 높습니다.
(이상한 과자 가게) 전천당,히로시마 레이코 글 ;김정화 옮김,길벗스쿨,800번대,33.5,49.5,91.0,61.3,전국구 베스트셀러 작가(히로시마 레이코 김정화 옮김)의 신작입니다. 대표 출판사(길벗스쿨)의 수매 신뢰도가 높습니다.
(이상한 과자 가게) 전천당,히로시마 레이코 글 ;김정화 옮김,길벗스쿨,800번대,33.5,49.5,91.0,61.3,전국구 베스트셀러 작가(히로시마 레이코 김정화 옮김)의 신작입니다. 대표 출판사(길벗스쿨)의 수매 신뢰도가 높습니다.
(이상한 과자 가게) 전천당,히로시마 레이코 글 ;김정화 옮김,길벗스쿨,800번대,33.5,49.5,91.0,61.3,전국구 베스트셀러 작가(히로시마 레이코 김정화 옮김)의 신작입니다. 대표 출판사(길벗스쿨)의 수매 신뢰도가 높습니다.
이상한 손님 ,백희나,책읽는곰,800번대,33.5,49.5,91.1,61.3,전국구 베스트셀러 작가(백희나)의 신작입니다. 대표 출판사(책읽는곰)의 수매 신뢰도가 높습니다.
(이상한 과자 가게) 전천당,히로시마 레이코 글 ;김정화 옮김,길벗스쿨,800번대,33.5,49.5,91.0,61.3,전국구 베스트셀러 작가(히로시마 레이코 김정화 옮김)의 신작입니다. 대표 출판사(길벗스쿨)의 수매 신뢰도가 높습니다.
알사탕 ,백희나,책읽는곰,800번대,33.5,49.5,91.1,61.3,전국구 베스트셀러 작가(백희나)의 신작입니다. 대표 출판사(책읽는곰)의 수매 신뢰도가 높습니다.
(이상한 과자 가게) 전천당,히로시마 레이코 글 ;김정화 옮김,길벗스쿨,800번대,33.5,49.5,91.0,61.3,전국구 베스트셀러 작가(히로시마 레이코 김정화 옮김)의 신작입니다. 대표 출판사(길벗스쿨)의 수매 신뢰도가 높습니다.
당신이 옳다 :정혜신의 적정심리학 ,지은이: 정혜신,해냄,100번대,62.5,32.6,82.0,61.3,전국구 베스트셀러 작가(정혜신)의 신작입니다. 출판 이력이 있는 출판사(해냄)입니다.
(이상한 과자 가게) 전천당,히로시마 레이코 글 ;김정화 옮김,길벗스쿨,800번대,33.5,49.5,91.0,61.3,전국구 베스트셀러 작가(히로시마 레이코 김정화 옮김)의 신작입니다. 대표 출판사(길벗스쿨)의 수매 신뢰도가 높습니다.
(이상한 과자 가게) 전천당,히로시마 레이코 글 ;김정화 옮김,길벗스쿨,800번대,33.5,49.5,91.0,61.3,전국구 베스트셀러 작가(히로시마 레이코 김정화 옮김)의 신작입니다. 대표 출판사(길벗스쿨)의 수매 신뢰도가 높습니다.
하얼빈 :김훈 장편소설 ,지은이: 김훈,문학동네,800번대,33.5,49.5,91.0,61.3,전국구 베스트셀러 작가(김훈)의 신작입니다. 대표 출판사(문학동네)의 수매 신뢰도가 높습니다.
(이상한 과자 가게) 전천당,히로시마 레이코 글 ;김정화 옮김,길벗스쿨,800번대,33.5,49.5,91.0,61.3,전국구 베스트셀러 작가(히로시마 레이코 김정화 옮김)의 신작입니다. 대표 출판사(길벗스쿨)의 수매 신뢰도가 높습니다.
(이상한 과자 가게) 전천당,히로시마 레이코 글 ;김정화 옮김,길벗스쿨,800번대,33.5,49.5,91.0,61.3,전국구 베스트셀러 작가(히로시마 레이코 김정화 옮김)의 신작입니다. 대표 출판사(길벗스쿨)의 수매 신뢰도가 높습니다.
(이상한 과자 가게) 전천당,히로시마 레이코 글 ;김정화 옮김,길벗스쿨,800번대,33.5,49.5,91.0,61.3,전국구 베스트셀러 작가(히로시마 레이코 김정화 옮김)의 신작입니다. 대표 출판사(길벗스쿨)의 수매 신뢰도가 높습니다.
(이상한 과자 가게) 전천당,히로시마 레이코 글 ;김정화 옮김,길벗스쿨,800번대,33.5,49.5,91.0,61.3,전국구 베스트셀러 작가(히로시마 레이코 김정화 옮김)의 신작입니다. 대표 출판사(길벗스쿨)의 수매 신뢰도가 높습니다.
당신은 결국 무엇이든 해내는 사람 :김상현 에세이 ,지은이: 김상현,필름(필름출판사),800번대,33.5,49.5,91.1,61.3,전국구 베스트셀러 작가(김상현)의 신작입니다. 대표 출판사(필름(필름출판사))의 수매 신뢰도가 높습니다.
(이상한 과자 가게) 전천당,히로시마 레이코 글 ;김정화 옮김,길벗스쿨,800번대,33.5,49.5,91.0,61.3,전국구 베스트셀러 작가(히로시마 레이코 김정화 옮김)의 신작입니다. 대표 출판사(길벗스쿨)의 수매 신뢰도가 높습니다.
장수탕 선녀님 ,지은이: 백희나,책읽는곰,800번대,33.5,49.5,91.1,61.3,전국구 베스트셀러 작가(백희나)의 신작입니다. 대표 출판사(책읽는곰)의 수매 신뢰도가 높습니다.
(이상한 과자 가게) 전천당,히로시마 레이코 글 ;김정화 옮김,길벗스쿨,800번대,33.5,49.5,91.0,61.3,전국구 베스트셀러 작가(히로시마 레이코 김정화 옮김)의 신작입니다. 대표 출판사(길벗스쿨)의 수매 신뢰도가 높습니다.
(이상한 과자 가게) 전천당,히로시마 레이코 글 ;김정화 옮김,길벗스쿨,800번대,33.5,49.5,91.0,61.3,전국구 베스트셀러 작가(히로시마 레이코 김정화 옮김)의 신작입니다. 대표 출판사(길벗스쿨)의 수매 신뢰도가 높습니다.
신기한 맛 도깨비 식당,"김용세,센개 그림",꿈터,800번대,33.5,49.5,90.8,61.2,전국구 베스트셀러 작가(김용세)의 신작입니다. 대표 출판사(꿈터)의 수매 신뢰도가 높습니다.
렛뎀 이론 :인생이 '나'로 충만해지는 내버려두기의 기술 ,"멜 로빈스,윤효원 옮김",비즈니스북스,100번대,62.5,32.6,81.8,61.2,전국구 베스트셀러 작가(멜 로빈스)의 신작입니다. 출판 이력이 있는 출판사(비즈니스북스)입니다.
사랑의 기술 ,에리히 프롬 지음 ;황문수 옮김,문예출판사,100번대,62.5,32.6,81.8,61.2,전국구 베스트셀러 작가(에리히 프롬 지음)의 신작입니다. 출판 이력이 있는 출판사(문예출판사)입니다.
신기한 맛 도깨비 식당,"김용세,센개 그림",꿈터,800번대,33.5,49.5,90.8,61.2,전국구 베스트셀러 작가(김용세)의 신작입니다. 대표 출판사(꿈터)의 수매 신뢰도가 높습니다.
신기한 맛 도깨비 식당 7,"김용세, 김병섭 (지은이), 센개 (그림)",꿈터,800번대,33.5,49.5,90.8,61.2,전국구 베스트셀러 작가(김용세)의 신작입니다. 대표 출판사(꿈터)의 수매 신뢰도가 높습니다.
H마트에서 울다 ,미셸 자우너 지음 ;정혜윤 옮김,문학동네,800번대,33.5,49.5,90.8,61.2,전국구 베스트셀러 작가(미셸 자우너 지음)의 신작입니다. 대표 출판사(문학동네)의 수매 신뢰도가 높습니다.
신기한 맛 도깨비 식당,"김용세,센개 그림",꿈터,800번대,33.5,49.5,90.8,61.2,전국구 베스트셀러 작가(김용세)의 신작입니다. 대표 출판사(꿈터)의 수매 신뢰도가 높습니다.
신기한 맛 도깨비 식당,"김용세,센개 그림",꿈터,800번대,33.5,49.5,90.8,61.2,전국구 베스트셀러 작가(김용세)의 신작입니다. 대표 출판사(꿈터)의 수매 신뢰도가 높습니다.
미움받을 용기 :자유롭고 행복한 삶을 위한 아들러의 가르침 ,"기시미 이치로,전경아 옮김",인플루엔셜,100번대,62.5,32.6,81.6,61.2,전국구 베스트셀러 작가(기시미 이치로)의 신작입니다. 출판 이력이 있는 출판사(인플루엔셜)입니다.
신기한 맛 도깨비 식당,"김용세,센개 그림",꿈터,800번대,33.5,49.5,90.8,61.2,전국구 베스트셀러 작가(김용세)의 신작입니다. 대표 출판사(꿈터)의 수매 신뢰도가 높습니다.
신기한 맛 도깨비 식당 8,"김용세, 김병섭 (지은이), 센개 (그림)",꿈터,800번대,33.5,49.5,90.8,61.2,전국구 베스트셀러 작가(김용세)의 신작입니다. 대표 출판사(꿈터)의 수매 신뢰도가 높습니다.
신기한 맛 도깨비 식당,"김용세,센개 그림",꿈터,800번대,33.5,49.5,90.8,61.2,전국구 베스트셀러 작가(김용세)의 신작입니다. 대표 출판사(꿈터)의 수매 신뢰도가 높습니다.
신기한 맛 도깨비 식당,"김용세,센개 그림",꿈터,800번대,33.5,49.5,90.8,61.2,전국구 베스트셀러 작가(김용세)의 신작입니다. 대표 출판사(꿈터)의 수매 신뢰도가 높습니다.
어른의 행복은 조용하다 ,글: 태수,페이지2북스,800번대,33.5,49.5,90.7,61.2,전국구 베스트셀러 작가(태수)의 신작입니다. 대표 출판사(페이지2북스)의 수매 신뢰도가 높습니다.
소년이 온다 :한강 장편소설 ,지은이: 한강,창비,800번대,33.5,49.5,90.6,61.1,전국구 베스트셀러 작가(한강)의 신작입니다. 대표 출판사(창비)의 수매 신뢰도가 높습니다.
채식주의자:한강 연작소설,한강,창비,800번대,33.5,49.5,90.6,61.1,전국구 베스트셀러 작가(한강)의 신작입니다. 대표 출판사(창비)의 수매 신뢰도가 높습니다.
(나에게 들려주는) 예쁜 말 ,글: 김종원 ;그림: 나래,상상아카데미,100번대,62.5,32.6,81.4,61.1,대출 실적이 있는 저자(김종원)입니다. 대표 출판사(상상아카데미)의 수매 신뢰도가 높습니다.
채식주의자 :한강 장편소설 ,지은이: 한강,창비,800번대,33.5,49.5,90.6,61.1,전국구 베스트셀러 작가(한강)의 신작입니다. 대표 출판사(창비)의 수매 신뢰도가 높습니다.
회색 인간 ,지은이: 김동식,요다,800번대,33.5,49.5,90.4,61.1,전국구 베스트셀러 작가(김동식)의 신작입니다. 대표 출판사(요다)의 수매 신뢰도가 높습니다.
행운이 너에게 다가오는 중 :이꽃님 장편소설 ,지은이: 이꽃님,문학동네,800번대,33.5,49.5,90.4,61.1,전국구 베스트셀러 작가(이꽃님)의 신작입니다. 대표 출판사(문학동네)의 수매 신뢰도가 높습니다.
소년이 온다 :한강 장편소설 ,지은이: 한강,창비,800번대,33.5,49.5,90.6,61.1,전국구 베스트셀러 작가(한강)의 신작입니다. 대표 출판사(창비)의 수매 신뢰도가 높습니다.
"오늘 밤, 세계에서 이 사랑이 사라진다 해도 ",이치조 미사키 지음 ;권영주 옮김,바이포엠,800번대,33.5,49.5,90.6,61.1,전국구 베스트셀러 작가(이치조 미사키 지음)의 신작입니다. 대표 출판사(바이포엠)의 수매 신뢰도가 높습니다.
소년이 온다 :한강 장편소설 ,지은이: 한강,창비,800번대,33.5,49.5,90.6,61.1,전국구 베스트셀러 작가(한강)의 신작입니다. 대표 출판사(창비)의 수매 신뢰도가 높습니다.
(흔한남매) 별난 세계 여행,흔한남매 원작 ;정주연 그림,미래엔,900번대,55.4,32.9,86.3,61.0,전국구 베스트셀러 작가(흔한남매 정주연 그림)의 신작입니다. 대표 출판사(미래엔)의 수매 신뢰도가 높습니다.
남에게 보여주려고 인생을 낭비하지 마라 :쇼펜하우어 소품집 ,아르투어 쇼펜하우어 지음 ;박제헌 옮김,Page2(페이지2북스),100번대,62.5,32.6,81.1,61.0,대출 실적이 있는 저자(아르투어 쇼펜하우어 지음)입니다. 출판 이력이 있는 출판사(Page2(페이지2북스))입니다.
(흔한남매) 별난 세계 여행,흔한남매 원작 ;정주연 그림,미래엔,900번대,55.4,32.9,86.3,61.0,전국구 베스트셀러 작가(흔한남매 정주연 그림)의 신작입니다. 대표 출판사(미래엔)의 수매 신뢰도가 높습니다.
(흔한남매) 별난 세계 여행,흔한남매 원작 ;정주연 그림,미래엔,900번대,55.4,32.9,86.3,61.0,전국구 베스트셀러 작가(흔한남매 정주연 그림)의 신작입니다. 대표 출판사(미래엔)의 수매 신뢰도가 높습니다.
아주 무서운 날 ,탕무니우 글·그림 ;홍연숙 옮김,찰리북,800번대,33.5,49.5,90.3,61.0,전국구 베스트셀러 작가(탕무니우 글·홍연숙 옮김)의 신작입니다. 대표 출판사(찰리북)의 수매 신뢰도가 높습니다.
달리기를 말할 때 내가 하고 싶은 이야기 =What I talk about when I talk about running ,무라카미 하루키 지음 ;임홍빈 옮김,문학사상,800번대,33.5,49.5,90.3,61.0,전국구 베스트셀러 작가(무라카미 하루키 지음)의 신작입니다. 대표 출판사(문학사상)의 수매 신뢰도가 높습니다.
비가 오면 열리는 상점 =유영광 장편소설 /The rainbow goblin store ,지은이: 유영광,클레이하우스,800번대,33.5,49.5,90.2,61.0,전국구 베스트셀러 작가(유영광)의 신작입니다. 대표 출판사(클레이하우스)의 수매 신뢰도가 높습니다.
틀려도 괜찮아,마키타 신지 글;유문조 옮김,토토북,800번대,33.5,49.5,90.3,61.0,전국구 베스트셀러 작가(마키타 신지 유문조 옮김)의 신작입니다. 대표 출판사(토토북)의 수매 신뢰도가 높습니다.
(흔한남매) 별난 세계 여행,흔한남매 원작 ;정주연 그림,미래엔,900번대,55.4,32.9,86.3,61.0,전국구 베스트셀러 작가(흔한남매 정주연 그림)의 신작입니다. 대표 출판사(미래엔)의 수매 신뢰도가 높습니다.
돌이킬 수 없는 약속 :야쿠마루 가쿠 장편소설 ,저자: 야쿠마루 가쿠 ;옮긴이: 김성미,Book plaza(북플라자),800번대,33.5,49.5,90.2,61.0,전국구 베스트셀러 작가(야쿠마루 가쿠)의 신작입니다. 대표 출판사(Book plaza(북플라자))의 수매 신뢰도가 높습니다.
(흔한남매) 별난 세계 여행,흔한남매 원작 ;정주연 그림,미래엔,900번대,55.4,32.9,86.3,61.0,전국구 베스트셀러 작가(흔한남매 정주연 그림)의 신작입니다. 대표 출판사(미래엔)의 수매 신뢰도가 높습니다.
빨모쌤의 라이브 영어회화 :맥락과 뉘앙스가 살아나는 진짜 영어 말하기 수업 ,신용하 지음,웅진씽크빅,700번대,63.3,30.3,82.2,61.0,전국구 베스트셀러 작가(신용하 지음)의 신작입니다. 출판 이력이 있는 출판사(웅진씽크빅)입니다.
부자 아빠 투자 불변의 법칙 :500억 자산가가 남긴 마지막 유산 ,타쨩 지음 ;박선영 옮김,오팬하우스,300번대,70.4,38.5,70.6,60.9,대출 실적이 있는 저자(타쨩 지음)입니다. 출판 이력이 있는 출판사(오팬하우스)입니다.
모순 :양귀자 장편소설 ,지은이: 양귀자,쓰다,800번대,33.5,49.5,89.9,60.9,전국구 베스트셀러 작가(양귀자)의 신작입니다. 대표 출판사(쓰다)의 수매 신뢰도가 높습니다.
나는 소망한다 내게 금지된 것을 :양귀자 장편소설 ,지은이: 양귀자,쓰다,800번대,33.5,49.5,89.9,60.9,전국구 베스트셀러 작가(양귀자)의 신작입니다. 대표 출판사(쓰다)의 수매 신뢰도가 높습니다.
희망 :양귀자 장편소설 ,지은이: 양귀자,쓰다,800번대,33.5,49.5,89.9,60.9,전국구 베스트셀러 작가(양귀자)의 신작입니다. 대표 출판사(쓰다)의 수매 신뢰도가 높습니다.
고요한 우연 :김수빈 장편소설 ,글쓴이: 김수빈,문학동네,800번대,33.5,49.5,90.1,60.9,전국구 베스트셀러 작가(글쓴이: 김수빈)의 신작입니다. 대표 출판사(문학동네)의 수매 신뢰도가 높습니다.
파친코 :이민진 장편소설 ,지은이: 이민진 ;옮긴이: 신승미,인플루엔셜,800번대,33.5,49.5,90.1,60.9,전국구 베스트셀러 작가(이민진)의 신작입니다. 대표 출판사(인플루엔셜)의 수매 신뢰도가 높습니다.
연남동 빙굴빙굴 빨래방 :김지윤 장편소설 ,지은이: 김지윤,팩토리나인,800번대,33.5,49.5,89.9,60.9,전국구 베스트셀러 작가(김지윤)의 신작입니다. 대표 출판사(팩토리나인)의 수매 신뢰도가 높습니다.
작은 땅의 야수들 :김주혜 장편소설 ,지은이: 김주혜 ;옮긴이: 박소현,다산북스,800번대,33.5,49.5,89.9,60.9,전국구 베스트셀러 작가(김주혜)의 신작입니다. 대표 출판사(다산북스)의 수매 신뢰도가 높습니다.
너를 미워할 시간에 나를 사랑하기로 했다 :관계에 휘둘리지 않고 나를 지키는 방법 ,윤서진 지음,스몰빅미디어,100번대,62.5,32.6,80.9,60.9,전국구 베스트셀러 작가(윤서진 지음)의 신작입니다. 출판 이력이 있는 출판사(스몰빅미디어)입니다.
파친코 :이민진 장편소설 ,지은이: 이민진 ;옮긴이: 신승미,인플루엔셜,800번대,33.5,49.5,90.1,60.9,전국구 베스트셀러 작가(이민진)의 신작입니다. 대표 출판사(인플루엔셜)의 수매 신뢰도가 높습니다.
독고솜에게 반하면 - 제10회 문학동네청소년문학상 대상 수상작,허진희 (지은이),문학동네,800번대,33.5,49.5,90.1,60.9,전국구 베스트셀러 작가(허진희 (지은이))의 신작입니다. 대표 출판사(문학동네)의 수매 신뢰도가 높습니다.
책 먹는 여우 ,프란치스카 비어만 지음 ;김경연 옮김,김영사,800번대,33.5,49.5,90.1,60.9,전국구 베스트셀러 작가(프란치스카 비어만 지음)의 신작입니다. 대표 출판사(김영사)의 수매 신뢰도가 높습니다.
텐배거 포트폴리오 :김학주가 짚어주는 시장의 미래를 바꿀 주식 top 50 ,김학주 지음,Page2(페이지2북스),300번대,70.4,38.5,70.5,60.9,대출 실적이 있는 저자(김학주 지음)입니다. 출판 이력이 있는 출판사(Page2(페이지2북스))입니다.
나는 나로 살기로 했다 :냉담한 현실에서 어른살이를 위한 to do list ,글·그림: 김수현,마음의숲,800번대,33.5,49.5,90.0,60.9,전국구 베스트셀러 작가(글·김수현)의 신작입니다. 대표 출판사(마음의숲)의 수매 신뢰도가 높습니다.
튤립 호텔 :김지안 그림책 ,지은이: 김지안,창비,800번대,33.5,49.5,89.7,60.8,전국구 베스트셀러 작가(김지안)의 신작입니다. 대표 출판사(창비)의 수매 신뢰도가 높습니다.
내가 나라서 정말 좋아 :단단한 마음을 만드는 다정한 말 ,김지훤 글 ;하꼬방 그림,길벗,100번대,62.5,32.6,80.7,60.8,전국구 베스트셀러 작가(김지훤 하꼬방 그림)의 신작입니다. 출판 이력이 있는 출판사(길벗)입니다.
고래:천명관 장편소설,천명관 지음,문학동네,800번대,33.5,49.5,89.8,60.8,전국구 베스트셀러 작가(천명관 지음)의 신작입니다. 대표 출판사(문학동네)의 수매 신뢰도가 높습니다.
엄마 자판기 ,글·그림: 조경희,노란돼지,800번대,33.5,49.5,89.8,60.8,전국구 베스트셀러 작가(글·조경희)의 신작입니다. 대표 출판사(노란돼지)의 수매 신뢰도가 높습니다.
장미 저택 :김지안 그림책 ,지은이: 김지안,창비,800번대,33.5,49.5,89.7,60.8,전국구 베스트셀러 작가(김지안)의 신작입니다. 대표 출판사(창비)의 수매 신뢰도가 높습니다.
"아빠 자판기 :아빠, 사랑, 딸, 놀이 ",글·그림: 조경희,노란돼지,800번대,33.5,49.5,89.8,60.8,전국구 베스트셀러 작가(글·조경희)의 신작입니다. 대표 출판사(노란돼지)의 수매 신뢰도가 높습니다.
친구 자판기 ,글·그림: 조경희,노란돼지,800번대,33.5,49.5,89.8,60.8,전국구 베스트셀러 작가(글·조경희)의 신작입니다. 대표 출판사(노란돼지)의 수매 신뢰도가 높습니다.
달러 이후의 질서 :트럼프 경제 패권의 미래 ,케네스 로고프 지음 ;노승영 옮김,윌북,300번대,70.4,38.5,70.1,60.7,대출 실적이 있는 저자(케네스 로고프 지음)입니다. 출판 이력이 있는 출판사(윌북)입니다.
비트코인 없는 미래는 없다 :세계 최초 화폐철학과의 비밀노트 ,"오태민,김유정 지음",거인의 정원,300번대,70.4,38.5,70.1,60.7,대출 실적이 있는 저자(오태민)입니다. 출판 이력이 있는 출판사(거인의 정원)입니다.
이중 하나는 거짓말 :김애란 장편소설 ,지은이: 김애란,문학동네,800번대,33.5,49.5,89.6,60.7,전국구 베스트셀러 작가(김애란)의 신작입니다. 대표 출판사(문학동네)의 수매 신뢰도가 높습니다.
대도시의 사랑법 :박상영 연작소설 ,지은이: 박상영,창비,800번대,33.5,49.5,89.5,60.7,전국구 베스트셀러 작가(박상영)의 신작입니다. 대표 출판사(창비)의 수매 신뢰도가 높습니다.
단 한 번의 삶 ,지은이: 김영하,복복서가,800번대,33.5,49.5,89.4,60.7,전국구 베스트셀러 작가(김영하)의 신작입니다. 대표 출판사(복복서가)의 수매 신뢰도가 높습니다.
안녕이라 그랬어 :김애란 소설 ,지은이: 김애란,문학동네,800번대,33.5,49.5,89.6,60.7,전국구 베스트셀러 작가(김애란)의 신작입니다. 대표 출판사(문학동네)의 수매 신뢰도가 높습니다.
위풍당당 여우 꼬리,손원평 글 ;만물상 그림,창비,800번대,33.5,49.5,89.4,60.7,전국구 베스트셀러 작가(손원평 만물상 그림)의 신작입니다. 대표 출판사(창비)의 수매 신뢰도가 높습니다.
기분이 태도가 되지 말자 :감정조절이 필요한 당신을 위한 책 ,김수현 지음,H(하이스트 출판사),800번대,33.5,49.5,89.4,60.7,전국구 베스트셀러 작가(김수현 지음)의 신작입니다. 대표 출판사(H(하이스트 출판사))의 수매 신뢰도가 높습니다.
상실의 시대 :무라카미 하루키 장편소설 ,지은이: 무라카미 하루키 ;옮긴이: 유유정,문학사상,800번대,33.5,49.5,89.5,60.7,전국구 베스트셀러 작가(무라카미 하루키)의 신작입니다. 대표 출판사(문학사상)의 수매 신뢰도가 높습니다.
일의 감각 =Work and sense ,지은이: 조수용,B미디어컴퍼니,300번대,70.4,38.5,70.0,60.7,대출 실적이 있는 저자(조수용)입니다. 출판 이력이 있는 출판사(B미디어컴퍼니)입니다.
위풍당당 여우 꼬리,손원평 글 ;만물상 그림,창비,800번대,33.5,49.5,89.4,60.7,전국구 베스트셀러 작가(손원평 만물상 그림)의 신작입니다. 대표 출판사(창비)의 수매 신뢰도가 높습니다.
바깥은 여름 :김애란 소설 ,지은이: 김애란,문학동네,800번대,33.5,49.5,89.6,60.7,전국구 베스트셀러 작가(김애란)의 신작입니다. 대표 출판사(문학동네)의 수매 신뢰도가 높습니다.
보편의 단어,이기주,말글터,800번대,33.5,49.5,89.5,60.7,전국구 베스트셀러 작가(이기주)의 신작입니다. 대표 출판사(말글터)의 수매 신뢰도가 높습니다.
위풍당당 여우 꼬리,손원평 글 ;만물상 그림,창비,800번대,33.5,49.5,89.4,60.7,전국구 베스트셀러 작가(손원평 만물상 그림)의 신작입니다. 대표 출판사(창비)의 수매 신뢰도가 높습니다.
위풍당당 여우 꼬리,손원평 글 ;만물상 그림,창비,800번대,33.5,49.5,89.4,60.7,전국구 베스트셀러 작가(손원평 만물상 그림)의 신작입니다. 대표 출판사(창비)의 수매 신뢰도가 높습니다.
"여기는 커스터드, 특별한 도시락을 팝니다 ",가토 겐 지음 ;양지윤 옮김,필름(필름 출판사),800번대,33.5,49.5,89.4,60.7,전국구 베스트셀러 작가(가토 겐 지음)의 신작입니다. 대표 출판사(필름(필름 출판사))의 수매 신뢰도가 높습니다.
위풍당당 여우 꼬리,손원평 글 ;만물상 그림,창비,800번대,33.5,49.5,89.4,60.7,전국구 베스트셀러 작가(손원평 만물상 그림)의 신작입니다. 대표 출판사(창비)의 수매 신뢰도가 높습니다.
"어느 날, 내 죽음에 네가 들어왔다 ",세이카 료겐 지음 ;김윤경 옮김,바이포엠 스튜디오,800번대,33.5,49.5,89.6,60.7,전국구 베스트셀러 작가(세이카 료겐 지음)의 신작입니다. 대표 출판사(바이포엠 스튜디오)의 수매 신뢰도가 높습니다.
위풍당당 여우 꼬리,손원평 글 ;만물상 그림,창비,800번대,33.5,49.5,89.4,60.7,전국구 베스트셀러 작가(손원평 만물상 그림)의 신작입니다. 대표 출판사(창비)의 수매 신뢰도가 높습니다.
작별인사 :김영하 장편소설 ,지은이: 김영하,복복서가,800번대,33.5,49.5,89.4,60.7,전국구 베스트셀러 작가(김영하)의 신작입니다. 대표 출판사(복복서가)의 수매 신뢰도가 높습니다.
(설민석의) 만만 한국사 :재미 만점★효과 만점★한국사 만화 ,"글: 설민석,그림: 김덕영",미래엔,900번대,55.4,32.9,85.5,60.7,전국구 베스트셀러 작가(설민석)의 신작입니다. 대표 출판사(미래엔)의 수매 신뢰도가 높습니다.
언어의 온도 :말과 글에는 나름의 따뜻함과 차가움이 있다 ,지은이: 이기주,말글터,800번대,33.5,49.5,89.5,60.7,전국구 베스트셀러 작가(이기주)의 신작입니다. 대표 출판사(말글터)의 수매 신뢰도가 높습니다.
흔한남매 이상한 나라의 고전 읽기,최재훈 글 ;정주연 그림,미래엔,800번대,33.5,49.5,89.2,60.6,전국구 베스트셀러 작가(최재훈 정주연 그림)의 신작입니다. 대표 출판사(미래엔)의 수매 신뢰도가 높습니다.
흔한남매 이상한 나라의 고전 읽기,최재훈 글 ;정주연 그림,미래엔,800번대,33.5,49.5,89.2,60.6,전국구 베스트셀러 작가(최재훈 정주연 그림)의 신작입니다. 대표 출판사(미래엔)의 수매 신뢰도가 높습니다.
당신의 인생이 왜 힘들지 않아야 한다고 생각하십니까 :쇼펜하우어 아포리즘 ,아르투어 쇼펜하우어 지음 ;김욱 편역,콘텐츠그룹 포레스트,100번대,62.5,32.6,80.3,60.6,대출 실적이 있는 저자(아르투어 쇼펜하우어 지음)입니다. 출판 이력이 있는 출판사(콘텐츠그룹 포레스트)입니다.
데미안 ,지은이: 헤르만 헤세 ;옮긴이: 전영애,민음사,800번대,33.5,49.5,89.2,60.6,전국구 베스트셀러 작가(헤르만 헤세)의 신작입니다. 대표 출판사(민음사)의 수매 신뢰도가 높습니다.
곰탕 :김영탁 장편소설 ,지은이: 김영탁,Arte(아르테),800번대,33.5,49.5,89.3,60.6,전국구 베스트셀러 작가(김영탁)의 신작입니다. 대표 출판사(Arte(아르테))의 수매 신뢰도가 높습니다.
흔한남매 이상한 나라의 고전 읽기,최재훈 글 ;정주연 그림,미래엔,800번대,33.5,49.5,89.2,60.6,전국구 베스트셀러 작가(최재훈 정주연 그림)의 신작입니다. 대표 출판사(미래엔)의 수매 신뢰도가 높습니다.
흔한남매 이상한 나라의 고전 읽기,최재훈 글 ;정주연 그림,미래엔,800번대,33.5,49.5,89.2,60.6,전국구 베스트셀러 작가(최재훈 정주연 그림)의 신작입니다. 대표 출판사(미래엔)의 수매 신뢰도가 높습니다.
바삭바삭 갈매기 ,전민걸 글·그림,한림출판사,800번대,33.5,49.5,89.2,60.6,전국구 베스트셀러 작가(전민걸 글·그림)의 신작입니다. 대표 출판사(한림출판사)의 수매 신뢰도가 높습니다.
흔한남매 이상한 나라의 고전 읽기,최재훈 글 ;정주연 그림,미래엔,800번대,33.5,49.5,89.2,60.6,전국구 베스트셀러 작가(최재훈 정주연 그림)의 신작입니다. 대표 출판사(미래엔)의 수매 신뢰도가 높습니다.
용선생 만화 한국사: ,"글: 정상민,주성윤",사회평론,900번대,55.4,32.9,85.3,60.6,전국구 베스트셀러 작가(정상민)의 신작입니다. 대표 출판사(사회평론)의 수매 신뢰도가 높습니다.
곰탕 :김영탁 장편소설 ,지은이: 김영탁,Arte(아르테),800번대,33.5,49.5,89.3,60.6,전국구 베스트셀러 작가(김영탁)의 신작입니다. 대표 출판사(Arte(아르테))의 수매 신뢰도가 높습니다.
"행복의 기원 :생존과 번식, 행복은 진화의 산물이다 ",서은국 지음,21세기북스(북이십일 21세기북스),100번대,62.5,32.6,80.2,60.6,전국구 베스트셀러 작가(서은국 지음)의 신작입니다. 출판 이력이 있는 출판사(21세기북스(북이십일 21세기북스))입니다.
봉제인형 살인사건 :다니엘 콜 장편소설 ,저자: 다니엘 콜 ;옮긴이: 유혜인,Book plaza(북플라자),800번대,33.5,49.5,89.3,60.6,전국구 베스트셀러 작가(다니엘 콜)의 신작입니다. 대표 출판사(Book plaza(북플라자))의 수매 신뢰도가 높습니다.
흔한남매 이상한 나라의 고전 읽기,최재훈 글 ;정주연 그림,미래엔,800번대,33.5,49.5,89.2,60.6,전국구 베스트셀러 작가(최재훈 정주연 그림)의 신작입니다. 대표 출판사(미래엔)의 수매 신뢰도가 높습니다.
흔한남매 이상한 나라의 고전 읽기,최재훈 글 ;정주연 그림,미래엔,800번대,33.5,49.5,89.2,60.6,전국구 베스트셀러 작가(최재훈 정주연 그림)의 신작입니다. 대표 출판사(미래엔)의 수매 신뢰도가 높습니다.
흔한남매 이상한 나라의 고전 읽기,최재훈 글 ;정주연 그림,미래엔,800번대,33.5,49.5,89.2,60.6,전국구 베스트셀러 작가(최재훈 정주연 그림)의 신작입니다. 대표 출판사(미래엔)의 수매 신뢰도가 높습니다.
당연하게도 나는 너를 :이꽃님 장편소설 ,지은이: 이꽃님,우리학교,800번대,33.5,49.5,89.0,60.5,전국구 베스트셀러 작가(이꽃님)의 신작입니다. 대표 출판사(우리학교)의 수매 신뢰도가 높습니다.
강아지똥 ,글: 권정생 ;그림: 정승각,길벗어린이,800번대,33.5,49.5,89.1,60.5,전국구 베스트셀러 작가(권정생)의 신작입니다. 출판 이력이 있는 출판사(길벗어린이)입니다.
낭만 강아지 봉봉,홍민정 글 ;김무연 그림,다산북스,800번대,33.5,49.5,89.1,60.5,전국구 베스트셀러 작가(홍민정 김무연 그림)의 신작입니다. 대표 출판사(다산북스)의 수매 신뢰도가 높습니다.
낭만 강아지 봉봉,홍민정 글 ;김무연 그림,다산북스,800번대,33.5,49.5,89.1,60.5,전국구 베스트셀러 작가(홍민정 김무연 그림)의 신작입니다. 대표 출판사(다산북스)의 수매 신뢰도가 높습니다.
당근 유치원 ,지은이: 안녕달,창비,800번대,33.5,49.5,89.1,60.5,전국구 베스트셀러 작가(안녕달)의 신작입니다. 대표 출판사(창비)의 수매 신뢰도가 높습니다.
낭만 강아지 봉봉,홍민정 글 ;김무연 그림,다산북스,800번대,33.5,49.5,89.1,60.5,전국구 베스트셀러 작가(홍민정 김무연 그림)의 신작입니다. 대표 출판사(다산북스)의 수매 신뢰도가 높습니다.
건전지 아빠 :전승배·강인숙 그림책 ,"지은이: 전승배,강인숙",창비,800번대,33.5,49.5,89.0,60.5,전국구 베스트셀러 작가(전승배)의 신작입니다. 대표 출판사(창비)의 수매 신뢰도가 높습니다.
별에게 :안녕달 그림책 ,지은이: 안녕달,창비,800번대,33.5,49.5,89.1,60.5,전국구 베스트셀러 작가(안녕달)의 신작입니다. 대표 출판사(창비)의 수매 신뢰도가 높습니다.
죽이고 싶은 아이 :이꽃님 장편소설 ,지은이: 이꽃님,우리학교,800번대,33.5,49.5,89.0,60.5,전국구 베스트셀러 작가(이꽃님)의 신작입니다. 대표 출판사(우리학교)의 수매 신뢰도가 높습니다.
죽이고 싶은 아이 :이꽃님 장편소설,지은이: 이꽃님,우리학교,800번대,33.5,49.5,89.0,60.5,전국구 베스트셀러 작가(이꽃님)의 신작입니다. 대표 출판사(우리학교)의 수매 신뢰도가 높습니다.
낭만 강아지 봉봉,홍민정 글 ;김무연 그림,다산북스,800번대,33.5,49.5,89.1,60.5,전국구 베스트셀러 작가(홍민정 김무연 그림)의 신작입니다. 대표 출판사(다산북스)의 수매 신뢰도가 높습니다.
낭만 강아지 봉봉,홍민정 글 ;김무연 그림,다산북스,800번대,33.5,49.5,89.1,60.5,전국구 베스트셀러 작가(홍민정 김무연 그림)의 신작입니다. 대표 출판사(다산북스)의 수매 신뢰도가 높습니다.
할머니의 여름휴가,안녕달,창비,800번대,33.5,49.5,89.1,60.5,전국구 베스트셀러 작가(안녕달)의 신작입니다. 대표 출판사(창비)의 수매 신뢰도가 높습니다.
수박 수영장 :안녕달 그림책 ,지은이: 안녕달,창비,800번대,33.5,49.5,89.1,60.5,전국구 베스트셀러 작가(안녕달)의 신작입니다. 대표 출판사(창비)의 수매 신뢰도가 높습니다.
낭만 강아지 봉봉,홍민정 글 ;김무연 그림,다산북스,800번대,33.5,49.5,89.1,60.5,전국구 베스트셀러 작가(홍민정 김무연 그림)의 신작입니다. 대표 출판사(다산북스)의 수매 신뢰도가 높습니다.
당근 할머니 :안녕달 그림책 ,지은이: 안녕달,창비,800번대,33.5,49.5,89.1,60.5,전국구 베스트셀러 작가(안녕달)의 신작입니다. 대표 출판사(창비)의 수매 신뢰도가 높습니다.
바다가 들리는 편의점 ,마치다 소노코 지음 ;황국영 옮김,바이포엠 스튜디오,800번대,33.5,49.5,89.0,60.5,전국구 베스트셀러 작가(마치다 소노코 지음)의 신작입니다. 대표 출판사(바이포엠 스튜디오)의 수매 신뢰도가 높습니다.
낭만 강아지 봉봉,홍민정 글 ;김무연 그림,다산북스,800번대,33.5,49.5,89.1,60.5,전국구 베스트셀러 작가(홍민정 김무연 그림)의 신작입니다. 대표 출판사(다산북스)의 수매 신뢰도가 높습니다.
아주 세속적인 지혜 :400년 동안 사랑받은 인생의 고전 ,발타자르 그라시안 지음 ;강정선 옮김,Page2(페이지2북스),100번대,62.5,32.6,79.8,60.5,대출 실적이 있는 저자(발타자르 그라시안 지음)입니다. 출판 이력이 있는 출판사(Page2(페이지2북스))입니다.
낭만 강아지 봉봉,홍민정 글 ;김무연 그림,다산북스,800번대,33.5,49.5,89.1,60.5,전국구 베스트셀러 작가(홍민정 김무연 그림)의 신작입니다. 대표 출판사(다산북스)의 수매 신뢰도가 높습니다.
눈아이 :안녕달 그림책 ,지은이: 안녕달,창비,800번대,33.5,49.5,89.1,60.5,전국구 베스트셀러 작가(안녕달)의 신작입니다. 대표 출판사(창비)의 수매 신뢰도가 높습니다.
캔들차트 하나로 끝내는 추세추종 투자 :주식 매수 매도 타이밍을 읽는 눈 ,성승현 지음,포르체,300번대,70.4,38.5,69.6,60.5,대출 실적이 있는 저자(성승현 지음)입니다. 출판 이력이 있는 출판사(포르체)입니다.
낭만 강아지 봉봉,홍민정 글 ;김무연 그림,다산북스,800번대,33.5,49.5,89.1,60.5,전국구 베스트셀러 작가(홍민정 김무연 그림)의 신작입니다. 대표 출판사(다산북스)의 수매 신뢰도가 높습니다.
토지 :박경리 대하소설,지은이: 박경리,마로니에북스,800번대,33.5,49.5,88.9,60.5,전국구 베스트셀러 작가(박경리)의 신작입니다. 대표 출판사(마로니에북스)의 수매 신뢰도가 높습니다.
내가 없던 어느 밤에 :이꽃님 장편소설 ,지은이: 이꽃님,우리학교,800번대,33.5,49.5,89.0,60.5,전국구 베스트셀러 작가(이꽃님)의 신작입니다. 대표 출판사(우리학교)의 수매 신뢰도가 높습니다.
겨울 이불 :안녕달 그림책 ,지은이: 안녕달,창비,800번대,33.5,49.5,89.1,60.5,전국구 베스트셀러 작가(안녕달)의 신작입니다. 대표 출판사(창비)의 수매 신뢰도가 높습니다.
브로콜리지만 사랑받고 싶어 ,"별다름,서영 그림",키다리,800번대,33.5,49.5,88.7,60.4,전국구 베스트셀러 작가(별다름)의 신작입니다. 대표 출판사(키다리)의 수매 신뢰도가 높습니다.
용선생 처음 한국사 ,글: 사회평론 역사연구소 ;윤효식,사회평론,900번대,55.4,32.9,84.7,60.4,전국구 베스트셀러 작가(사회평론 역사연구소)의 신작입니다. 대표 출판사(사회평론)의 수매 신뢰도가 높습니다.
죽고 싶지만 떡볶이는 먹고 싶어 :백세희 에세이 ,지은이: 백세희,흔,800번대,33.5,49.5,88.8,60.4,전국구 베스트셀러 작가(백세희)의 신작입니다. 대표 출판사(흔)의 수매 신뢰도가 높습니다.
기억 전달자,로이스 로리 글;장은수 옮김,비룡소,800번대,33.5,49.5,88.7,60.4,전국구 베스트셀러 작가(로이스 로리 장은수 옮김)의 신작입니다. 대표 출판사(비룡소)의 수매 신뢰도가 높습니다.
고구마구마 ,지은이: 사이다,반달,800번대,33.5,49.5,88.8,60.4,전국구 베스트셀러 작가(사이다)의 신작입니다. 대표 출판사(반달)의 수매 신뢰도가 높습니다.
메리골드 마음 사진관 =윤정은 장편소설 /Marigold mind photo studio ,글: 윤정은,책읽어주는남자,800번대,33.5,49.5,88.7,60.4,전국구 베스트셀러 작가(윤정은)의 신작입니다. 출판 이력이 있는 출판사(책읽어주는남자)입니다.
애쓰지 않아도 :최은영 짧은 소설 ,지은이: 최은영 ;그린이: 김세희,마음산책,800번대,33.5,49.5,88.8,60.4,전국구 베스트셀러 작가(최은영)의 신작입니다. 출판 이력이 있는 출판사(마음산책)입니다.
백앤아 :교양이 층층 쌓이는 점프 맵,원작: 백앤아 ;그림: 돌만,샌드박스네트워크,300번대,70.4,38.5,69.0,60.3,대출 실적이 있는 저자(백앤아)입니다. 출판 이력이 있는 출판사(샌드박스네트워크)입니다.
백앤아 :교양이 층층 쌓이는 점프 맵,원작: 백앤아 ;그림: 돌만,샌드박스네트워크,300번대,70.4,38.5,69.0,60.3,대출 실적이 있는 저자(백앤아)입니다. 출판 이력이 있는 출판사(샌드박스네트워크)입니다.
언제나 다정 죽집 ,우신영 글 ;서영 그림,비룡소,800번대,33.5,49.5,88.6,60.3,전국구 베스트셀러 작가(우신영 서영 그림)의 신작입니다. 대표 출판사(비룡소)의 수매 신뢰도가 높습니다.
슈뻘맨의 숨은 국어 찾기 :슈뻘맨과 함께 국어 완전 정복!,슈뻘맨 원작 ;류수형 그림,미래엔,700번대,63.3,30.3,80.6,60.3,전국구 베스트셀러 작가(슈뻘맨 류수형 그림)의 신작입니다. 출판 이력이 있는 출판사(미래엔)입니다.
백앤아 :교양이 층층 쌓이는 점프 맵,원작: 백앤아 ;그림: 돌만,샌드박스네트워크,300번대,70.4,38.5,69.0,60.3,대출 실적이 있는 저자(백앤아)입니다. 출판 이력이 있는 출판사(샌드박스네트워크)입니다.
백앤아 :교양이 층층 쌓이는 점프 맵,원작: 백앤아 ;그림: 돌만,샌드박스네트워크,300번대,70.4,38.5,69.0,60.3,대출 실적이 있는 저자(백앤아)입니다. 출판 이력이 있는 출판사(샌드박스네트워크)입니다.
백앤아 :교양이 층층 쌓이는 점프 맵,원작: 백앤아 ;그림: 돌만,샌드박스네트워크,300번대,70.4,38.5,69.0,60.3,대출 실적이 있는 저자(백앤아)입니다. 출판 이력이 있는 출판사(샌드박스네트워크)입니다.
백앤아 :교양이 층층 쌓이는 점프 맵,원작: 백앤아 ;그림: 돌만,샌드박스네트워크,300번대,70.4,38.5,69.0,60.3,대출 실적이 있는 저자(백앤아)입니다. 출판 이력이 있는 출판사(샌드박스네트워크)입니다.
슈뻘맨의 숨은 국어 찾기 :슈뻘맨과 함께 국어 완전 정복!,슈뻘맨 원작 ;류수형 그림,미래엔,700번대,63.3,30.3,80.6,60.3,전국구 베스트셀러 작가(슈뻘맨 류수형 그림)의 신작입니다. 출판 이력이 있는 출판사(미래엔)입니다.
백앤아 :교양이 층층 쌓이는 점프 맵,원작: 백앤아 ;그림: 돌만,샌드박스네트워크,300번대,70.4,38.5,69.0,60.3,대출 실적이 있는 저자(백앤아)입니다. 출판 이력이 있는 출판사(샌드박스네트워크)입니다.
이토록 평범한 미래 :김연수 소설 ,지은이: 김연수,문학동네,800번대,33.5,49.5,88.5,60.3,전국구 베스트셀러 작가(김연수)의 신작입니다. 대표 출판사(문학동네)의 수매 신뢰도가 높습니다.
백앤아 :교양이 층층 쌓이는 점프 맵,원작: 백앤아 ;그림: 돌만,샌드박스네트워크,300번대,70.4,38.5,69.0,60.3,대출 실적이 있는 저자(백앤아)입니다. 출판 이력이 있는 출판사(샌드박스네트워크)입니다.
백앤아 :교양이 층층 쌓이는 점프 맵,원작: 백앤아 ;그림: 돌만,샌드박스네트워크,300번대,70.4,38.5,69.0,60.3,대출 실적이 있는 저자(백앤아)입니다. 출판 이력이 있는 출판사(샌드박스네트워크)입니다.
인간 실격,다자이 오사무 지음;김춘미 옮김,민음사,800번대,33.5,49.5,88.4,60.3,전국구 베스트셀러 작가(다자이 오사무 지음)의 신작입니다. 대표 출판사(민음사)의 수매 신뢰도가 높습니다.
메리골드 마음 세탁소 =윤정은 장편소설 /Marigold mind laundry ,글: 윤정은,북로망스,800번대,33.5,49.5,88.3,60.2,전국구 베스트셀러 작가(윤정은)의 신작입니다. 대표 출판사(북로망스)의 수매 신뢰도가 높습니다.
리보와 앤 :아무도 오지 않는 도서관의 두 로봇 ,어윤정 글 ;해마 그림,문학동네,800번대,33.5,49.5,88.2,60.2,전국구 베스트셀러 작가(어윤정 해마 그림)의 신작입니다. 대표 출판사(문학동네)의 수매 신뢰도가 높습니다.
허송세월 :김훈 산문 ,지은이: 김훈,나남,800번대,33.5,49.5,87.9,60.1,전국구 베스트셀러 작가(김훈)의 신작입니다. 대표 출판사(나남)의 수매 신뢰도가 높습니다.
작별하지 않는다 :한강 장편소설 ,지은이: 한강,문학동네,800번대,33.5,49.5,88.1,60.1,전국구 베스트셀러 작가(한강)의 신작입니다. 대표 출판사(문학동네)의 수매 신뢰도가 높습니다.
희랍어 시간 :한강 장편소설 ,지은이: 한강,문학동네,800번대,33.5,49.5,88.1,60.1,전국구 베스트셀러 작가(한강)의 신작입니다. 대표 출판사(문학동네)의 수매 신뢰도가 높습니다.
긴긴밤 ,루리 글·그림,문학동네,800번대,33.5,49.5,88.1,60.1,전국구 베스트셀러 작가(루리 글·그림)의 신작입니다. 대표 출판사(문학동네)의 수매 신뢰도가 높습니다.
한강 ,지은이: 한강,문학동네,800번대,33.5,49.5,88.1,60.1,전국구 베스트셀러 작가(한강)의 신작입니다. 대표 출판사(문학동네)의 수매 신뢰도가 높습니다.
완전한 행복 :정유정 장편소설 ,지은이: 정유정,은행나무,800번대,33.5,49.5,88.0,60.1,전국구 베스트셀러 작가(정유정)의 신작입니다. 대표 출판사(은행나무)의 수매 신뢰도가 높습니다.
검은 사슴 :한강 장편소설 ,지은이: 한강,문학동네,800번대,33.5,49.5,88.1,60.1,전국구 베스트셀러 작가(한강)의 신작입니다. 대표 출판사(문학동네)의 수매 신뢰도가 높습니다.
28 :정유정 장편소설 ,지은이: 정유정,은행나무,800번대,33.5,49.5,88.0,60.1,전국구 베스트셀러 작가(정유정)의 신작입니다. 대표 출판사(은행나무)의 수매 신뢰도가 높습니다.
난장이가 쏘아올린 작은 공:조세희 소설집,조세희,이성과 힘,800번대,33.5,49.5,88.0,60.1,전국구 베스트셀러 작가(조세희)의 신작입니다. 대표 출판사(이성과 힘)의 수매 신뢰도가 높습니다.
나나 올리브에게 ,루리 글·그림,문학동네,800번대,33.5,49.5,88.1,60.1,전국구 베스트셀러 작가(루리 글·그림)의 신작입니다. 대표 출판사(문학동네)의 수매 신뢰도가 높습니다.
영원한 천국 :정유정 장편소설 ,지은이: 정유정,은행나무,800번대,33.5,49.5,88.0,60.1,전국구 베스트셀러 작가(정유정)의 신작입니다. 대표 출판사(은행나무)의 수매 신뢰도가 높습니다.
내 심장을 쏴라 :정유정 장편소설 ,지은이: 정유정,은행나무,800번대,33.5,49.5,88.0,60.1,전국구 베스트셀러 작가(정유정)의 신작입니다. 대표 출판사(은행나무)의 수매 신뢰도가 높습니다.
7년의 밤 :정유정 장편소설 ,지은이: 정유정,은행나무,800번대,33.5,49.5,88.0,60.1,전국구 베스트셀러 작가(정유정)의 신작입니다. 대표 출판사(은행나무)의 수매 신뢰도가 높습니다.
흰 :한강 소설 ,지은이: 한강,문학동네,800번대,33.5,49.5,88.1,60.1,전국구 베스트셀러 작가(한강)의 신작입니다. 대표 출판사(문학동네)의 수매 신뢰도가 높습니다.
흰 :한강 소설 ,지은이: 한강,문학동네,800번대,33.5,49.5,88.1,60.1,전국구 베스트셀러 작가(한강)의 신작입니다. 대표 출판사(문학동네)의 수매 신뢰도가 높습니다.
"진이, 지니 :정유정 장편소설 ",지은이: 정유정,은행나무,800번대,33.5,49.5,88.0,60.1,전국구 베스트셀러 작가(정유정)의 신작입니다. 대표 출판사(은행나무)의 수매 신뢰도가 높습니다.
종의 기원 =정유정 장편소설 /The origin of species ,지은이: 정유정,은행나무,800번대,33.5,49.5,88.0,60.1,전국구 베스트셀러 작가(정유정)의 신작입니다. 대표 출판사(은행나무)의 수매 신뢰도가 높습니다.
"질투는 아웃, 야구 장갑! :유설화 그림책 ",유설화,책읽는곰,800번대,33.5,49.5,87.7,60.0,전국구 베스트셀러 작가(유설화)의 신작입니다. 대표 출판사(책읽는곰)의 수매 신뢰도가 높습니다.
내 멋대로 나 뽑기 ,최은옥 글 ;김무연 그림,김영사,800번대,33.5,49.5,87.8,60.0,전국구 베스트셀러 작가(최은옥 김무연 그림)의 신작입니다. 대표 출판사(김영사)의 수매 신뢰도가 높습니다.
(내 멋대로) 친구 뽑기 ,최은옥 글 ;김무연 그림,김영사,800번대,33.5,49.5,87.8,60.0,전국구 베스트셀러 작가(최은옥 김무연 그림)의 신작입니다. 대표 출판사(김영사)의 수매 신뢰도가 높습니다.
"AGI, 천사인가 악마인가 :인간의 마지막 질문 ",김대식 지음,동아시아,300번대,70.4,38.5,68.4,60.0,대출 실적이 있는 저자(김대식 지음)입니다. 출판 이력이 있는 출판사(동아시아)입니다.
내 멋대로 급식 뽑기 ,최은옥 글 ;김무연 그림,김영사,800번대,33.5,49.5,87.8,60.0,전국구 베스트셀러 작가(최은옥 김무연 그림)의 신작입니다. 대표 출판사(김영사)의 수매 신뢰도가 높습니다.
"밤과 나침반 :목표는 크게, 실행은 작게 ",하와이 대저택 지음,논픽션,300번대,70.4,38.5,68.3,60.0,대출 실적이 있는 저자(하와이 대저택 지음)입니다. 출판 이력이 있는 출판사(논픽션)입니다.
"네 꿈을 응원해, 권투 장갑! :유설화 그림책 ",유설화,책읽는곰,800번대,33.5,49.5,87.7,60.0,전국구 베스트셀러 작가(유설화)의 신작입니다. 대표 출판사(책읽는곰)의 수매 신뢰도가 높습니다.
감정의 이해 ,엠마 헵번 지음 ;김나연 옮김,콘텐츠그룹 포레스트,100번대,62.5,32.6,78.6,60.0,대출 실적이 있는 저자(엠마 헵번 지음)입니다. 출판 이력이 있는 출판사(콘텐츠그룹 포레스트)입니다.
호랭면 :김지안 그림책 ,지은이: 김지안,M창비(미디어창비),800번대,33.5,49.5,87.7,60.0,전국구 베스트셀러 작가(김지안)의 신작입니다. 대표 출판사(M창비(미디어창비))의 수매 신뢰도가 높습니다.
연금술사,파울로 코엘료 지음;최정수 옮김,문학동네,800번대,33.5,49.5,87.7,60.0,전국구 베스트셀러 작가(파울로 코엘료 지음)의 신작입니다. 대표 출판사(문학동네)의 수매 신뢰도가 높습니다.
고백해도 되는 타이밍 :황영미 장편소설 ,지은이: 황영미,우리학교,800번대,33.5,49.5,87.7,60.0,전국구 베스트셀러 작가(황영미)의 신작입니다. 대표 출판사(우리학교)의 수매 신뢰도가 높습니다.
"용기를 내, 비닐장갑! :유설화 그림책 ",유설화,책읽는곰,800번대,33.5,49.5,87.7,60.0,전국구 베스트셀러 작가(유설화)의 신작입니다. 대표 출판사(책읽는곰)의 수매 신뢰도가 높습니다.
내 멋대로 장래 희망 뽑기 ,최은옥 글 ;김무연 그림,김영사,800번대,33.5,49.5,87.8,60.0,전국구 베스트셀러 작가(최은옥 김무연 그림)의 신작입니다. 대표 출판사(김영사)의 수매 신뢰도가 높습니다.
"거짓말이 뿡뿡, 고무장갑! :유설화 그림책 ",유설화,책읽는곰,800번대,33.5,49.5,87.7,60.0,전국구 베스트셀러 작가(유설화)의 신작입니다. 대표 출판사(책읽는곰)의 수매 신뢰도가 높습니다.
내 멋대로 아빠 뽑기 ,최은옥 글 ;김무연 그림,김영사,800번대,33.5,49.5,87.8,60.0,전국구 베스트셀러 작가(최은옥 김무연 그림)의 신작입니다. 대표 출판사(김영사)의 수매 신뢰도가 높습니다.
내 멋대로 선생님 뽑기 ,최은옥 글 ;김무연 그림,김영사,800번대,33.5,49.5,87.8,60.0,전국구 베스트셀러 작가(최은옥 김무연 그림)의 신작입니다. 대표 출판사(김영사)의 수매 신뢰도가 높습니다.
내 멋대로 반려동물 뽑기 ,최은옥 글 ;김무연 그림,김영사,800번대,33.5,49.5,87.8,60.0,전국구 베스트셀러 작가(최은옥 김무연 그림)의 신작입니다. 대표 출판사(김영사)의 수매 신뢰도가 높습니다.
내 멋대로 동생 뽑기 ,최은옥 글 ;김무연 그림,김영사,800번대,33.5,49.5,87.8,60.0,전국구 베스트셀러 작가(최은옥 김무연 그림)의 신작입니다. 대표 출판사(김영사)의 수매 신뢰도가 높습니다.
이파라파냐무냐무 :이지은 그림책 ,글·그림: 이지은,사계절(사계절출판사),800번대,33.5,49.5,87.8,60.0,전국구 베스트셀러 작가(글·이지은)의 신작입니다. 대표 출판사(사계절(사계절출판사))의 수매 신뢰도가 높습니다.
츠츠츠츠 :이지은 그림책 ,글·그림: 이지은,사계절(사계절출판사),800번대,33.5,49.5,87.8,60.0,전국구 베스트셀러 작가(글·이지은)의 신작입니다. 대표 출판사(사계절(사계절출판사))의 수매 신뢰도가 높습니다.
내 멋대로 날짜 뽑기 ,최은옥 글 ;김무연 그림,김영사,800번대,33.5,49.5,87.8,60.0,전국구 베스트셀러 작가(최은옥 김무연 그림)의 신작입니다. 대표 출판사(김영사)의 수매 신뢰도가 높습니다.
여덟 단어 :인생을 대하는 우리의 자세 ,박웅현 지음,북하우스 퍼블리셔스,800번대,33.5,49.5,87.7,60.0,전국구 베스트셀러 작가(박웅현 지음)의 신작입니다. 대표 출판사(북하우스 퍼블리셔스)의 수매 신뢰도가 높습니다.
내 멋대로 초능력 뽑기 ,최은옥 글 ;김무연 그림,김영사,800번대,33.5,49.5,87.8,60.0,전국구 베스트셀러 작가(최은옥 김무연 그림)의 신작입니다. 대표 출판사(김영사)의 수매 신뢰도가 높습니다.
급류 :정대건 장편소설 ,지은이: 정대건,민음사,800번대,33.5,49.5,87.8,60.0,전국구 베스트셀러 작가(정대건)의 신작입니다. 대표 출판사(민음사)의 수매 신뢰도가 높습니다.
(전설의 모험왕) 엉덩이 댄디 :the young,원작·감수: 트롤 ;옮긴이: 김정화,미래엔,800번대,33.5,49.5,87.5,59.9,전국구 베스트셀러 작가(원작·감수: 트롤)의 신작입니다. 대표 출판사(미래엔)의 수매 신뢰도가 높습니다.
(하퍼 리) 앵무새 죽이기 :하퍼 리 장편소설 ,지은이: 하퍼 리 ;옮긴이: 김욱동,열린책들,800번대,33.5,49.5,87.6,59.9,전국구 베스트셀러 작가(하퍼 리)의 신작입니다. 출판 이력이 있는 출판사(열린책들)입니다.
이 지랄맞음이 쌓여 축제가 되겠지 :조승리 에세이 ,글: 조승리,달 출판사,800번대,33.5,49.5,87.5,59.9,전국구 베스트셀러 작가(조승리)의 신작입니다. 대표 출판사(달 출판사)의 수매 신뢰도가 높습니다.
(전설의 모험왕) 엉덩이 댄디 :the young,원작·감수: 트롤 ;옮긴이: 김정화,미래엔,800번대,33.5,49.5,87.5,59.9,전국구 베스트셀러 작가(원작·감수: 트롤)의 신작입니다. 대표 출판사(미래엔)의 수매 신뢰도가 높습니다.
어린이라는 세계 :김소영 에세이 ,지은이: 김소영,사계절(사계절출판사),800번대,33.5,49.5,87.6,59.9,전국구 베스트셀러 작가(김소영)의 신작입니다. 대표 출판사(사계절(사계절출판사))의 수매 신뢰도가 높습니다.
꽃을 보듯 너를 본다 :나태주 인터넷 시집 ,지은이: 나태주,지혜,800번대,33.5,49.5,87.6,59.9,전국구 베스트셀러 작가(나태주)의 신작입니다. 대표 출판사(지혜)의 수매 신뢰도가 높습니다.
여름의 빌라 :백수린 소설 ,지은이: 백수린,문학동네,800번대,33.5,49.5,87.6,59.9,전국구 베스트셀러 작가(백수린)의 신작입니다. 대표 출판사(문학동네)의 수매 신뢰도가 높습니다.
눈부신 안부 :백수린 장편소설 ,지은이: 백수린,문학동네,800번대,33.5,49.5,87.6,59.9,전국구 베스트셀러 작가(백수린)의 신작입니다. 대표 출판사(문학동네)의 수매 신뢰도가 높습니다.
이끼숲 :천선란 연작소설 ,지은이: 천선란 ;일러스트: 점선면,자이언트북스,800번대,33.5,49.5,87.4,59.9,전국구 베스트셀러 작가(천선란)의 신작입니다. 대표 출판사(자이언트북스)의 수매 신뢰도가 높습니다.
세상의 마지막 기차역 ,무라세 다케시 지음 ;김지연 옮김,바이포엠 스튜디오,800번대,33.5,49.5,87.6,59.9,전국구 베스트셀러 작가(무라세 다케시 지음)의 신작입니다. 대표 출판사(바이포엠 스튜디오)의 수매 신뢰도가 높습니다.
어떤 어른 :김소영 에세이 ,지은이: 김소영 ;표지 및 본문 그림: 임진아,사계절(사계절출판사),800번대,33.5,49.5,87.6,59.9,전국구 베스트셀러 작가(김소영)의 신작입니다. 대표 출판사(사계절(사계절출판사))의 수매 신뢰도가 높습니다.
마음 지구력 =삶의 경로를 재탐색하는 발칙한 끈기에 대한 이야기 /Mental endurance ,윤홍균 지음,21세기북스(북이십일 21세기북스),100번대,62.5,32.6,78.4,59.9,전국구 베스트셀러 작가(윤홍균 지음)의 신작입니다. 출판 이력이 있는 출판사(21세기북스(북이십일 21세기북스))입니다.
(전설의 모험왕) 엉덩이 댄디 :the young,원작·감수: 트롤 ;옮긴이: 김정화,미래엔,800번대,33.5,49.5,87.5,59.9,전국구 베스트셀러 작가(원작·감수: 트롤)의 신작입니다. 대표 출판사(미래엔)의 수매 신뢰도가 높습니다.
(전설의 모험왕) 엉덩이 댄디 :the young,원작·감수: 트롤 ;옮긴이: 김정화,미래엔,800번대,33.5,49.5,87.5,59.9,전국구 베스트셀러 작가(원작·감수: 트롤)의 신작입니다. 대표 출판사(미래엔)의 수매 신뢰도가 높습니다.
(전설의 모험왕) 엉덩이 댄디 :the young,원작·감수: 트롤 ;옮긴이: 김정화,미래엔,800번대,33.5,49.5,87.5,59.9,전국구 베스트셀러 작가(원작·감수: 트롤)의 신작입니다. 대표 출판사(미래엔)의 수매 신뢰도가 높습니다.
불꽃 수영 대회 ,신현경 글 ;노예지 그림,인플루엔셜,800번대,33.5,49.5,87.3,59.8,전국구 베스트셀러 작가(신현경 노예지 그림)의 신작입니다. 대표 출판사(인플루엔셜)의 수매 신뢰도가 높습니다.
먹어 보면 알지 :이지은 그림책 ,글·그림: 이지은,웅진씽크빅,800번대,33.5,49.5,87.3,59.8,전국구 베스트셀러 작가(글·이지은)의 신작입니다. 대표 출판사(웅진씽크빅)의 수매 신뢰도가 높습니다.
모래알만 한 진실이라도 :박완서 에세이 ,지은이: 박완서,세계사 컨텐츠 그룹,800번대,33.5,49.5,87.3,59.8,전국구 베스트셀러 작가(박완서)의 신작입니다. 대표 출판사(세계사 컨텐츠 그룹)의 수매 신뢰도가 높습니다.
벚꽃 수영장 ,신현경 글 ;노예지 그림,인플루엔셜,800번대,33.5,49.5,87.3,59.8,전국구 베스트셀러 작가(신현경 노예지 그림)의 신작입니다. 대표 출판사(인플루엔셜)의 수매 신뢰도가 높습니다.
태양 왕 수바 :이지은 그림책 ,글·그림: 이지은,웅진씽크빅,800번대,33.5,49.5,87.3,59.8,전국구 베스트셀러 작가(글·이지은)의 신작입니다. 대표 출판사(웅진씽크빅)의 수매 신뢰도가 높습니다.
야옹이 수영 교실 ,신현경 글 ;노예지 그림,인플루엔셜,800번대,33.5,49.5,87.3,59.8,전국구 베스트셀러 작가(신현경 노예지 그림)의 신작입니다. 대표 출판사(인플루엔셜)의 수매 신뢰도가 높습니다.
친구의 전설 :이지은 그림책 ,글·그림: 이지은,웅진씽크빅,800번대,33.5,49.5,87.3,59.8,전국구 베스트셀러 작가(글·이지은)의 신작입니다. 대표 출판사(웅진씽크빅)의 수매 신뢰도가 높습니다.
(초보자를 단숨에 고수로 만드는) 주식투자 핵심 수업 :슈퍼개미 이세무사 따라 텐베거 잡기 ,이정윤 지음,이레미디어,300번대,70.4,38.5,67.9,59.8,대출 실적이 있는 저자(이정윤 지음)입니다. 출판 이력이 있는 출판사(이레미디어)입니다.
우다다 꽁냥파크 ,권혁진 글 ;심보영 그림,비룡소,800번대,33.5,49.5,87.3,59.8,전국구 베스트셀러 작가(권혁진 심보영 그림)의 신작입니다. 대표 출판사(비룡소)의 수매 신뢰도가 높습니다.
쇼펜하우어 인생수업 :한 번뿐인 삶 이렇게 살아라 ,쇼펜하우어 저 ;김지민 엮음,Highest(하이스트),100번대,62.5,32.6,78.3,59.8,대출 실적이 있는 저자(쇼펜하우어 저)입니다. 대표 출판사(Highest(하이스트))의 수매 신뢰도가 높습니다.
우다다 꽁냥파크,권혁진 글 ;심보영 그림,비룡소,800번대,33.5,49.5,87.3,59.8,전국구 베스트셀러 작가(권혁진 심보영 그림)의 신작입니다. 대표 출판사(비룡소)의 수매 신뢰도가 높습니다.
"칵테일, 러브, 좀비 ",지은이: 조예은,안전가옥,800번대,33.5,49.5,87.3,59.8,전국구 베스트셀러 작가(조예은)의 신작입니다. 대표 출판사(안전가옥)의 수매 신뢰도가 높습니다.
도파민네이션 :쾌락 과잉 시대에서 균형 찾기 ,애나 렘키 지음 ;김두완 옮김,흐름출판,100번대,62.5,32.6,78.3,59.8,전국구 베스트셀러 작가(애나 렘키 지음)의 신작입니다. 출판 이력이 있는 출판사(흐름출판)입니다.
테디베어는 죽지 않아 :조예은 장편소설 ,지은이: 조예은,안전가옥,800번대,33.5,49.5,87.3,59.8,전국구 베스트셀러 작가(조예은)의 신작입니다. 대표 출판사(안전가옥)의 수매 신뢰도가 높습니다.
팥빙수의 전설 :이지은 그림책 ,글·그림: 이지은,웅진씽크빅,800번대,33.5,49.5,87.3,59.8,전국구 베스트셀러 작가(글·이지은)의 신작입니다. 대표 출판사(웅진씽크빅)의 수매 신뢰도가 높습니다.
슈퍼 토끼 :유설화 그림책 ,유설화 글·그림,책읽는곰,800번대,33.5,49.5,86.9,59.7,전국구 베스트셀러 작가(유설화 글·그림)의 신작입니다. 대표 출판사(책읽는곰)의 수매 신뢰도가 높습니다.
파견자들 :김초엽 장편소설 ,지은이: 김초엽,퍼블리온,800번대,33.5,49.5,86.9,59.7,전국구 베스트셀러 작가(김초엽)의 신작입니다. 대표 출판사(퍼블리온)의 수매 신뢰도가 높습니다.
"죽음이 물었다, 어떻게 살 거냐고 :찬란한 생의 끝에 만난 마지막 문장들 ",한스 할터 지음 ;한윤진 옮김,콘텐츠그룹 포레스트,100번대,62.5,32.6,77.9,59.7,대출 실적이 있는 저자(한스 할터 지음)입니다. 출판 이력이 있는 출판사(콘텐츠그룹 포레스트)입니다.
꽁꽁꽁 아이스크림 :윤정주 그림책 ,윤정주,책읽는곰,800번대,33.5,49.5,86.9,59.7,전국구 베스트셀러 작가(윤정주)의 신작입니다. 대표 출판사(책읽는곰)의 수매 신뢰도가 높습니다.
"악마와 함께 춤을 :시기, 질투, 분노는 어떻게 삶의 거름이 되는가 ",크리스타 K. 토마슨 지음 ;한재호 옮김,흐름출판,100번대,62.5,32.6,78.0,59.7,대출 실적이 있는 저자(크리스타 K. 토마슨 지음)입니다. 출판 이력이 있는 출판사(흐름출판)입니다.
아주 오랜만에 행복하다는 느낌 :백수린 에세이 ,지은이: 백수린,창비,800번대,33.5,49.5,86.9,59.7,전국구 베스트셀러 작가(백수린)의 신작입니다. 대표 출판사(창비)의 수매 신뢰도가 높습니다.
슈퍼 거북 ,유설화 글·그림,책읽는곰,800번대,33.5,49.5,86.9,59.7,전국구 베스트셀러 작가(유설화 글·그림)의 신작입니다. 대표 출판사(책읽는곰)의 수매 신뢰도가 높습니다.
"어느 날, 노비가 되었다","글: 지은지,그림: 유영근",지학사,800번대,33.5,49.5,87.1,59.7,전국구 베스트셀러 작가(지은지)의 신작입니다. 대표 출판사(지학사)의 수매 신뢰도가 높습니다.
가짜 모범생 :손현주 장편소설 ,지은이: 손현주,특별한서재,800번대,33.5,49.5,86.9,59.7,전국구 베스트셀러 작가(손현주)의 신작입니다. 대표 출판사(특별한서재)의 수매 신뢰도가 높습니다.
분실물이 돌아왔습니다 :김혜정 장편소설 ,지은이: 김혜정,밀리의서재,800번대,33.5,49.5,87.0,59.7,전국구 베스트셀러 작가(김혜정)의 신작입니다. 대표 출판사(밀리의서재)의 수매 신뢰도가 높습니다.
꽁꽁꽁 캠핑 :윤정주 그림책 ,윤정주,책읽는곰,800번대,33.5,49.5,86.9,59.7,전국구 베스트셀러 작가(윤정주)의 신작입니다. 대표 출판사(책읽는곰)의 수매 신뢰도가 높습니다.
꽁꽁꽁 댕댕 :윤정주 그림책 ,윤정주,책읽는곰,800번대,33.5,49.5,86.9,59.7,전국구 베스트셀러 작가(윤정주)의 신작입니다. 대표 출판사(책읽는곰)의 수매 신뢰도가 높습니다.
변비 탐정 실룩,이나영 글 ;박소연 그림,인플루엔셜,800번대,33.5,49.5,86.7,59.6,전국구 베스트셀러 작가(이나영 박소연 그림)의 신작입니다. 대표 출판사(인플루엔셜)의 수매 신뢰도가 높습니다.
율의 시선 :김민서 장편소설 ,지은이: 김민서,창비,800번대,33.5,49.5,86.8,59.6,전국구 베스트셀러 작가(김민서)의 신작입니다. 대표 출판사(창비)의 수매 신뢰도가 높습니다.
"첫 여름, 완주 :김금희 장편소설 ",저자 : 김금희,무제,800번대,33.5,49.5,86.7,59.6,전국구 베스트셀러 작가(김금희)의 신작입니다. 대표 출판사(무제)의 수매 신뢰도가 높습니다.
만일 내가 인생을 다시 산다면 :벌써 마흔이 된 당신에게 해 주고 싶은 말들 42 ,김혜남 지음,메이븐,100번대,62.5,32.6,77.8,59.6,대출 실적이 있는 저자(김혜남 지음)입니다. 대표 출판사(메이븐)의 수매 신뢰도가 높습니다.
호박 목욕탕 ,글·그림: 시바타 케이코 ;옮김: 황진희,위즈덤하우스,800번대,33.5,49.5,86.8,59.6,전국구 베스트셀러 작가(글·시바타 케이코)의 신작입니다. 대표 출판사(위즈덤하우스)의 수매 신뢰도가 높습니다.
지구 레스토랑 :조영글 그림책 ,지은이: 조영글,M창비(미디어창비),800번대,33.5,49.5,86.7,59.6,전국구 베스트셀러 작가(조영글)의 신작입니다. 대표 출판사(M창비(미디어창비))의 수매 신뢰도가 높습니다.
변비 탐정 실룩,이나영 글 ;박소연 그림,인플루엔셜,800번대,33.5,49.5,86.7,59.6,전국구 베스트셀러 작가(이나영 박소연 그림)의 신작입니다. 대표 출판사(인플루엔셜)의 수매 신뢰도가 높습니다.
변비 탐정 실룩,이나영 글 ;박소연 그림,인플루엔셜,800번대,33.5,49.5,86.7,59.6,전국구 베스트셀러 작가(이나영 박소연 그림)의 신작입니다. 대표 출판사(인플루엔셜)의 수매 신뢰도가 높습니다.
생각이 너무 많은 어른들을 위한 심리학 :후회 없는 삶을 살고 싶은 당신에게 해 주고 싶은 말들 ,김혜남 지음,메이븐,100번대,62.5,32.6,77.8,59.6,대출 실적이 있는 저자(김혜남 지음)입니다. 대표 출판사(메이븐)의 수매 신뢰도가 높습니다.
변비 탐정 실룩,이나영 글 ;박소연 그림,인플루엔셜,800번대,33.5,49.5,86.7,59.6,전국구 베스트셀러 작가(이나영 박소연 그림)의 신작입니다. 대표 출판사(인플루엔셜)의 수매 신뢰도가 높습니다.
벌써 마흔이 된 딸에게 :어떻게 살아야 하느냐고 묻는다면 ,한성희 지음,메이븐,100번대,62.5,32.6,77.3,59.5,대출 실적이 있는 저자(한성희 지음)입니다. 대표 출판사(메이븐)의 수매 신뢰도가 높습니다.
둥실이네 떡집 ,김리리 글 ;김이랑 그림,비룡소,800번대,33.5,49.5,86.6,59.5,전국구 베스트셀러 작가(김리리 김이랑 그림)의 신작입니다. 대표 출판사(비룡소)의 수매 신뢰도가 높습니다.
달콩이네 떡집 ,김리리 글 ;김이랑 그림,비룡소,800번대,33.5,49.5,86.6,59.5,전국구 베스트셀러 작가(김리리 김이랑 그림)의 신작입니다. 대표 출판사(비룡소)의 수매 신뢰도가 높습니다.
건전지 엄마 :강인숙·전승배 그림책 ,"지은이: 강인숙,전승배",창비,800번대,33.5,49.5,86.5,59.5,전국구 베스트셀러 작가(강인숙)의 신작입니다. 대표 출판사(창비)의 수매 신뢰도가 높습니다.
하하 자매 떡집 ,김리리 글 ;김이랑 그림,비룡소,800번대,33.5,49.5,86.6,59.5,전국구 베스트셀러 작가(김리리 김이랑 그림)의 신작입니다. 대표 출판사(비룡소)의 수매 신뢰도가 높습니다.
너무나 많은 여름이 ,김연수 지음,레제,800번대,33.5,49.5,86.4,59.5,전국구 베스트셀러 작가(김연수 지음)의 신작입니다. 대표 출판사(레제)의 수매 신뢰도가 높습니다.
악의 ,지은이: 히가시노 게이고 ;옮긴이: 양윤옥,현대문학,800번대,33.5,49.5,86.6,59.5,전국구 베스트셀러 작가(히가시노 게이고)의 신작입니다. 대표 출판사(현대문학)의 수매 신뢰도가 높습니다.
나미야 잡화점의 기적 :히가시노 게이고 장편소설 ,지은이: 히가시노 게이고 ;옮긴이: 양윤옥,현대문학,800번대,33.5,49.5,86.6,59.5,전국구 베스트셀러 작가(히가시노 게이고)의 신작입니다. 대표 출판사(현대문학)의 수매 신뢰도가 높습니다.
해피버쓰데이 =백희나 그림책 /Happy birthday ,백희나,스토리보울,800번대,33.5,49.5,86.4,59.5,전국구 베스트셀러 작가(백희나)의 신작입니다. 대표 출판사(스토리보울)의 수매 신뢰도가 높습니다.
장돌이네 떡집 ,김리리 글 ;김이랑 그림,비룡소,800번대,33.5,49.5,86.6,59.5,전국구 베스트셀러 작가(김리리 김이랑 그림)의 신작입니다. 대표 출판사(비룡소)의 수매 신뢰도가 높습니다.
마음의 지혜 :내 삶의 기준이 되는 8가지 심리학 ,김경일 지음,콘텐츠그룹 포레스트,100번대,62.5,32.6,77.5,59.5,대출 실적이 있는 저자(김경일 지음)입니다. 출판 이력이 있는 출판사(콘텐츠그룹 포레스트)입니다.
라플라스의 마녀 :히가시노 게이고 장편소설 ,지은이: 히가시노 게이고 ;옮긴이: 양윤옥,현대문학,800번대,33.5,49.5,86.6,59.5,전국구 베스트셀러 작가(히가시노 게이고)의 신작입니다. 대표 출판사(현대문학)의 수매 신뢰도가 높습니다.
마녀와의 7일 :히가시노 게이고 장편소설 ,지은이: 히가시노 게이고 ;옮긴이: 양윤옥,현대문학,800번대,33.5,49.5,86.6,59.5,전국구 베스트셀러 작가(히가시노 게이고)의 신작입니다. 대표 출판사(현대문학)의 수매 신뢰도가 높습니다.
철학은 날씨를 바꾼다 :삶을 쓰다듬는 위안의 책 ,서동욱 지음,김영사,100번대,62.5,32.6,77.3,59.5,대출 실적이 있는 저자(서동욱 지음)입니다. 출판 이력이 있는 출판사(김영사)입니다.
건전지 할머니 :강인숙·전승배 그림책 ,"지은이: 강인숙,전승배",창비,800번대,33.5,49.5,86.5,59.5,전국구 베스트셀러 작가(강인숙)의 신작입니다. 대표 출판사(창비)의 수매 신뢰도가 높습니다.
비행운 :김애란 소설집 ,지은이: 김애란,문학과지성사,800번대,33.5,49.5,86.6,59.5,전국구 베스트셀러 작가(김애란)의 신작입니다. 대표 출판사(문학과지성사)의 수매 신뢰도가 높습니다.
두근두근 내 인생 :김애란 장편소설 ,지은이: 김애란,창비,800번대,33.5,49.5,86.5,59.5,전국구 베스트셀러 작가(김애란)의 신작입니다. 대표 출판사(창비)의 수매 신뢰도가 높습니다.
파과 :구병모 장편소설 ,지은이: 구병모,위즈덤하우스 미디어그룹,800번대,33.5,49.5,86.5,59.5,전국구 베스트셀러 작가(구병모)의 신작입니다. 대표 출판사(위즈덤하우스 미디어그룹)의 수매 신뢰도가 높습니다.
랑랑 형제 떡집 ,김리리 글 ;김이랑 그림,비룡소,800번대,33.5,49.5,86.6,59.5,전국구 베스트셀러 작가(김리리 김이랑 그림)의 신작입니다. 대표 출판사(비룡소)의 수매 신뢰도가 높습니다.
너에게 들려주는 단단한 말 ,김종원 지음,퍼스트펭귄,100번대,62.5,32.6,77.4,59.5,대출 실적이 있는 저자(김종원 지음)입니다. 대표 출판사(퍼스트펭귄)의 수매 신뢰도가 높습니다.
알사탕 제조법 :백희나 그림책 ,백희나,스토리보울,800번대,33.5,49.5,86.4,59.5,전국구 베스트셀러 작가(백희나)의 신작입니다. 대표 출판사(스토리보울)의 수매 신뢰도가 높습니다.
백조와 박쥐 :히가시노 게이고 장편소설 ,지은이: 히가시노 게이고 ;옮긴이: 양윤옥,현대문학,800번대,33.5,49.5,86.6,59.5,전국구 베스트셀러 작가(히가시노 게이고)의 신작입니다. 대표 출판사(현대문학)의 수매 신뢰도가 높습니다.
왕구리네 떡집 ,김리리 글 ;김이랑 그림,비룡소,800번대,33.5,49.5,86.6,59.5,전국구 베스트셀러 작가(김리리 김이랑 그림)의 신작입니다. 대표 출판사(비룡소)의 수매 신뢰도가 높습니다.
해님 달님 떡집 ,김리리 글 ;김이랑 그림,비룡소,800번대,33.5,49.5,86.6,59.5,전국구 베스트셀러 작가(김리리 김이랑 그림)의 신작입니다. 대표 출판사(비룡소)의 수매 신뢰도가 높습니다.
절창 :구병모 장편소설 ,지은이: 구병모,문학동네,800번대,33.5,49.5,86.2,59.4,전국구 베스트셀러 작가(구병모)의 신작입니다. 대표 출판사(문학동네)의 수매 신뢰도가 높습니다.
일의 기쁨과 슬픔 :장류진 소설집 ,지은이: 장류진,창비,800번대,33.5,49.5,86.2,59.4,전국구 베스트셀러 작가(장류진)의 신작입니다. 대표 출판사(창비)의 수매 신뢰도가 높습니다.
브레드이발소 =Bread barbershop,원작·그림: 몬스터스튜디오,한솔수북,800번대,33.5,49.5,86.2,59.4,전국구 베스트셀러 작가(원작·몬스터스튜디오)의 신작입니다. 대표 출판사(한솔수북)의 수매 신뢰도가 높습니다.
연수 :장류진 소설집 ,지은이: 장류진,창비,800번대,33.5,49.5,86.2,59.4,전국구 베스트셀러 작가(장류진)의 신작입니다. 대표 출판사(창비)의 수매 신뢰도가 높습니다.
일본광고 카피도감 :모든 마음은 카피할 수 있다 ,지은이: 오하림,서교책방,300번대,70.4,38.5,66.9,59.4,대출 실적이 있는 저자(오하림)입니다. 출판 이력이 있는 출판사(서교책방)입니다.
달까지 가자 :장류진 장편소설 ,지은이: 장류진,창비,800번대,33.5,49.5,86.2,59.4,전국구 베스트셀러 작가(장류진)의 신작입니다. 대표 출판사(창비)의 수매 신뢰도가 높습니다.
돌이킬 수 있는 =문목하 장편소설 /Eversible ,지은이: 문목하,아작,800번대,33.5,49.5,86.3,59.4,전국구 베스트셀러 작가(문목하)의 신작입니다. 대표 출판사(아작)의 수매 신뢰도가 높습니다.
용의자 X의 헌신 ,히가시노 게이고 지음 ;양억관 옮김,재인,800번대,33.5,49.5,86.3,59.4,전국구 베스트셀러 작가(히가시노 게이고 지음)의 신작입니다. 대표 출판사(재인)의 수매 신뢰도가 높습니다.
(설민석의) 삼국지 :누구나 쉽게 시작하고 모두가 빠져드는 이야기 ,지은이: 설민석,세계사,800번대,33.5,49.5,86.3,59.4,전국구 베스트셀러 작가(설민석)의 신작입니다. 대표 출판사(세계사)의 수매 신뢰도가 높습니다.
신경 끄기의 기술 :인생에서 가장 중요한것만 남기는 힘 ,마크 맨슨 지음 ;한재호 옮김,웅진씽크빅,100번대,62.5,32.6,76.9,59.3,전국구 베스트셀러 작가(마크 맨슨 지음)의 신작입니다. 출판 이력이 있는 출판사(웅진씽크빅)입니다.
최악의 최애 ,김다노 글 ;남수현 그림,다산북스,800번대,33.5,49.5,85.9,59.3,전국구 베스트셀러 작가(김다노 남수현 그림)의 신작입니다. 대표 출판사(다산북스)의 수매 신뢰도가 높습니다.
후덜덜 식당 ,글: 강효미 ;그림: 유영근,지학사,800번대,33.5,49.5,86.1,59.3,전국구 베스트셀러 작가(강효미)의 신작입니다. 대표 출판사(지학사)의 수매 신뢰도가 높습니다.
비밀요원 레너드,글: 박설연 ;그림: 김덕영,아울북(북이십일 아울북),800번대,33.5,49.5,85.9,59.3,전국구 베스트셀러 작가(박설연)의 신작입니다. 대표 출판사(아울북(북이십일 아울북))의 수매 신뢰도가 높습니다.
스토너 ,지은이: 존 윌리엄스 ;옮긴이: 김승욱,RHK(알에이치코리아),800번대,33.5,49.5,86.1,59.3,전국구 베스트셀러 작가(존 윌리엄스)의 신작입니다. 대표 출판사(RHK(알에이치코리아))의 수매 신뢰도가 높습니다.
비밀요원 레너드,글: 박설연 ;그림: 김덕영,아울북(북이십일 아울북),800번대,33.5,49.5,85.9,59.3,전국구 베스트셀러 작가(박설연)의 신작입니다. 대표 출판사(아울북(북이십일 아울북))의 수매 신뢰도가 높습니다.
못 먹는 남자 :정해연 장편소설 ,지은이: 정해연,문학동네,800번대,33.5,49.5,85.9,59.3,전국구 베스트셀러 작가(정해연)의 신작입니다. 대표 출판사(문학동네)의 수매 신뢰도가 높습니다.
비밀요원 레너드,글: 박설연 ;그림: 김덕영,아울북(북이십일 아울북),800번대,33.5,49.5,85.9,59.3,전국구 베스트셀러 작가(박설연)의 신작입니다. 대표 출판사(아울북(북이십일 아울북))의 수매 신뢰도가 높습니다.
후덜덜 식당 ,글: 강효미 ;그림: 유영근,지학사,800번대,33.5,49.5,86.1,59.3,전국구 베스트셀러 작가(강효미)의 신작입니다. 대표 출판사(지학사)의 수매 신뢰도가 높습니다.
비밀요원 레너드,글: 박설연 ;그림: 김덕영,아울북(북이십일 아울북),800번대,33.5,49.5,85.9,59.3,전국구 베스트셀러 작가(박설연)의 신작입니다. 대표 출판사(아울북(북이십일 아울북))의 수매 신뢰도가 높습니다.
비밀요원 레너드,글: 박설연 ;그림: 김덕영,아울북(북이십일 아울북),800번대,33.5,49.5,85.9,59.3,전국구 베스트셀러 작가(박설연)의 신작입니다. 대표 출판사(아울북(북이십일 아울북))의 수매 신뢰도가 높습니다.
비밀요원 레너드,글: 박설연 ;그림: 김덕영,아울북(북이십일 아울북),800번대,33.5,49.5,85.9,59.3,전국구 베스트셀러 작가(박설연)의 신작입니다. 대표 출판사(아울북(북이십일 아울북))의 수매 신뢰도가 높습니다.
(비밀요원 레너드) 우리말 사무소 :초등 필수 어휘,글: 이향안 ;그림: 라임스튜디오,아울북(북이십일 아울북),700번대,63.3,30.3,78.1,59.3,전국구 베스트셀러 작가(이향안)의 신작입니다. 출판 이력이 있는 출판사(아울북(북이십일 아울북))입니다.
비밀요원 레너드,글: 박설연 ;그림: 김덕영,아울북(북이십일 아울북),800번대,33.5,49.5,85.9,59.3,전국구 베스트셀러 작가(박설연)의 신작입니다. 대표 출판사(아울북(북이십일 아울북))의 수매 신뢰도가 높습니다.
비밀요원 레너드,글: 박설연 ;그림: 김덕영,아울북(북이십일 아울북),800번대,33.5,49.5,85.9,59.3,전국구 베스트셀러 작가(박설연)의 신작입니다. 대표 출판사(아울북(북이십일 아울북))의 수매 신뢰도가 높습니다.
스토너 :존 윌리엄스 장편소설 ,지은이: 존 윌리엄스 ;옮긴이: 김승욱,RHK(알에이치코리아),800번대,33.5,49.5,86.1,59.3,전국구 베스트셀러 작가(존 윌리엄스)의 신작입니다. 대표 출판사(RHK(알에이치코리아))의 수매 신뢰도가 높습니다.
우리는 모두 죽는다는 것을 기억하라 :삶의 다른 방식을 찾고 있는 당신에게 ,웨인 다이어 지음 ;정지현 옮김,Tornado(토네이도),100번대,62.5,32.6,76.9,59.3,대출 실적이 있는 저자(웨인 다이어 지음)입니다. 출판 이력이 있는 출판사(Tornado(토네이도))입니다.
아몬드 :손원평 장편소설 ,지은이: 손원평,창비,800번대,33.5,49.5,86.0,59.3,전국구 베스트셀러 작가(손원평)의 신작입니다. 대표 출판사(창비)의 수매 신뢰도가 높습니다.
홍학의 자리 :정해연 장편소설 ,지은이: 정해연,문학동네,800번대,33.5,49.5,85.9,59.3,전국구 베스트셀러 작가(정해연)의 신작입니다. 대표 출판사(문학동네)의 수매 신뢰도가 높습니다.
귀신들의 땅 :천쓰홍 장편 소설 ,지은이: 천쓰홍 ;옮긴이: 김태성,민음사,800번대,33.5,49.5,85.9,59.3,전국구 베스트셀러 작가(천쓰홍)의 신작입니다. 대표 출판사(민음사)의 수매 신뢰도가 높습니다.
튜브 :손원평 장편소설 ,지은이: 손원평,창비,800번대,33.5,49.5,86.0,59.3,전국구 베스트셀러 작가(손원평)의 신작입니다. 대표 출판사(창비)의 수매 신뢰도가 높습니다.
2인조 :정해연 장편소설 ,지은이: 정해연,문학동네,800번대,33.5,49.5,85.9,59.3,전국구 베스트셀러 작가(정해연)의 신작입니다. 대표 출판사(문학동네)의 수매 신뢰도가 높습니다.
혼모노 :성해나 소설집 ,지은이: 성해나,창비,800번대,33.5,49.5,86.0,59.3,전국구 베스트셀러 작가(성해나)의 신작입니다. 대표 출판사(창비)의 수매 신뢰도가 높습니다.
주식 투자의 뿌리 :두 번의 깡통을 차고 500억을 모으기까지 ,박두환 지음,애덤스미스,300번대,70.4,38.5,66.6,59.3,대출 실적이 있는 저자(박두환 지음)입니다. 출판 이력이 있는 출판사(애덤스미스)입니다.
각각의 계절 :권여선 소설 ,지은이: 권여선,문학동네,800번대,33.5,49.5,86.1,59.3,전국구 베스트셀러 작가(권여선)의 신작입니다. 대표 출판사(문학동네)의 수매 신뢰도가 높습니다.
후덜덜 식당 ,글: 강효미 ;그림: 유영근,지학사,800번대,33.5,49.5,86.1,59.3,전국구 베스트셀러 작가(강효미)의 신작입니다. 대표 출판사(지학사)의 수매 신뢰도가 높습니다.
두고 온 여름 :성해나 소설 ,지은이: 성해나,창비,800번대,33.5,49.5,86.0,59.3,전국구 베스트셀러 작가(성해나)의 신작입니다. 대표 출판사(창비)의 수매 신뢰도가 높습니다.
비밀요원 레너드,글: 박설연 ;그림: 김덕영,아울북(북이십일 아울북),800번대,33.5,49.5,85.9,59.3,전국구 베스트셀러 작가(박설연)의 신작입니다. 대표 출판사(아울북(북이십일 아울북))의 수매 신뢰도가 높습니다.
비밀요원 레너드,글: 박설연 ;그림: 김덕영,아울북(북이십일 아울북),800번대,33.5,49.5,85.9,59.3,전국구 베스트셀러 작가(박설연)의 신작입니다. 대표 출판사(아울북(북이십일 아울북))의 수매 신뢰도가 높습니다.
비밀요원 레너드,글: 박설연 ;그림: 김덕영,아울북(북이십일 아울북),800번대,33.5,49.5,85.9,59.3,전국구 베스트셀러 작가(박설연)의 신작입니다. 대표 출판사(아울북(북이십일 아울북))의 수매 신뢰도가 높습니다.
비밀요원 레너드,글: 박설연 ;그림: 김덕영,아울북(북이십일 아울북),800번대,33.5,49.5,85.9,59.3,전국구 베스트셀러 작가(박설연)의 신작입니다. 대표 출판사(아울북(북이십일 아울북))의 수매 신뢰도가 높습니다.
비밀요원 레너드,글: 박설연 ;그림: 김덕영,아울북(북이십일 아울북),800번대,33.5,49.5,85.9,59.3,전국구 베스트셀러 작가(박설연)의 신작입니다. 대표 출판사(아울북(북이십일 아울북))의 수매 신뢰도가 높습니다.
비밀요원 레너드,글: 박설연 ;그림: 김덕영,아울북(북이십일 아울북),800번대,33.5,49.5,85.9,59.3,전국구 베스트셀러 작가(박설연)의 신작입니다. 대표 출판사(아울북(북이십일 아울북))의 수매 신뢰도가 높습니다.
가녀장의 시대 :이슬아 장편소설 ,지은이: 이슬아,문학동네,800번대,33.5,49.5,86.0,59.3,전국구 베스트셀러 작가(이슬아)의 신작입니다. 대표 출판사(문학동네)의 수매 신뢰도가 높습니다.
비밀요원 레너드,글: 박설연 ;그림: 김덕영,아울북(북이십일 아울북),800번대,33.5,49.5,85.9,59.3,전국구 베스트셀러 작가(박설연)의 신작입니다. 대표 출판사(아울북(북이십일 아울북))의 수매 신뢰도가 높습니다.
비밀요원 레너드,글: 박설연 ;그림: 김덕영,아울북(북이십일 아울북),800번대,33.5,49.5,85.9,59.3,전국구 베스트셀러 작가(박설연)의 신작입니다. 대표 출판사(아울북(북이십일 아울북))의 수매 신뢰도가 높습니다.
아몬드 :손원평 장편소설 ,지은이: 손원평,창비,800번대,33.5,49.5,86.0,59.3,전국구 베스트셀러 작가(손원평)의 신작입니다. 대표 출판사(창비)의 수매 신뢰도가 높습니다.
설민석의 삼국지 대모험,원작: 나관중 ;만화: 스튜디오 담,Dankkum i(단꿈아이),800번대,33.5,49.5,85.7,59.2,전국구 베스트셀러 작가(나관중)의 신작입니다. 대표 출판사(Dankkum i(단꿈아이))의 수매 신뢰도가 높습니다.
설민석의 삼국지 대모험,원작: 나관중 ;만화: 스튜디오 담,Dankkum i(단꿈아이),800번대,33.5,49.5,85.7,59.2,전국구 베스트셀러 작가(나관중)의 신작입니다. 대표 출판사(Dankkum i(단꿈아이))의 수매 신뢰도가 높습니다.
환상서점 :소서림 장편소설 ,지은이: 소서림,해피북스투유,800번대,33.5,49.5,85.8,59.2,전국구 베스트셀러 작가(소서림)의 신작입니다. 대표 출판사(해피북스투유)의 수매 신뢰도가 높습니다.
설민석의 삼국지 대모험,원작: 나관중 ;만화: 스튜디오 담,Dankkum i(단꿈아이),800번대,33.5,49.5,85.7,59.2,전국구 베스트셀러 작가(나관중)의 신작입니다. 대표 출판사(Dankkum i(단꿈아이))의 수매 신뢰도가 높습니다.
내 맘대로 편의점 :김영진 그림책 ,김영진,책읽는곰,800번대,33.5,49.5,85.7,59.2,전국구 베스트셀러 작가(김영진)의 신작입니다. 대표 출판사(책읽는곰)의 수매 신뢰도가 높습니다.
설민석의 삼국지 대모험,원작: 나관중 ;만화: 스튜디오 담,Dankkum i(단꿈아이),800번대,33.5,49.5,85.7,59.2,전국구 베스트셀러 작가(나관중)의 신작입니다. 대표 출판사(Dankkum i(단꿈아이))의 수매 신뢰도가 높습니다.
설민석의 삼국지 대모험,원작: 나관중 ;만화: 스튜디오 담,Dankkum i(단꿈아이),800번대,33.5,49.5,85.7,59.2,전국구 베스트셀러 작가(나관중)의 신작입니다. 대표 출판사(Dankkum i(단꿈아이))의 수매 신뢰도가 높습니다.
설민석의 삼국지 대모험,원작: 나관중 ;만화: 스튜디오 담,Dankkum i(단꿈아이),800번대,33.5,49.5,85.7,59.2,전국구 베스트셀러 작가(나관중)의 신작입니다. 대표 출판사(Dankkum i(단꿈아이))의 수매 신뢰도가 높습니다.
설민석의 삼국지 대모험,원작: 나관중 ;만화: 스튜디오 담,Dankkum i(단꿈아이),800번대,33.5,49.5,85.7,59.2,전국구 베스트셀러 작가(나관중)의 신작입니다. 대표 출판사(Dankkum i(단꿈아이))의 수매 신뢰도가 높습니다.
어른의 기분 관리법 :감정에 휘둘려 손해 봤던 어른을 위한 조언 ,"저자: 손힘찬,이민영",Ascending(어센딩),100번대,62.5,32.6,76.6,59.2,대출 실적이 있는 저자(손힘찬)입니다. 출판 이력이 있는 출판사(Ascending(어센딩))입니다.
봄밤의 모든 것 :백수린 소설집 ,지은이: 백수린,문학과지성사,800번대,33.5,49.5,85.8,59.2,전국구 베스트셀러 작가(백수린)의 신작입니다. 대표 출판사(문학과지성사)의 수매 신뢰도가 높습니다.
설민석의 삼국지 대모험,원작: 나관중 ;만화: 스튜디오 담,Dankkum i(단꿈아이),800번대,33.5,49.5,85.7,59.2,전국구 베스트셀러 작가(나관중)의 신작입니다. 대표 출판사(Dankkum i(단꿈아이))의 수매 신뢰도가 높습니다.
설민석의 삼국지 대모험,원작: 나관중 ;만화: 스튜디오 담,Dankkum i(단꿈아이),800번대,33.5,49.5,85.7,59.2,전국구 베스트셀러 작가(나관중)의 신작입니다. 대표 출판사(Dankkum i(단꿈아이))의 수매 신뢰도가 높습니다.
설민석의 삼국지 대모험,원작: 나관중 ;만화: 스튜디오 담,Dankkum i(단꿈아이),800번대,33.5,49.5,85.7,59.2,전국구 베스트셀러 작가(나관중)의 신작입니다. 대표 출판사(Dankkum i(단꿈아이))의 수매 신뢰도가 높습니다.
위저드 베이커리 =구병모 장편소설 /Wizard bakery ,지은이: 구병모,창비,800번대,33.5,49.5,85.7,59.2,전국구 베스트셀러 작가(구병모)의 신작입니다. 대표 출판사(창비)의 수매 신뢰도가 높습니다.
설민석의 삼국지 대모험,원작: 나관중 ;만화: 스튜디오 담,Dankkum i(단꿈아이),800번대,33.5,49.5,85.7,59.2,전국구 베스트셀러 작가(나관중)의 신작입니다. 대표 출판사(Dankkum i(단꿈아이))의 수매 신뢰도가 높습니다.
설민석의 삼국지 대모험,원작: 나관중 ;만화: 스튜디오 담,Dankkum i(단꿈아이),800번대,33.5,49.5,85.7,59.2,전국구 베스트셀러 작가(나관중)의 신작입니다. 대표 출판사(Dankkum i(단꿈아이))의 수매 신뢰도가 높습니다.
설민석의 삼국지 대모험,원작: 나관중 ;만화: 스튜디오 담,Dankkum i(단꿈아이),800번대,33.5,49.5,85.7,59.2,전국구 베스트셀러 작가(나관중)의 신작입니다. 대표 출판사(Dankkum i(단꿈아이))의 수매 신뢰도가 높습니다.
설민석의 삼국지 대모험,원작: 나관중 ;만화: 스튜디오 담,Dankkum i(단꿈아이),800번대,33.5,49.5,85.7,59.2,전국구 베스트셀러 작가(나관중)의 신작입니다. 대표 출판사(Dankkum i(단꿈아이))의 수매 신뢰도가 높습니다.
"오늘 밤, 세계에서 이 눈물이 사라진다 해도 ",이치조 미사키 지음 ;김윤경 옮김,바이포엠 스튜디오,800번대,33.5,49.5,85.8,59.2,전국구 베스트셀러 작가(이치조 미사키 지음)의 신작입니다. 대표 출판사(바이포엠 스튜디오)의 수매 신뢰도가 높습니다.
당신이 누군가를 죽였다 ,지은이: 히가시노 게이고 ;옮긴이: 최고은,교보문고,800번대,33.5,49.5,85.7,59.2,전국구 베스트셀러 작가(히가시노 게이고)의 신작입니다. 대표 출판사(교보문고)의 수매 신뢰도가 높습니다.
오싹오싹 팬티! ,글: 에런 레이놀즈 ;옮김: 홍연미,토토북,800번대,33.5,49.5,85.8,59.2,전국구 베스트셀러 작가(에런 레이놀즈)의 신작입니다. 대표 출판사(토토북)의 수매 신뢰도가 높습니다.
설민석의 삼국지 대모험,원작: 나관중 ;만화: 스튜디오 담,Dankkum i(단꿈아이),800번대,33.5,49.5,85.7,59.2,전국구 베스트셀러 작가(나관중)의 신작입니다. 대표 출판사(Dankkum i(단꿈아이))의 수매 신뢰도가 높습니다.
설민석의 삼국지 대모험,원작: 나관중 ;만화: 스튜디오 담,Dankkum i(단꿈아이),800번대,33.5,49.5,85.7,59.2,전국구 베스트셀러 작가(나관중)의 신작입니다. 대표 출판사(Dankkum i(단꿈아이))의 수매 신뢰도가 높습니다.
몽글몽글 편의점 :김영진 그림책 ,김영진,책읽는곰,800번대,33.5,49.5,85.7,59.2,전국구 베스트셀러 작가(김영진)의 신작입니다. 대표 출판사(책읽는곰)의 수매 신뢰도가 높습니다.
설민석의 삼국지 대모험,원작: 나관중 ;만화: 스튜디오 담,Dankkum i(단꿈아이),800번대,33.5,49.5,85.7,59.2,전국구 베스트셀러 작가(나관중)의 신작입니다. 대표 출판사(Dankkum i(단꿈아이))의 수매 신뢰도가 높습니다.
설민석의 삼국지 대모험,원작: 나관중 ;만화: 스튜디오 담,Dankkum i(단꿈아이),800번대,33.5,49.5,85.7,59.2,전국구 베스트셀러 작가(나관중)의 신작입니다. 대표 출판사(Dankkum i(단꿈아이))의 수매 신뢰도가 높습니다.
설민석의 삼국지 대모험,원작: 나관중 ;만화: 스튜디오 담,Dankkum i(단꿈아이),800번대,33.5,49.5,85.7,59.2,전국구 베스트셀러 작가(나관중)의 신작입니다. 대표 출판사(Dankkum i(단꿈아이))의 수매 신뢰도가 높습니다.
설민석의 삼국지 대모험,원작: 나관중 ;만화: 스튜디오 담,Dankkum i(단꿈아이),800번대,33.5,49.5,85.7,59.2,전국구 베스트셀러 작가(나관중)의 신작입니다. 대표 출판사(Dankkum i(단꿈아이))의 수매 신뢰도가 높습니다.
설민석의 삼국지 대모험,원작: 나관중 ;만화: 스튜디오 담,Dankkum i(단꿈아이),800번대,33.5,49.5,85.7,59.2,전국구 베스트셀러 작가(나관중)의 신작입니다. 대표 출판사(Dankkum i(단꿈아이))의 수매 신뢰도가 높습니다.
두근두근 편의점 :김영진 그림책 ,지은이: 김영진,책읽는곰,800번대,33.5,49.5,85.7,59.2,전국구 베스트셀러 작가(김영진)의 신작입니다. 대표 출판사(책읽는곰)의 수매 신뢰도가 높습니다.
설민석의 삼국지 대모험,원작: 나관중 ;만화: 스튜디오 담,Dankkum i(단꿈아이),800번대,33.5,49.5,85.7,59.2,전국구 베스트셀러 작가(나관중)의 신작입니다. 대표 출판사(Dankkum i(단꿈아이))의 수매 신뢰도가 높습니다.
설민석의 삼국지 대모험,원작: 나관중 ;만화: 스튜디오 담,Dankkum i(단꿈아이),800번대,33.5,49.5,85.7,59.2,전국구 베스트셀러 작가(나관중)의 신작입니다. 대표 출판사(Dankkum i(단꿈아이))의 수매 신뢰도가 높습니다.
로터스 택시에는 특별한 손님이 탑니다 ,가토 겐 지음 ;양지윤 옮김,필름,800번대,33.5,49.5,85.7,59.2,전국구 베스트셀러 작가(가토 겐 지음)의 신작입니다. 출판 이력이 있는 출판사(필름)입니다.
오싹오싹 크레용! ,글: 에런 레이놀즈 ;옮김: 홍연미,토토북,800번대,33.5,49.5,85.8,59.2,전국구 베스트셀러 작가(에런 레이놀즈)의 신작입니다. 대표 출판사(토토북)의 수매 신뢰도가 높습니다.
오싹오싹 친구들! 공포의 편도선 ,글: 에런 레이놀즈 ;옮김: 홍연미,토토북,800번대,33.5,49.5,85.8,59.2,전국구 베스트셀러 작가(에런 레이놀즈)의 신작입니다. 대표 출판사(토토북)의 수매 신뢰도가 높습니다.
오싹오싹 친구들! 끔찍한 샐러드 ,글: 에런 레이놀즈 ;옮김: 홍연미,토토북,800번대,33.5,49.5,85.8,59.2,전국구 베스트셀러 작가(에런 레이놀즈)의 신작입니다. 대표 출판사(토토북)의 수매 신뢰도가 높습니다.
지구에서 한아뿐 :정세랑 장편소설 ,지은이: 정세랑,난다,800번대,33.5,49.5,85.8,59.2,전국구 베스트셀러 작가(정세랑)의 신작입니다. 대표 출판사(난다)의 수매 신뢰도가 높습니다.
오싹오싹 편의점 :김영진 그림책 ,지은이: 김영진,책읽는곰,800번대,33.5,49.5,85.7,59.2,전국구 베스트셀러 작가(김영진)의 신작입니다. 대표 출판사(책읽는곰)의 수매 신뢰도가 높습니다.
설민석의 삼국지 대모험,원작: 나관중 ;만화: 스튜디오 담,Dankkum i(단꿈아이),800번대,33.5,49.5,85.7,59.2,전국구 베스트셀러 작가(나관중)의 신작입니다. 대표 출판사(Dankkum i(단꿈아이))의 수매 신뢰도가 높습니다.
가공범 ,지은이: 히가시노 게이고 ;옮긴이: 김선영,교보문고,800번대,33.5,49.5,85.7,59.2,전국구 베스트셀러 작가(히가시노 게이고)의 신작입니다. 대표 출판사(교보문고)의 수매 신뢰도가 높습니다.
참을 수 없는 존재의 가벼움 ,지은이: 밀란 쿤데라 ;옮긴이: 이재룡,민음사,800번대,33.5,49.5,85.6,59.1,전국구 베스트셀러 작가(밀란 쿤데라)의 신작입니다. 대표 출판사(민음사)의 수매 신뢰도가 높습니다.
나는 왜 남들보다 쉽게 지칠까 :무던해 보이지만 누구보다 예민한 HSP를 위한 심리학 ,최재훈 지음,서스테인,100번대,62.5,32.6,76.4,59.1,대출 실적이 있는 저자(최재훈 지음)입니다. 출판 이력이 있는 출판사(서스테인)입니다.
필연적 혼자의 시대 =The inevitable loneliness ,김수영 지음,다산북스,300번대,70.4,38.5,66.0,59.1,대출 실적이 있는 저자(김수영 지음)입니다. 출판 이력이 있는 출판사(다산북스)입니다.
"달러 자산 1억으로 평생 월급 완성하라 :집 한 채에 갇힐 것인가, 현금 부자로 살 것인가 ",채부심 지음,Mons(몽스북),300번대,70.4,38.5,66.0,59.1,대출 실적이 있는 저자(채부심 지음)입니다. 출판 이력이 있는 출판사(Mons(몽스북))입니다.
"파쇄 :일단 마음먹고 칼을 집었으면, 뜸 들이지 마 ",지은이: 구병모,위즈덤하우스,800번대,33.5,49.5,85.4,59.1,전국구 베스트셀러 작가(구병모)의 신작입니다. 대표 출판사(위즈덤하우스)의 수매 신뢰도가 높습니다.
아가미 :구병모 장편소설 ,지은이: 구병모,위즈덤하우스,800번대,33.5,49.5,85.4,59.1,전국구 베스트셀러 작가(구병모)의 신작입니다. 대표 출판사(위즈덤하우스)의 수매 신뢰도가 높습니다.
훌훌 :문경민 장편소설 ,지은이: 문경민,문학동네,800번대,33.5,49.5,85.4,59.1,전국구 베스트셀러 작가(문경민)의 신작입니다. 대표 출판사(문학동네)의 수매 신뢰도가 높습니다.
트러스트 :에르난 디아스 장편소설 ,지은이: 에르난 디아스 ;옮긴이: 강동혁,문학동네,800번대,33.5,49.5,85.6,59.1,전국구 베스트셀러 작가(에르난 디아스)의 신작입니다. 대표 출판사(문학동네)의 수매 신뢰도가 높습니다.
홀짝홀짝 호로록 :손소영 그림책 ,글·그림: 손소영,창비,800번대,33.5,49.5,85.5,59.1,전국구 베스트셀러 작가(글·손소영)의 신작입니다. 대표 출판사(창비)의 수매 신뢰도가 높습니다.
(뇌과학과 심리학으로 치유하는) 마음의 기술 :뇌를 이해하면 내 마음이 보인다 ,"안-엘렌 클레르,구영옥 옮김",상상스퀘어,100번대,62.5,32.6,76.2,59.0,대출 실적이 있는 저자(안-엘렌 클레르)입니다. 출판 이력이 있는 출판사(상상스퀘어)입니다.
방주 :유키 하루오 장편소설 ,지은이: 유키 하루오 ;옮긴이: 김은모,블루홀6(블루홀식스),800번대,33.5,49.5,85.2,59.0,전국구 베스트셀러 작가(유키 하루오)의 신작입니다. 대표 출판사(블루홀6(블루홀식스))의 수매 신뢰도가 높습니다.
용의자들 :정해연 장편소설 ,지은이: 정해연,위즈덤하우스,800번대,33.5,49.5,84.9,58.9,전국구 베스트셀러 작가(정해연)의 신작입니다. 대표 출판사(위즈덤하우스)의 수매 신뢰도가 높습니다.
아이가 없는 집 ,지은이: 알렉스 안도릴 ;옮긴이: 유혜인,필름,800번대,33.5,49.5,84.9,58.9,전국구 베스트셀러 작가(알렉스 안도릴)의 신작입니다. 출판 이력이 있는 출판사(필름)입니다.
사피엔스 :그래픽 히스토리,원작·각색: 유발 하라리 ;옮긴이: 김명주,김영사,900번대,55.4,32.9,81.0,58.9,전국구 베스트셀러 작가(원작·각색: 유발 하라리)의 신작입니다. 출판 이력이 있는 출판사(김영사)입니다.
나는 3학년 2반 7번 애벌레 :김원아 동화 ,지은이: 김원아 ;그린이: 이주희,창비,800번대,33.5,49.5,85.1,58.9,전국구 베스트셀러 작가(김원아)의 신작입니다. 대표 출판사(창비)의 수매 신뢰도가 높습니다.
살아 있는 자들을 위한 죽음 수업 :한 법의학자가 수천의 인생을 마주하며 깨달은 삶의 철학 ,이호 지음,웅진씽크빅,100번대,62.5,32.6,76.0,58.9,대출 실적이 있는 저자(이호 지음)입니다. 출판 이력이 있는 출판사(웅진씽크빅)입니다.
하트방구 :윤식이 그림책 ,윤식이 지음,소원나무,800번대,33.5,49.5,85.1,58.9,전국구 베스트셀러 작가(윤식이 지음)의 신작입니다. 대표 출판사(소원나무)의 수매 신뢰도가 높습니다.
책 먹는 여우의 여름 이야기 ,프란치스카 비어만 글·그림 ;송순섭 옮김,김영사,800번대,33.5,49.5,84.7,58.8,전국구 베스트셀러 작가(프란치스카 비어만 글·송순섭 옮김)의 신작입니다. 대표 출판사(김영사)의 수매 신뢰도가 높습니다.
언젠가 우리가 같은 별을 바라본다면 :차인표 장편소설 ,글: 차인표,해결책,800번대,33.5,49.5,84.8,58.8,전국구 베스트셀러 작가(차인표)의 신작입니다. 대표 출판사(해결책)의 수매 신뢰도가 높습니다.
친밀한 이방인 :정한아 장편소설 ,지은이: 정한아,문학동네,800번대,33.5,49.5,84.8,58.8,전국구 베스트셀러 작가(정한아)의 신작입니다. 대표 출판사(문학동네)의 수매 신뢰도가 높습니다.
책 먹는 여우의 겨울 이야기 ,프란치스카 비어만 글·그림 ;송순섭 옮김,김영사,800번대,33.5,49.5,84.7,58.8,전국구 베스트셀러 작가(프란치스카 비어만 글·송순섭 옮김)의 신작입니다. 대표 출판사(김영사)의 수매 신뢰도가 높습니다.
인어 사냥 =차인표 장편소설 /Hunting mermaids ,지은이: 차인표,해결책,800번대,33.5,49.5,84.8,58.8,전국구 베스트셀러 작가(차인표)의 신작입니다. 대표 출판사(해결책)의 수매 신뢰도가 높습니다.
구의 증명 :최진영 소설 ,지은이: 최진영,은행나무,800번대,33.5,49.5,84.8,58.8,전국구 베스트셀러 작가(최진영)의 신작입니다. 대표 출판사(은행나무)의 수매 신뢰도가 높습니다.
책 먹는 여우의 봄 이야기 ,프란치스카 비어만 글·그림 ;송순섭 옮김,김영사,800번대,33.5,49.5,84.7,58.8,전국구 베스트셀러 작가(프란치스카 비어만 글·송순섭 옮김)의 신작입니다. 대표 출판사(김영사)의 수매 신뢰도가 높습니다.
숨결이 바람 될 때 :서른여섯 젊은 의사의 마지막 순간 ,폴 칼라니티 지음 ;이종인 옮김,흐름출판,800번대,33.5,49.5,84.7,58.8,전국구 베스트셀러 작가(폴 칼라니티 지음)의 신작입니다. 대표 출판사(흐름출판)의 수매 신뢰도가 높습니다.
호랑이 빵집,글: 서지원 ;그림: 홍그림,지학사,800번대,33.5,49.5,84.4,58.7,전국구 베스트셀러 작가(서지원)의 신작입니다. 대표 출판사(지학사)의 수매 신뢰도가 높습니다.
유괴의 날 :정해연 장편소설 ,지은이: 정해연,시공사,800번대,33.5,49.5,84.5,58.7,전국구 베스트셀러 작가(정해연)의 신작입니다. 대표 출판사(시공사)의 수매 신뢰도가 높습니다.
찌그러져도 동그라미입니다 :김창완 에세이 ,지은이: 김창완,웅진씽크빅,800번대,33.5,49.5,84.6,58.7,전국구 베스트셀러 작가(김창완)의 신작입니다. 대표 출판사(웅진씽크빅)의 수매 신뢰도가 높습니다.
맡겨진 소녀 :클레어 키건 소설 ,지은이: 클레어 키건 ;옮긴이: 허진,다산북스,800번대,33.5,49.5,84.5,58.7,전국구 베스트셀러 작가(클레어 키건)의 신작입니다. 대표 출판사(다산북스)의 수매 신뢰도가 높습니다.
이처럼 사소한 것들 :클레어 키건 소설 ,지은이: 클레어 키건 ;옮긴이: 홍한별,다산북스,800번대,33.5,49.5,84.5,58.7,전국구 베스트셀러 작가(클레어 키건)의 신작입니다. 대표 출판사(다산북스)의 수매 신뢰도가 높습니다.
호랑이 빵집,글: 서지원 ;그림: 홍그림,지학사,800번대,33.5,49.5,84.4,58.7,전국구 베스트셀러 작가(서지원)의 신작입니다. 대표 출판사(지학사)의 수매 신뢰도가 높습니다.
즐거운 어른 :이옥선 산문 ,지은이: 이옥선,이야기장수,800번대,33.5,49.5,84.6,58.7,전국구 베스트셀러 작가(이옥선)의 신작입니다. 대표 출판사(이야기장수)의 수매 신뢰도가 높습니다.
푸른 들판을 걷다 :클레어 키건 소설 ,지은이: 클레어 키건 ;옮긴이: 허진,다산북스,800번대,33.5,49.5,84.5,58.7,전국구 베스트셀러 작가(클레어 키건)의 신작입니다. 대표 출판사(다산북스)의 수매 신뢰도가 높습니다.
호랑이 빵집,글: 서지원 ;그림: 홍그림,지학사,800번대,33.5,49.5,84.4,58.7,전국구 베스트셀러 작가(서지원)의 신작입니다. 대표 출판사(지학사)의 수매 신뢰도가 높습니다.
호랑이 빵집,글: 서지원 ;그림: 홍그림,지학사,800번대,33.5,49.5,84.4,58.7,전국구 베스트셀러 작가(서지원)의 신작입니다. 대표 출판사(지학사)의 수매 신뢰도가 높습니다.
너무 늦은 시간 :클레어 키건 소설 ,지은이: 클레어 키건 ;옮긴이: 허진,다산북스,800번대,33.5,49.5,84.5,58.7,전국구 베스트셀러 작가(클레어 키건)의 신작입니다. 대표 출판사(다산북스)의 수매 신뢰도가 높습니다.
해든 분식 ,동지아 글 ;윤정주 그림,문학동네,800번대,33.5,49.5,84.4,58.7,전국구 베스트셀러 작가(동지아 윤정주 그림)의 신작입니다. 대표 출판사(문학동네)의 수매 신뢰도가 높습니다.
호랑이 빵집,글: 서지원 ;그림: 홍그림,지학사,800번대,33.5,49.5,84.4,58.7,전국구 베스트셀러 작가(서지원)의 신작입니다. 대표 출판사(지학사)의 수매 신뢰도가 높습니다.
남극 :클레어 키건 소설 ,지은이: 클레어 키건 ;옮긴이: 허진,다산북스,800번대,33.5,49.5,84.5,58.7,전국구 베스트셀러 작가(클레어 키건)의 신작입니다. 대표 출판사(다산북스)의 수매 신뢰도가 높습니다.
양면의 조개껍데기 :김초엽 소설집 ,지은이: 김초엽,인플루엔셜,800번대,33.5,49.5,84.3,58.6,전국구 베스트셀러 작가(김초엽)의 신작입니다. 대표 출판사(인플루엔셜)의 수매 신뢰도가 높습니다.
누굴 죽였을까 :정해연 장편소설 ,지은이: 정해연,교보문고,800번대,33.5,49.5,84.2,58.6,전국구 베스트셀러 작가(정해연)의 신작입니다. 대표 출판사(교보문고)의 수매 신뢰도가 높습니다.
스즈메의 문단속 ,신카이 마코토 지음 ;민경욱 옮김,대원씨아이,800번대,33.5,49.5,84.2,58.6,전국구 베스트셀러 작가(신카이 마코토 지음)의 신작입니다. 출판 이력이 있는 출판사(대원씨아이)입니다.
내가 한 말을 내가 오해하지 않기로 함 ,지은이: 문상훈,위너스북,800번대,33.5,49.5,84.3,58.6,전국구 베스트셀러 작가(문상훈)의 신작입니다. 대표 출판사(위너스북)의 수매 신뢰도가 높습니다.
(아홉 살에 시작하는) 똑똑한 초등신문 :경제·사회·세계·과학·환경 최신 뉴스(2022-2023) ,신효원 지음,책장속books(책장속북스),700번대,63.3,30.3,76.2,58.6,대출 실적이 있는 저자(신효원 지음)입니다. 출판 이력이 있는 출판사(책장속books(책장속북스))입니다.
(흔한 남매) 세계사 탐험대,"원작: 흔한남매,그림: 팀키즈",김영사,900번대,55.4,32.9,80.2,58.6,전국구 베스트셀러 작가(흔한남매)의 신작입니다. 출판 이력이 있는 출판사(김영사)입니다.
(흔한 남매) 세계사 탐험대,"원작: 흔한남매,그림: 팀키즈",김영사,900번대,55.4,32.9,80.2,58.6,전국구 베스트셀러 작가(흔한남매)의 신작입니다. 출판 이력이 있는 출판사(김영사)입니다.
(흔한 남매) 세계사 탐험대,"원작: 흔한남매,그림: 팀키즈",김영사,900번대,55.4,32.9,80.2,58.6,전국구 베스트셀러 작가(흔한남매)의 신작입니다. 출판 이력이 있는 출판사(김영사)입니다.
(흔한 남매) 세계사 탐험대,"원작: 흔한남매,그림: 팀키즈",김영사,900번대,55.4,32.9,80.2,58.6,전국구 베스트셀러 작가(흔한남매)의 신작입니다. 출판 이력이 있는 출판사(김영사)입니다.
피프티 피플 :정세랑 장편소설 ,지은이: 정세랑,창비,800번대,33.5,49.5,84.0,58.5,전국구 베스트셀러 작가(정세랑)의 신작입니다. 대표 출판사(창비)의 수매 신뢰도가 높습니다.
모우어 :천선란 소설 ,지은이: 천선란,문학동네,800번대,33.5,49.5,84.1,58.5,전국구 베스트셀러 작가(천선란)의 신작입니다. 대표 출판사(문학동네)의 수매 신뢰도가 높습니다.
너구리 라면 가게 ,글: 최설희 ;그림: 김덕영,다산북스,800번대,33.5,49.5,83.9,58.5,전국구 베스트셀러 작가(최설희)의 신작입니다. 대표 출판사(다산북스)의 수매 신뢰도가 높습니다.
우리가 겨울을 지나온 방식 :문미순 장편소설 ,지은이: 문미순,나무옆의자,800번대,33.5,49.5,84.1,58.5,전국구 베스트셀러 작가(문미순)의 신작입니다. 대표 출판사(나무옆의자)의 수매 신뢰도가 높습니다.
탕비실 :이미예 소설 ,지은이: 이미예,오팬하우스,800번대,33.5,49.5,84.0,58.5,전국구 베스트셀러 작가(이미예)의 신작입니다. 대표 출판사(오팬하우스)의 수매 신뢰도가 높습니다.
어른의 어휘력 :말에 품격을 더하고 세상을 올바르게 이해하는 힘 ,유선경 지음,앤의서재,800번대,33.5,49.5,84.1,58.5,전국구 베스트셀러 작가(유선경 지음)의 신작입니다. 대표 출판사(앤의서재)의 수매 신뢰도가 높습니다.
브람스를 좋아하세요 ,프랑수아즈 사강 [지음] ;김남주 옮김,민음사,800번대,33.5,49.5,83.9,58.5,전국구 베스트셀러 작가(프랑수아즈 사강 [지음])의 신작입니다. 대표 출판사(민음사)의 수매 신뢰도가 높습니다.
웡카 ,글: 시빌 파운더 ;번역: 김난령,시공사,800번대,33.5,49.5,84.0,58.5,전국구 베스트셀러 작가(시빌 파운더)의 신작입니다. 대표 출판사(시공사)의 수매 신뢰도가 높습니다.
서랍에 저녁을 넣어 두었다 :한강 시집 ,지은이: 한강,문학과지성사,800번대,33.5,49.5,83.8,58.4,전국구 베스트셀러 작가(한강)의 신작입니다. 대표 출판사(문학과지성사)의 수매 신뢰도가 높습니다.
나의 돈키호테 :김호연 장편소설 ,지은이: 김호연,나무옆의자,800번대,33.5,49.5,83.7,58.4,전국구 베스트셀러 작가(김호연)의 신작입니다. 대표 출판사(나무옆의자)의 수매 신뢰도가 높습니다.
내 여자의 열매 :한강 소설집 ,지은이: 한강,문학과지성사,800번대,33.5,49.5,83.8,58.4,전국구 베스트셀러 작가(한강)의 신작입니다. 대표 출판사(문학과지성사)의 수매 신뢰도가 높습니다.
사랑을 무게로 안 느끼게 :박완서 에세이 ,지은이: 박완서,세계사(세계사컨텐츠그룹),800번대,33.5,49.5,83.7,58.4,전국구 베스트셀러 작가(박완서)의 신작입니다. 대표 출판사(세계사(세계사컨텐츠그룹))의 수매 신뢰도가 높습니다.
아무거나 문방구 :정은정 동화,지은이: 정은정 ;그린이: 유시연,창비,800번대,33.5,49.5,83.8,58.4,전국구 베스트셀러 작가(정은정)의 신작입니다. 대표 출판사(창비)의 수매 신뢰도가 높습니다.
녹나무의 파수꾼 =The camphorwood custodian ,저자: 히가시노 게이고 ;옮긴이: 양윤옥,소미미디어,800번대,33.5,49.5,83.8,58.4,전국구 베스트셀러 작가(히가시노 게이고)의 신작입니다. 대표 출판사(소미미디어)의 수매 신뢰도가 높습니다.
불편한 편의점 :김호연 장편소설,지은이: 김호연,나무옆의자,800번대,33.5,49.5,83.7,58.4,전국구 베스트셀러 작가(김호연)의 신작입니다. 대표 출판사(나무옆의자)의 수매 신뢰도가 높습니다.
불편한 편의점 :김호연 장편소설 ,지은이: 김호연,나무옆의자,800번대,33.5,49.5,83.7,58.4,전국구 베스트셀러 작가(김호연)의 신작입니다. 대표 출판사(나무옆의자)의 수매 신뢰도가 높습니다.
노랑무늬영원 :한강 소설집 ,지은이: 한강,문학과지성사,800번대,33.5,49.5,83.8,58.4,전국구 베스트셀러 작가(한강)의 신작입니다. 대표 출판사(문학과지성사)의 수매 신뢰도가 높습니다.
망원동 브라더스 :김호연 장편소설 ,지은이: 김호연,나무옆의자,800번대,33.5,49.5,83.7,58.4,전국구 베스트셀러 작가(김호연)의 신작입니다. 대표 출판사(나무옆의자)의 수매 신뢰도가 높습니다.
녹나무의 여신 ,저자: 히가시노 게이고 ;옮긴이: 양윤옥,소미미디어,800번대,33.5,49.5,83.8,58.4,전국구 베스트셀러 작가(히가시노 게이고)의 신작입니다. 대표 출판사(소미미디어)의 수매 신뢰도가 높습니다.
여수의 사랑 :한강 소설집 ,지은이: 한강,문학과지성사,800번대,33.5,49.5,83.8,58.4,전국구 베스트셀러 작가(한강)의 신작입니다. 대표 출판사(문학과지성사)의 수매 신뢰도가 높습니다.
매듭의 끝 :정해연 장편소설 ,지은이: 정해연,현대문학,800번대,33.5,49.5,83.7,58.4,전국구 베스트셀러 작가(정해연)의 신작입니다. 대표 출판사(현대문학)의 수매 신뢰도가 높습니다.
지금 사랑한다고 말하세요 :당신에게 들려주고 싶은 80가지 짧은 이야기 ,김창옥 지음,수오서재,100번대,62.5,32.6,74.7,58.4,대출 실적이 있는 저자(김창옥 지음)입니다. 출판 이력이 있는 출판사(수오서재)입니다.
빛과 실 ,지은이: 한강,문학과지성사,800번대,33.5,49.5,83.8,58.4,전국구 베스트셀러 작가(한강)의 신작입니다. 대표 출판사(문학과지성사)의 수매 신뢰도가 높습니다.
오십에 읽는 논어 :굽이치는 인생을 다잡아 주는 공자의 말 ,최종엽 지음,유노북스,100번대,62.5,32.6,74.6,58.4,대출 실적이 있는 저자(최종엽 지음)입니다. 출판 이력이 있는 출판사(유노북스)입니다.
"바람이 분다, 가라 :한강 장편소설 ",한강,문학과지성사,800번대,33.5,49.5,83.8,58.4,전국구 베스트셀러 작가(한강)의 신작입니다. 대표 출판사(문학과지성사)의 수매 신뢰도가 높습니다.
너무 잘하려고 애쓰지 마라 :나태주 시집 ,지은이: 나태주,열림원,800번대,33.5,49.5,83.8,58.4,전국구 베스트셀러 작가(나태주)의 신작입니다. 출판 이력이 있는 출판사(열림원)입니다.
미키7 :에드워드 애슈턴 SF 장편소설 ,지은이: 에드워드 애슈턴 ;옮긴이: 배지혜,황금가지,800번대,33.5,49.5,83.8,58.4,전국구 베스트셀러 작가(에드워드 애슈턴)의 신작입니다. 출판 이력이 있는 출판사(황금가지)입니다.
"(펼치는 순간 단숨에 6,000년 역사가 읽히는) 요즘 어른을 위한 최소한의 세계사 ",임소미 지음,빅피시,900번대,55.4,32.9,79.6,58.3,대출 실적이 있는 저자(임소미 지음)입니다. 출판 이력이 있는 출판사(빅피시)입니다.
온 더 볼 =On the ball,성완 글 ;돌만 그림,다산북스,800번대,33.5,49.5,83.4,58.3,전국구 베스트셀러 작가(성완 돌만 그림)의 신작입니다. 대표 출판사(다산북스)의 수매 신뢰도가 높습니다.
온 더 볼 =On the ball,성완 글 ;돌만 그림,다산북스,800번대,33.5,49.5,83.4,58.3,전국구 베스트셀러 작가(성완 돌만 그림)의 신작입니다. 대표 출판사(다산북스)의 수매 신뢰도가 높습니다.
고민을 들어줘 닥터 별냥,이지음 글 ;문채빈 그림,꿈터,800번대,33.5,49.5,83.5,58.3,전국구 베스트셀러 작가(이지음 문채빈 그림)의 신작입니다. 대표 출판사(꿈터)의 수매 신뢰도가 높습니다.
멋진 신세계 ,올더스 헉슬리 지음 ;안정효 옮김,태일소담,800번대,33.5,49.5,83.4,58.3,전국구 베스트셀러 작가(올더스 헉슬리 지음)의 신작입니다. 대표 출판사(태일소담)의 수매 신뢰도가 높습니다.
고민을 들어줘 닥터 별냥,이지음 글 ;문채빈 그림,꿈터,800번대,33.5,49.5,83.5,58.3,전국구 베스트셀러 작가(이지음 문채빈 그림)의 신작입니다. 대표 출판사(꿈터)의 수매 신뢰도가 높습니다.
하늘 마을로 간 택배 :구름 배송 왔습니다 ,글: 김경미 ;그림: 김무연,슈크림북,800번대,33.5,49.5,83.4,58.3,전국구 베스트셀러 작가(김경미)의 신작입니다. 대표 출판사(슈크림북)의 수매 신뢰도가 높습니다.
나는 정말 어디에 있는 걸까 ,요시타케 신스케 글·그림 ;권남희 옮김,주니어김영사,800번대,33.5,49.5,83.4,58.3,전국구 베스트셀러 작가(요시타케 신스케 글·권남희 옮김)의 신작입니다. 대표 출판사(주니어김영사)의 수매 신뢰도가 높습니다.
해가 지는 곳으로 :최진영 장편소설 ,지은이: 최진영,민음사,800번대,33.5,49.5,83.4,58.3,전국구 베스트셀러 작가(최진영)의 신작입니다. 대표 출판사(민음사)의 수매 신뢰도가 높습니다.
호랭떡집 ,글·그림: 서현,사계절(사계절출판사),800번대,33.5,49.5,83.5,58.3,전국구 베스트셀러 작가(글·서현)의 신작입니다. 대표 출판사(사계절(사계절출판사))의 수매 신뢰도가 높습니다.
탁! 깨달음의 대화 :법륜 스님 즉문즉설 ,지은이: 법륜 ;그림: 한차연,정토출판,200번대,75.0,27.8,68.4,58.2,대출 실적이 있는 저자(법륜)입니다. 출판 이력이 있는 출판사(정토출판)입니다.
거꾸로 읽는 세계사 ,유시민 지음,돌베개,900번대,55.4,32.9,79.2,58.2,전국구 베스트셀러 작가(유시민 지음)의 신작입니다. 출판 이력이 있는 출판사(돌베개)입니다.
노르웨이의 숲 =Norwegian wood ,지은이: 무라카미 하루키 ;옮긴이: 양억관,민음사,800번대,33.5,49.5,83.2,58.2,전국구 베스트셀러 작가(무라카미 하루키)의 신작입니다. 대표 출판사(민음사)의 수매 신뢰도가 높습니다.
삼체 =The three body ,류츠신 지음 ;허유영 옮김,자음과모음,800번대,33.5,49.5,83.3,58.2,전국구 베스트셀러 작가(류츠신 지음)의 신작입니다. 대표 출판사(자음과모음)의 수매 신뢰도가 높습니다.
일만 번의 다이빙 :이송현 장편 소설 ,지은이: 이송현,다산북스,800번대,33.5,49.5,83.2,58.2,전국구 베스트셀러 작가(이송현)의 신작입니다. 대표 출판사(다산북스)의 수매 신뢰도가 높습니다.
단 한 사람 :최진영 장편소설 ,지은이: 최진영,한겨레엔,800번대,33.5,49.5,83.3,58.2,전국구 베스트셀러 작가(최진영)의 신작입니다. 대표 출판사(한겨레엔)의 수매 신뢰도가 높습니다.
삼체 =The three body ,류츠신 지음 ;허유영 옮김,자음과모음,800번대,33.5,49.5,83.3,58.2,전국구 베스트셀러 작가(류츠신 지음)의 신작입니다. 대표 출판사(자음과모음)의 수매 신뢰도가 높습니다.
그대의 차가운 손:한강 장편소설,한강 지음,문학과지성사,800번대,33.5,49.5,83.2,58.2,전국구 베스트셀러 작가(한강 지음)의 신작입니다. 대표 출판사(문학과지성사)의 수매 신뢰도가 높습니다.
사라진 것들 :앤드루 포터 소설 ,지은이: 앤드루 포터 ;옮긴이: 민은영,문학동네,800번대,33.5,49.5,83.2,58.2,전국구 베스트셀러 작가(앤드루 포터)의 신작입니다. 대표 출판사(문학동네)의 수매 신뢰도가 높습니다.
순도 100퍼센트의 휴식 :박상영 에세이 ,지은이: 박상영,인플루엔셜,800번대,33.5,49.5,83.1,58.1,전국구 베스트셀러 작가(박상영)의 신작입니다. 대표 출판사(인플루엔셜)의 수매 신뢰도가 높습니다.
오백 년째 열다섯 :김혜정 장편소설 ,글: 김혜정,위즈덤하우스,800번대,33.5,49.5,83.1,58.1,전국구 베스트셀러 작가(김혜정)의 신작입니다. 대표 출판사(위즈덤하우스)의 수매 신뢰도가 높습니다.
(설민석의) 우리 고전 대모험,"글: 설민석,그림: 강신영",Dankkum i(단꿈아이),800번대,33.5,49.5,83.0,58.1,전국구 베스트셀러 작가(설민석)의 신작입니다. 대표 출판사(Dankkum i(단꿈아이))의 수매 신뢰도가 높습니다.
(설민석의) 우리 고전 대모험,"글: 설민석,그림: 강신영",Dankkum i(단꿈아이),800번대,33.5,49.5,83.0,58.1,전국구 베스트셀러 작가(설민석)의 신작입니다. 대표 출판사(Dankkum i(단꿈아이))의 수매 신뢰도가 높습니다.
오백 년째 열다섯 :김혜정 장편소설,글: 김혜정 ;일러스트: 조현아,위즈덤하우스,800번대,33.5,49.5,83.1,58.1,전국구 베스트셀러 작가(김혜정)의 신작입니다. 대표 출판사(위즈덤하우스)의 수매 신뢰도가 높습니다.
(처음 읽는) 삼국지,원작: 나관중 ;그림: 한현동,미래엔,800번대,33.5,49.5,82.9,58.1,전국구 베스트셀러 작가(나관중)의 신작입니다. 대표 출판사(미래엔)의 수매 신뢰도가 높습니다.
말하고 싶은 비밀 ,사쿠라 이이요 지음 ;김윤경 옮김,모모,800번대,33.5,49.5,83.1,58.1,전국구 베스트셀러 작가(사쿠라 이이요 지음)의 신작입니다. 출판 이력이 있는 출판사(모모)입니다.
오백 년째 열다섯 :김혜정 장편소설,글: 김혜정 ;일러스트: 조현아,위즈덤하우스,800번대,33.5,49.5,83.1,58.1,전국구 베스트셀러 작가(김혜정)의 신작입니다. 대표 출판사(위즈덤하우스)의 수매 신뢰도가 높습니다.
내가 생각한 인생이 아니야 ,지은이: 류시화,수오서재,800번대,33.5,49.5,83.1,58.1,전국구 베스트셀러 작가(류시화)의 신작입니다. 대표 출판사(수오서재)의 수매 신뢰도가 높습니다.
이상한 무인 아이스크림 가게 ,서아람 글 ;안병현 그림,라곰스쿨,800번대,33.5,49.5,82.9,58.1,전국구 베스트셀러 작가(서아람 안병현 그림)의 신작입니다. 대표 출판사(라곰스쿨)의 수매 신뢰도가 높습니다.
(처음 읽는) 삼국지,원작: 나관중 ;그림: 한현동,미래엔,800번대,33.5,49.5,82.9,58.1,전국구 베스트셀러 작가(나관중)의 신작입니다. 대표 출판사(미래엔)의 수매 신뢰도가 높습니다.
빛을 걷으면 빛 :성해나 소설 ,지은이: 성해나,문학동네,800번대,33.5,49.5,83.1,58.1,전국구 베스트셀러 작가(성해나)의 신작입니다. 대표 출판사(문학동네)의 수매 신뢰도가 높습니다.
(설민석의) 우리 고전 대모험,"글: 설민석,그림: 강신영",Dankkum i(단꿈아이),800번대,33.5,49.5,83.0,58.1,전국구 베스트셀러 작가(설민석)의 신작입니다. 대표 출판사(Dankkum i(단꿈아이))의 수매 신뢰도가 높습니다.
오백 년째 열다섯 :김혜정 장편소설,글: 김혜정 ;일러스트: 조현아,위즈덤하우스,800번대,33.5,49.5,83.1,58.1,전국구 베스트셀러 작가(김혜정)의 신작입니다. 대표 출판사(위즈덤하우스)의 수매 신뢰도가 높습니다.
(설민석의) 우리 고전 대모험,"글: 설민석,그림: 강신영",Dankkum i(단꿈아이),800번대,33.5,49.5,83.0,58.1,전국구 베스트셀러 작가(설민석)의 신작입니다. 대표 출판사(Dankkum i(단꿈아이))의 수매 신뢰도가 높습니다.
(설민석의) 우리 고전 대모험,"글: 설민석,그림: 강신영",Dankkum i(단꿈아이),800번대,33.5,49.5,83.0,58.1,전국구 베스트셀러 작가(설민석)의 신작입니다. 대표 출판사(Dankkum i(단꿈아이))의 수매 신뢰도가 높습니다.
치즈 이야기 :조예은 소설 ,지은이: 조예은,문학동네,800번대,33.5,49.5,83.1,58.1,전국구 베스트셀러 작가(조예은)의 신작입니다. 대표 출판사(문학동네)의 수매 신뢰도가 높습니다.
그러라 그래 :양희은 에세이 ,지은이: 양희은,김영사,800번대,33.5,49.5,83.0,58.1,전국구 베스트셀러 작가(양희은)의 신작입니다. 대표 출판사(김영사)의 수매 신뢰도가 높습니다.
(설민석의) 우리 고전 대모험,"글: 설민석,그림: 강신영",Dankkum i(단꿈아이),800번대,33.5,49.5,83.0,58.1,전국구 베스트셀러 작가(설민석)의 신작입니다. 대표 출판사(Dankkum i(단꿈아이))의 수매 신뢰도가 높습니다.
(설민석의) 우리 고전 대모험,"글: 설민석,그림: 강신영",Dankkum i(단꿈아이),800번대,33.5,49.5,83.0,58.1,전국구 베스트셀러 작가(설민석)의 신작입니다. 대표 출판사(Dankkum i(단꿈아이))의 수매 신뢰도가 높습니다.
시간 고양이,박미연 글 ;이소연 그림,이지북,800번대,33.5,49.5,82.8,58.0,전국구 베스트셀러 작가(박미연 이소연 그림)의 신작입니다. 대표 출판사(이지북)의 수매 신뢰도가 높습니다.
"설자은, 금성으로 돌아오다 :정세랑 장편소설 ",지은이: 정세랑,문학동네,800번대,33.5,49.5,82.8,58.0,전국구 베스트셀러 작가(정세랑)의 신작입니다. 대표 출판사(문학동네)의 수매 신뢰도가 높습니다.
입속 지느러미 :조예은 장편소설 ,지은이: 조예은,한겨레엔,800번대,33.5,49.5,82.7,58.0,전국구 베스트셀러 작가(조예은)의 신작입니다. 대표 출판사(한겨레엔)의 수매 신뢰도가 높습니다.
시간 고양이,박미연 글 ;이소연 그림,이지북,800번대,33.5,49.5,82.8,58.0,전국구 베스트셀러 작가(박미연 이소연 그림)의 신작입니다. 대표 출판사(이지북)의 수매 신뢰도가 높습니다.
시간 고양이,박미연 글 ;이소연 그림,이지북,800번대,33.5,49.5,82.8,58.0,전국구 베스트셀러 작가(박미연 이소연 그림)의 신작입니다. 대표 출판사(이지북)의 수매 신뢰도가 높습니다.
사랑과 결함 :예소연 소설 ,지은이: 예소연,문학동네,800번대,33.5,49.5,82.7,58.0,전국구 베스트셀러 작가(예소연)의 신작입니다. 대표 출판사(문학동네)의 수매 신뢰도가 높습니다.
행복할 거야 이래도 되나 싶을 정도로 :일홍 에세이 ,지은이: 일홍,부크럼,800번대,33.5,49.5,82.8,58.0,전국구 베스트셀러 작가(일홍)의 신작입니다. 출판 이력이 있는 출판사(부크럼)입니다.
"설자은, 불꽃을 쫓다 :정세랑 장편소설 ",지은이: 정세랑,문학동네,800번대,33.5,49.5,82.8,58.0,전국구 베스트셀러 작가(정세랑)의 신작입니다. 대표 출판사(문학동네)의 수매 신뢰도가 높습니다.
스노볼 드라이브 :조예은 장편소설 ,지은이: 조예은,민음사,800번대,33.5,49.5,82.7,58.0,전국구 베스트셀러 작가(조예은)의 신작입니다. 대표 출판사(민음사)의 수매 신뢰도가 높습니다.
학교 옆 만능빌딩 ,이현지 글 ;김민우 그림,비룡소,800번대,33.5,49.5,82.8,58.0,전국구 베스트셀러 작가(이현지 김민우 그림)의 신작입니다. 대표 출판사(비룡소)의 수매 신뢰도가 높습니다.
"시선으로부터, :정세랑 장편소설 ",지은이: 정세랑,문학동네,800번대,33.5,49.5,82.8,58.0,전국구 베스트셀러 작가(정세랑)의 신작입니다. 대표 출판사(문학동네)의 수매 신뢰도가 높습니다.
트로피컬 나이트 =조예은 소설집 /Tropical night ,지은이: 조예은,한겨레엔,800번대,33.5,49.5,82.7,58.0,전국구 베스트셀러 작가(조예은)의 신작입니다. 대표 출판사(한겨레엔)의 수매 신뢰도가 높습니다.
그럴 수 있어 :양희은 에세이 ,지은이: 양희은,웅진씽크빅,800번대,33.5,49.5,82.7,58.0,전국구 베스트셀러 작가(양희은)의 신작입니다. 대표 출판사(웅진씽크빅)의 수매 신뢰도가 높습니다.
황금종이 :조정래 장편소설 ,저자: 조정래,해냄(해냄출판사),800번대,33.5,49.5,82.4,57.9,전국구 베스트셀러 작가(조정래)의 신작입니다. 대표 출판사(해냄(해냄출판사))의 수매 신뢰도가 높습니다.
여름은 고작 계절 :김서해 장편소설 ,지은이: 김서해,위즈덤하우스,800번대,33.5,49.5,82.6,57.9,전국구 베스트셀러 작가(김서해)의 신작입니다. 대표 출판사(위즈덤하우스)의 수매 신뢰도가 높습니다.
웃소,원작: 웃소 ;그림: 박강호,미래엔,800번대,33.5,49.5,82.4,57.9,전국구 베스트셀러 작가(웃소)의 신작입니다. 대표 출판사(미래엔)의 수매 신뢰도가 높습니다.
웃소,원작: 웃소 ;그림: 박강호,미래엔,800번대,33.5,49.5,82.4,57.9,전국구 베스트셀러 작가(웃소)의 신작입니다. 대표 출판사(미래엔)의 수매 신뢰도가 높습니다.
초밥이 옷을 사러 갔어요 ,타나카 타츠야 지음 ;권남희 옮김,토토북,800번대,33.5,49.5,82.4,57.9,전국구 베스트셀러 작가(타나카 타츠야 지음)의 신작입니다. 대표 출판사(토토북)의 수매 신뢰도가 높습니다.
황금종이 :조정래 장편소설 ,저자: 조정래,해냄(해냄출판사),800번대,33.5,49.5,82.4,57.9,전국구 베스트셀러 작가(조정래)의 신작입니다. 대표 출판사(해냄(해냄출판사))의 수매 신뢰도가 높습니다.
웃소,원작: 웃소 ;그림: 박강호,미래엔,800번대,33.5,49.5,82.4,57.9,전국구 베스트셀러 작가(웃소)의 신작입니다. 대표 출판사(미래엔)의 수매 신뢰도가 높습니다.
웃소,원작: 웃소 ;그림: 박강호,미래엔,800번대,33.5,49.5,82.4,57.9,전국구 베스트셀러 작가(웃소)의 신작입니다. 대표 출판사(미래엔)의 수매 신뢰도가 높습니다.
웃소,원작: 웃소 ;그림: 박강호,미래엔,800번대,33.5,49.5,82.4,57.9,전국구 베스트셀러 작가(웃소)의 신작입니다. 대표 출판사(미래엔)의 수매 신뢰도가 높습니다.
파과 :구병모 장편소설 ,지은이: 구병모,자음과모음,800번대,33.5,49.5,82.2,57.8,전국구 베스트셀러 작가(구병모)의 신작입니다. 대표 출판사(자음과모음)의 수매 신뢰도가 높습니다.
빨간내복야코,원작: 빨간내복야코 ;글·그림: 서후,샌드박스네트워크,800번대,33.5,49.5,82.3,57.8,전국구 베스트셀러 작가(빨간내복야코)의 신작입니다. 대표 출판사(샌드박스네트워크)의 수매 신뢰도가 높습니다.
벌거벗은 세계사,"글: 이현희,최호정",아울북(북이십일 아울북),900번대,55.4,32.9,78.4,57.8,전국구 베스트셀러 작가(이현희)의 신작입니다. 대표 출판사(아울북(북이십일 아울북))의 수매 신뢰도가 높습니다.
가면산장 살인사건 ,지은이: 히가시노 게이고 ;옮긴이: 김난주,재인,800번대,33.5,49.5,82.3,57.8,전국구 베스트셀러 작가(히가시노 게이고)의 신작입니다. 대표 출판사(재인)의 수매 신뢰도가 높습니다.
듄 ,지은이: 프랭크 허버트 ;옮긴이: 김승욱,황금가지,800번대,33.5,49.5,82.3,57.8,전국구 베스트셀러 작가(프랭크 허버트)의 신작입니다. 출판 이력이 있는 출판사(황금가지)입니다.
시간 유전자 ,김혜정 글 ;인디고 그림,라임,800번대,33.5,49.5,82.2,57.8,전국구 베스트셀러 작가(김혜정 인디고 그림)의 신작입니다. 출판 이력이 있는 출판사(라임)입니다.
히든 픽처스 ,제이슨 르쿨락 지음 ;유소영 옮김,문학수첩,800번대,33.5,49.5,82.2,57.8,전국구 베스트셀러 작가(제이슨 르쿨락 지음)의 신작입니다. 대표 출판사(문학수첩)의 수매 신뢰도가 높습니다.
빨간내복야코,원작: 빨간내복야코 ;글·그림: 서후,샌드박스네트워크,800번대,33.5,49.5,82.3,57.8,전국구 베스트셀러 작가(빨간내복야코)의 신작입니다. 대표 출판사(샌드박스네트워크)의 수매 신뢰도가 높습니다.
긴키 지방의 어느 장소에 대하여 :세스지 장편소설 ,지은이: 세스지 ;옮긴이: 전선영,오팬하우스,800번대,33.5,49.5,82.3,57.8,전국구 베스트셀러 작가(세스지)의 신작입니다. 대표 출판사(오팬하우스)의 수매 신뢰도가 높습니다.
마지막 마음이 들리는 공중전화 :이수연 장편소설 ,지은이: 이수연,클레이하우스,800번대,33.5,49.5,82.3,57.8,전국구 베스트셀러 작가(이수연)의 신작입니다. 대표 출판사(클레이하우스)의 수매 신뢰도가 높습니다.
빨간내복야코,원작: 빨간내복야코 ;글·그림: 서후,샌드박스네트워크,800번대,33.5,49.5,82.3,57.8,전국구 베스트셀러 작가(빨간내복야코)의 신작입니다. 대표 출판사(샌드박스네트워크)의 수매 신뢰도가 높습니다.
빨간내복야코,원작: 빨간내복야코 ;글·그림: 서후,샌드박스네트워크,800번대,33.5,49.5,82.3,57.8,전국구 베스트셀러 작가(빨간내복야코)의 신작입니다. 대표 출판사(샌드박스네트워크)의 수매 신뢰도가 높습니다.
생일엔 마라탕,글: 류미정 ;그림: 손수정,밝은미래,800번대,33.5,49.5,82.1,57.7,전국구 베스트셀러 작가(류미정)의 신작입니다. 출판 이력이 있는 출판사(밝은미래)입니다.
메멘과 모리 ,요시타케 신스케 글·그림 ;권남희 옮김,김영사,800번대,33.5,49.5,81.9,57.7,전국구 베스트셀러 작가(요시타케 신스케 글·권남희 옮김)의 신작입니다. 대표 출판사(김영사)의 수매 신뢰도가 높습니다.
생일엔 마라탕,글: 류미정 ;그림: 손수정,밝은미래,800번대,33.5,49.5,82.1,57.7,전국구 베스트셀러 작가(류미정)의 신작입니다. 출판 이력이 있는 출판사(밝은미래)입니다.
하쿠다 사진관 :허태연 장편소설 ,지은이: 허태연,다산북스,800번대,33.5,49.5,82.0,57.7,전국구 베스트셀러 작가(허태연)의 신작입니다. 대표 출판사(다산북스)의 수매 신뢰도가 높습니다.
생일엔 마라탕,글: 류미정 ;그림: 손수정,밝은미래,800번대,33.5,49.5,82.1,57.7,전국구 베스트셀러 작가(류미정)의 신작입니다. 출판 이력이 있는 출판사(밝은미래)입니다.
생일엔 마라탕,글: 류미정 ;그림: 손수정,밝은미래,800번대,33.5,49.5,82.1,57.7,전국구 베스트셀러 작가(류미정)의 신작입니다. 출판 이력이 있는 출판사(밝은미래)입니다.
생일엔 마라탕,글: 류미정 ;그림: 손수정,밝은미래,800번대,33.5,49.5,82.1,57.7,전국구 베스트셀러 작가(류미정)의 신작입니다. 출판 이력이 있는 출판사(밝은미래)입니다.
"꽃길이 따로 있나, 내 삶이 꽃인 것을 ",오평선 지음,콘텐츠그룹 포레스트,800번대,33.5,49.5,81.9,57.7,전국구 베스트셀러 작가(오평선 지음)의 신작입니다. 출판 이력이 있는 출판사(콘텐츠그룹 포레스트)입니다.
마당이 있는 집 ,김진영 지음,문학동네,800번대,33.5,49.5,82.0,57.7,전국구 베스트셀러 작가(김진영 지음)의 신작입니다. 대표 출판사(문학동네)의 수매 신뢰도가 높습니다.
"사피엔스 :유인원에서 사이보그까지, 인간 역사의 대담하고 위대한 질문 ",지은이: 유발 하라리 ;옮긴이: 조현욱,김영사,900번대,55.4,32.9,78.1,57.7,전국구 베스트셀러 작가(유발 하라리)의 신작입니다. 출판 이력이 있는 출판사(김영사)입니다.
푸른 사자 와니니 :이현 장편동화,지은이: 이현 ;그린이: 오윤화,창비,800번대,33.5,49.5,81.9,57.7,전국구 베스트셀러 작가(이현)의 신작입니다. 대표 출판사(창비)의 수매 신뢰도가 높습니다.
마시지 않을 수 없는 밤이니까요 :정지아 에세이 ,지은이: 정지아,마이디어북스,800번대,33.5,49.5,82.0,57.7,전국구 베스트셀러 작가(정지아)의 신작입니다. 출판 이력이 있는 출판사(마이디어북스)입니다.
(한 줄 코드로 재밌게 읽고 평생 기억하는) 서경석의 한국사 한 권 ,지은이: 서경석 ;그림: 최광렬,창비교육,900번대,55.4,32.9,77.9,57.6,대출 실적이 있는 저자(서경석)입니다. 출판 이력이 있는 출판사(창비교육)입니다.
"(김재우의) 영어회화 100 :100일 후, 당신의 입에서 나오는 영어에 놀랄 것이다! ",김재우 지음,상상스퀘어,700번대,63.3,30.3,73.8,57.6,대출 실적이 있는 저자(김재우 지음)입니다. 출판 이력이 있는 출판사(상상스퀘어)입니다.
장미와 나이프 ,지은이: 히가시노 게이고 ;옮긴이: 김윤경,오팬하우스,800번대,33.5,49.5,81.7,57.6,전국구 베스트셀러 작가(히가시노 게이고)의 신작입니다. 대표 출판사(오팬하우스)의 수매 신뢰도가 높습니다.
대온실 수리 보고서 :김금희 장편소설 ,지은이: 김금희,창비,800번대,33.5,49.5,81.7,57.6,전국구 베스트셀러 작가(김금희)의 신작입니다. 대표 출판사(창비)의 수매 신뢰도가 높습니다.
"알로하, 나의 엄마들 :이금이 장편소설 ",지은이: 이금이,창비,800번대,33.5,49.5,81.8,57.6,전국구 베스트셀러 작가(이금이)의 신작입니다. 대표 출판사(창비)의 수매 신뢰도가 높습니다.
역사의 쓸모 :자유롭고 떳떳한 삶을 위한 22가지 통찰 ,최태성 지음,다산북스,900번대,55.4,32.9,77.7,57.6,전국구 베스트셀러 작가(최태성 지음)의 신작입니다. 출판 이력이 있는 출판사(다산북스)입니다.
제철 행복 :김신지 에세이 ,지은이: 김신지,인플루엔셜,800번대,33.5,49.5,81.7,57.6,전국구 베스트셀러 작가(김신지)의 신작입니다. 대표 출판사(인플루엔셜)의 수매 신뢰도가 높습니다.
(엉뚱한 기자) 김방구 :목에 사는 두꺼비 ,주봄 글 ;한승무 그림,비룡소,800번대,33.5,49.5,81.6,57.5,전국구 베스트셀러 작가(주봄 한승무 그림)의 신작입니다. 대표 출판사(비룡소)의 수매 신뢰도가 높습니다.
우리 집에 왜 왔어? :정해연 소설집 ,지은이: 정해연,허블,800번대,33.5,49.5,81.5,57.5,전국구 베스트셀러 작가(정해연)의 신작입니다. 대표 출판사(허블)의 수매 신뢰도가 높습니다.
페인트 :이희영 장편소설 ,지은이: 이희영,창비,800번대,33.5,49.5,81.6,57.5,전국구 베스트셀러 작가(이희영)의 신작입니다. 대표 출판사(창비)의 수매 신뢰도가 높습니다.
왔구마 :고구마구마,"글: 조주희,이두희",킨더랜드,800번대,33.5,49.5,81.6,57.5,전국구 베스트셀러 작가(조주희)의 신작입니다. 대표 출판사(킨더랜드)의 수매 신뢰도가 높습니다.
시간을 파는 상점 :김선영 장편소설 ,지은이: 김선영,자음과모음,800번대,33.5,49.5,81.6,57.5,전국구 베스트셀러 작가(김선영)의 신작입니다. 대표 출판사(자음과모음)의 수매 신뢰도가 높습니다.
(엉뚱한 기자) 김방구,주봄 글 ;한승무 그림,비룡소,800번대,33.5,49.5,81.6,57.5,전국구 베스트셀러 작가(주봄 한승무 그림)의 신작입니다. 대표 출판사(비룡소)의 수매 신뢰도가 높습니다.
완벽한 계란 후라이 주세요 ,보람 글·그림,길벗어린이,800번대,33.5,49.5,81.6,57.5,전국구 베스트셀러 작가(보람 글·그림)의 신작입니다. 출판 이력이 있는 출판사(길벗어린이)입니다.
거꾸로 토끼끼토 ,보람 글·그림,길벗어린이,800번대,33.5,49.5,81.6,57.5,전국구 베스트셀러 작가(보람 글·그림)의 신작입니다. 출판 이력이 있는 출판사(길벗어린이)입니다.
왔구마 :고구마구마,"글: 조주희,이두희",킨더랜드,800번대,33.5,49.5,81.6,57.5,전국구 베스트셀러 작가(조주희)의 신작입니다. 대표 출판사(킨더랜드)의 수매 신뢰도가 높습니다.
고독한 용의자 :찬호께이 장편소설 ,지은이: 찬호께이 ;옮긴이: 허유영,위즈덤하우스,800번대,33.5,49.5,81.4,57.5,전국구 베스트셀러 작가(찬호께이)의 신작입니다. 대표 출판사(위즈덤하우스)의 수매 신뢰도가 높습니다.
내가 할배냥 ,홍민정 글 ;하민석 그림,김영사,800번대,33.5,49.5,81.5,57.5,전국구 베스트셀러 작가(홍민정 하민석 그림)의 신작입니다. 대표 출판사(김영사)의 수매 신뢰도가 높습니다.
(시원하게 도와주는) 북극곰 센터 ,황지영 글 ;박소연 그림,인플루엔셜,800번대,33.5,49.5,81.5,57.5,전국구 베스트셀러 작가(황지영 박소연 그림)의 신작입니다. 대표 출판사(인플루엔셜)의 수매 신뢰도가 높습니다.
왔구마 :고구마구마,"글: 조주희,이두희",킨더랜드,800번대,33.5,49.5,81.6,57.5,전국구 베스트셀러 작가(조주희)의 신작입니다. 대표 출판사(킨더랜드)의 수매 신뢰도가 높습니다.
괴테는 모든 것을 말했다 ,스즈키 유이 지음 ;이지수 옮김,콘텐츠그룹 포레스트,800번대,33.5,49.5,81.4,57.5,전국구 베스트셀러 작가(스즈키 유이 지음)의 신작입니다. 출판 이력이 있는 출판사(콘텐츠그룹 포레스트)입니다.
여름의 귤을 좋아하세요 :이희영 장편 소설 ,지은이: 이희영,창비,800번대,33.5,49.5,81.6,57.5,전국구 베스트셀러 작가(이희영)의 신작입니다. 대표 출판사(창비)의 수매 신뢰도가 높습니다.
혼자일 수 없다면 나아갈 수 없다 :프리드리히 니체 아포리즘 ,프리드리히 니체 지음 ;김욱 편역,콘텐츠그룹 포레스트,100번대,62.5,32.6,72.3,57.5,대출 실적이 있는 저자(프리드리히 니체 지음)입니다. 출판 이력이 있는 출판사(콘텐츠그룹 포레스트)입니다.
설민석의 한국사 대모험,"글: 설민석,그림: 정현희",Dankkum i(단꿈아이),900번대,55.4,32.9,77.3,57.4,전국구 베스트셀러 작가(설민석)의 신작입니다. 대표 출판사(Dankkum i(단꿈아이))의 수매 신뢰도가 높습니다.
바다가 들리는 편의점,마치다 소노코 지음 ;황국영 옮김,오팬하우스,800번대,33.5,49.5,81.3,57.4,전국구 베스트셀러 작가(마치다 소노코 지음)의 신작입니다. 대표 출판사(오팬하우스)의 수매 신뢰도가 높습니다.
설민석의 한국사 대모험,"글: 설민석,그림: 정현희",Dankkum i(단꿈아이),900번대,55.4,32.9,77.3,57.4,전국구 베스트셀러 작가(설민석)의 신작입니다. 대표 출판사(Dankkum i(단꿈아이))의 수매 신뢰도가 높습니다.
설민석의 한국사 대모험,"글: 설민석,그림: 정현희",Dankkum i(단꿈아이),900번대,55.4,32.9,77.3,57.4,전국구 베스트셀러 작가(설민석)의 신작입니다. 대표 출판사(Dankkum i(단꿈아이))의 수매 신뢰도가 높습니다.
설민석의 한국사 대모험,"글: 설민석,그림: 정현희",Dankkum i(단꿈아이),900번대,55.4,32.9,77.3,57.4,전국구 베스트셀러 작가(설민석)의 신작입니다. 대표 출판사(Dankkum i(단꿈아이))의 수매 신뢰도가 높습니다.
설민석의 한국사 대모험,"글: 설민석,그림: 정현희",Dankkum i(단꿈아이),900번대,55.4,32.9,77.3,57.4,전국구 베스트셀러 작가(설민석)의 신작입니다. 대표 출판사(Dankkum i(단꿈아이))의 수매 신뢰도가 높습니다.
설민석의 한국사 대모험,"글: 설민석,그림: 정현희",Dankkum i(단꿈아이),900번대,55.4,32.9,77.3,57.4,전국구 베스트셀러 작가(설민석)의 신작입니다. 대표 출판사(Dankkum i(단꿈아이))의 수매 신뢰도가 높습니다.
설민석의 한국사 대모험,"글: 설민석,그림: 정현희",Dankkum i(단꿈아이),900번대,55.4,32.9,77.3,57.4,전국구 베스트셀러 작가(설민석)의 신작입니다. 대표 출판사(Dankkum i(단꿈아이))의 수매 신뢰도가 높습니다.
설민석의 한국사 대모험,"글: 설민석,그림: 정현희",Dankkum i(단꿈아이),900번대,55.4,32.9,77.3,57.4,전국구 베스트셀러 작가(설민석)의 신작입니다. 대표 출판사(Dankkum i(단꿈아이))의 수매 신뢰도가 높습니다.
설민석의 한국사 대모험,"글: 설민석,그림: 정현희",Dankkum i(단꿈아이),900번대,55.4,32.9,77.3,57.4,전국구 베스트셀러 작가(설민석)의 신작입니다. 대표 출판사(Dankkum i(단꿈아이))의 수매 신뢰도가 높습니다.
심판 ,베르나르 베르베르 지음 ;전미연 옮김,열린책들,800번대,33.5,49.5,81.3,57.4,전국구 베스트셀러 작가(베르나르 베르베르 지음)의 신작입니다. 출판 이력이 있는 출판사(열린책들)입니다.
설민석의 한국사 대모험,"글: 설민석,그림: 정현희",Dankkum i(단꿈아이),900번대,55.4,32.9,77.3,57.4,전국구 베스트셀러 작가(설민석)의 신작입니다. 대표 출판사(Dankkum i(단꿈아이))의 수매 신뢰도가 높습니다.
설민석의 한국사 대모험,"글: 설민석,그림: 정현희",Dankkum i(단꿈아이),900번대,55.4,32.9,77.3,57.4,전국구 베스트셀러 작가(설민석)의 신작입니다. 대표 출판사(Dankkum i(단꿈아이))의 수매 신뢰도가 높습니다.
설민석의 한국사 대모험,"글: 설민석,그림: 정현희",Dankkum i(단꿈아이),900번대,55.4,32.9,77.3,57.4,전국구 베스트셀러 작가(설민석)의 신작입니다. 대표 출판사(Dankkum i(단꿈아이))의 수매 신뢰도가 높습니다.
바다가 들리는 편의점,마치다 소노코 지음 ;황국영 옮김,오팬하우스,800번대,33.5,49.5,81.3,57.4,전국구 베스트셀러 작가(마치다 소노코 지음)의 신작입니다. 대표 출판사(오팬하우스)의 수매 신뢰도가 높습니다.
설민석의 한국사 대모험,"글: 설민석,그림: 정현희",Dankkum i(단꿈아이),900번대,55.4,32.9,77.3,57.4,전국구 베스트셀러 작가(설민석)의 신작입니다. 대표 출판사(Dankkum i(단꿈아이))의 수매 신뢰도가 높습니다.
궤도 ,지은이: 서맨사 하비 ;옮긴이: 송예슬,서해문집,800번대,33.5,49.5,81.3,57.4,전국구 베스트셀러 작가(서맨사 하비)의 신작입니다. 대표 출판사(서해문집)의 수매 신뢰도가 높습니다.
설민석의 한국사 대모험,"글: 설민석,그림: 정현희",Dankkum i(단꿈아이),900번대,55.4,32.9,77.3,57.4,전국구 베스트셀러 작가(설민석)의 신작입니다. 대표 출판사(Dankkum i(단꿈아이))의 수매 신뢰도가 높습니다.
싯다르타,헤르만 헤세 지음;박병덕 옮김,민음사,800번대,33.5,49.5,81.2,57.4,전국구 베스트셀러 작가(헤르만 헤세 지음)의 신작입니다. 대표 출판사(민음사)의 수매 신뢰도가 높습니다.
설민석의 한국사 대모험,"글: 설민석,그림: 정현희",Dankkum i(단꿈아이),900번대,55.4,32.9,77.3,57.4,전국구 베스트셀러 작가(설민석)의 신작입니다. 대표 출판사(Dankkum i(단꿈아이))의 수매 신뢰도가 높습니다.
오렌지와 빵칼 =청예 장편소설 /Orange and bread knife ,지은이: 청예,허블,800번대,33.5,49.5,81.2,57.4,대출 실적이 있는 저자(청예)입니다. 대표 출판사(허블)의 수매 신뢰도가 높습니다.
행운이 구르는 속도 :김성운 창작동화 ,지은이: 김성운 ;그린이: 김성라,사계절(사계절출판사),800번대,33.5,49.5,81.3,57.4,전국구 베스트셀러 작가(김성운)의 신작입니다. 대표 출판사(사계절(사계절출판사))의 수매 신뢰도가 높습니다.
비스킷 ,글: 김선미,위즈덤하우스,800번대,33.5,49.5,81.0,57.3,전국구 베스트셀러 작가(김선미)의 신작입니다. 대표 출판사(위즈덤하우스)의 수매 신뢰도가 높습니다.
비스킷,글: 김선미,위즈덤하우스,800번대,33.5,49.5,81.0,57.3,전국구 베스트셀러 작가(김선미)의 신작입니다. 대표 출판사(위즈덤하우스)의 수매 신뢰도가 높습니다.
호밀밭의 파수꾼,제롬 데이비드 샐린저 지음;공경희 옮김,민음사,800번대,33.5,49.5,80.9,57.3,전국구 베스트셀러 작가(제롬 데이비드 샐린저 지음)의 신작입니다. 대표 출판사(민음사)의 수매 신뢰도가 높습니다.
이호선의 나이 들수록,이호선 지음,은행나무,100번대,62.5,32.6,72.0,57.3,대출 실적이 있는 저자(이호선 지음)입니다. 출판 이력이 있는 출판사(은행나무)입니다.
구의 증명 ,최진영 지음,은행나무,800번대,33.5,49.5,80.8,57.2,전국구 베스트셀러 작가(최진영 지음)의 신작입니다. 대표 출판사(은행나무)의 수매 신뢰도가 높습니다.
끝내주는 인생 :이슬아 산문집 ,지은이: 이슬아 ;사진: 이훤,디플롯,800번대,33.5,49.5,80.8,57.2,전국구 베스트셀러 작가(이슬아)의 신작입니다. 출판 이력이 있는 출판사(디플롯)입니다.
방금 떠나온 세계 :김초엽 소설집 ,지은이: 김초엽,한겨레엔,800번대,33.5,49.5,80.7,57.2,전국구 베스트셀러 작가(김초엽)의 신작입니다. 대표 출판사(한겨레엔)의 수매 신뢰도가 높습니다.
셰이커 :이희영 장편소설 ,지은이: 이희영,인플루엔셜,800번대,33.5,49.5,80.5,57.1,전국구 베스트셀러 작가(이희영)의 신작입니다. 대표 출판사(인플루엔셜)의 수매 신뢰도가 높습니다.
이상한 집 ,우케쓰 지음 ;김은모 옮김,디앤씨미디어,800번대,33.5,49.5,80.4,57.1,전국구 베스트셀러 작가(우케쓰 지음)의 신작입니다. 출판 이력이 있는 출판사(디앤씨미디어)입니다.
부처님 말씀대로 살아보니 :인생이 가벼워지는 15가지 불교 수업 ,토니 페르난도 지음 ;강정선 옮김,Wilma(윌마),100번대,62.5,32.6,71.4,57.1,대출 실적이 있는 저자(토니 페르난도 지음)입니다. 출판 이력이 있는 출판사(Wilma(윌마))입니다.
윤슬의 바다 :백은별 소설 ,지은이: 백은별,바른북스,800번대,33.5,49.5,80.4,57.1,전국구 베스트셀러 작가(백은별)의 신작입니다. 대표 출판사(바른북스)의 수매 신뢰도가 높습니다.
시한부 :백은별 장편소설 ,지은이: 백은별,바른북스,800번대,33.5,49.5,80.4,57.1,전국구 베스트셀러 작가(백은별)의 신작입니다. 대표 출판사(바른북스)의 수매 신뢰도가 높습니다.
날씨가 좋으면 찾아가겠어요 :이도우 장편소설 ,지은이: 이도우,시공사,800번대,33.5,49.5,80.6,57.1,전국구 베스트셀러 작가(이도우)의 신작입니다. 대표 출판사(시공사)의 수매 신뢰도가 높습니다.
해리포터 :마법사의 돌 ,J.K. 롤링 지음 ;강동혁 옮김,문학수첩,800번대,33.5,49.5,80.6,57.1,전국구 베스트셀러 작가(J.K. 롤링 지음)의 신작입니다. 대표 출판사(문학수첩)의 수매 신뢰도가 높습니다.
사자마트 ,김유 글 ;소복이 그림,천개의바람,800번대,33.5,49.5,80.6,57.1,전국구 베스트셀러 작가(김유 소복이 그림)의 신작입니다. 대표 출판사(천개의바람)의 수매 신뢰도가 높습니다.
개욕탕 ,김유 글 ;소복이 그림,천개의바람,800번대,33.5,49.5,80.6,57.1,전국구 베스트셀러 작가(김유 소복이 그림)의 신작입니다. 대표 출판사(천개의바람)의 수매 신뢰도가 높습니다.
깊은 밤 필통 안에서 ,길상효 글 ;심보영 그림,비룡소,800번대,33.5,49.5,80.2,57.0,전국구 베스트셀러 작가(길상효 심보영 그림)의 신작입니다. 대표 출판사(비룡소)의 수매 신뢰도가 높습니다.
88번 버스의 기적 :프레야 샘슨 장편소설 ,지은이: 프레야 샘슨 ;옮긴이: 윤선미,모모,800번대,33.5,49.5,80.3,57.0,전국구 베스트셀러 작가(프레야 샘슨)의 신작입니다. 출판 이력이 있는 출판사(모모)입니다.
왜 나는 너를 사랑하는가,알랭 드 보통 [지음];정영목 옮김,청미래,800번대,33.5,49.5,80.3,57.0,대출 실적이 있는 저자(알랭 드 보통 [지음])입니다. 출판 이력이 있는 출판사(청미래)입니다.
너무 시끄러운 고독 :보후밀 흐라발 장편소설 ,지은이: 보후밀 흐라발 ;옮긴이: 이창실,문학동네,800번대,33.5,49.5,80.3,57.0,전국구 베스트셀러 작가(보후밀 흐라발)의 신작입니다. 대표 출판사(문학동네)의 수매 신뢰도가 높습니다.
열다섯에 곰이라니 :추정경 장편소설 ,지은이: 추정경,다산북스,800번대,33.5,49.5,80.3,57.0,전국구 베스트셀러 작가(추정경)의 신작입니다. 대표 출판사(다산북스)의 수매 신뢰도가 높습니다.
기분이 태도가 되지 않게 :기분 따라 행동하다 손해 보는 당신을 위한 심리 수업 ,레몬심리 지음 ;박영란 옮김,웅진씽크빅,100번대,62.5,32.6,71.2,57.0,전국구 베스트셀러 작가(레몬심리 지음)의 신작입니다. 출판 이력이 있는 출판사(웅진씽크빅)입니다.
직장 상사 악령 퇴치부 :이사구 연작소설집 ,지은이: 이사구,황금가지,800번대,33.5,49.5,80.3,57.0,전국구 베스트셀러 작가(이사구)의 신작입니다. 출판 이력이 있는 출판사(황금가지)입니다.
내가 원하는 것을 나도 모를 때 :잃어버린 나를 찾는 인생의 문장들 ,전승환 지음,다산북스,800번대,33.5,49.5,80.0,56.9,전국구 베스트셀러 작가(전승환 지음)의 신작입니다. 대표 출판사(다산북스)의 수매 신뢰도가 높습니다.
리틀 라이프 :한야 야나기하라 장편소설,지은이: 한야 야나기하라 ;옮긴이: 권진아,시공사,800번대,33.5,49.5,80.0,56.9,전국구 베스트셀러 작가(한야 야나기하라)의 신작입니다. 대표 출판사(시공사)의 수매 신뢰도가 높습니다.
수상한 놀이공원 천옥원 :전천당 번외편 ,글: 히로시마 레이코 ;옮긴이: 김정화,길벗스쿨,800번대,33.5,49.5,79.9,56.9,전국구 베스트셀러 작가(히로시마 레이코)의 신작입니다. 대표 출판사(길벗스쿨)의 수매 신뢰도가 높습니다.
쌀알 돌알 :벼레 그림책 ,글·그림: 벼레,사계절(사계절출판사),800번대,33.5,49.5,79.9,56.9,전국구 베스트셀러 작가(글·벼레)의 신작입니다. 대표 출판사(사계절(사계절출판사))의 수매 신뢰도가 높습니다.
소년과 두더지와 여우와 말 ,찰리 맥커시 글·그림 ;이진경 옮김,상상의 힘,800번대,33.5,49.5,80.1,56.9,전국구 베스트셀러 작가(찰리 맥커시 글·이진경 옮김)의 신작입니다. 대표 출판사(상상의 힘)의 수매 신뢰도가 높습니다.
동물농장,조지 오웰 지음;도정일 옮김,민음사,800번대,33.5,49.5,80.1,56.9,전국구 베스트셀러 작가(조지 오웰 지음)의 신작입니다. 대표 출판사(민음사)의 수매 신뢰도가 높습니다.
아침 그리고 저녁 :욘 포세 장편소설 ,지은이: 욘 포세 ;옮긴이: 박경희,문학동네,800번대,33.5,49.5,80.1,56.9,전국구 베스트셀러 작가(욘 포세)의 신작입니다. 대표 출판사(문학동네)의 수매 신뢰도가 높습니다.
할매 =황석영 장편소설 /Grandma ,지은이: 황석영,창비,800번대,33.5,49.5,79.8,56.8,전국구 베스트셀러 작가(황석영)의 신작입니다. 대표 출판사(창비)의 수매 신뢰도가 높습니다.
나의 폴라 일지 :김금희 산문 ,지은이: 김금희,한겨레엔,800번대,33.5,49.5,79.8,56.8,전국구 베스트셀러 작가(김금희)의 신작입니다. 대표 출판사(한겨레엔)의 수매 신뢰도가 높습니다.
철도원 삼대 :황석영 장편소설 ,지은이: 황석영,창비,800번대,33.5,49.5,79.8,56.8,전국구 베스트셀러 작가(황석영)의 신작입니다. 대표 출판사(창비)의 수매 신뢰도가 높습니다.
알래스카 한의원 :이소영 장편소설 ,지은이: 이소영,사계절(사계절출판사),800번대,33.5,49.5,79.6,56.7,대출 실적이 있는 저자(이소영)입니다. 대표 출판사(사계절(사계절출판사))의 수매 신뢰도가 높습니다.
나의 작은 무법자 ,크리스 휘타커 지음 ;김해온 옮김,위즈덤하우스,800번대,33.5,49.5,79.6,56.7,대출 실적이 있는 저자(크리스 휘타커 지음)입니다. 대표 출판사(위즈덤하우스)의 수매 신뢰도가 높습니다.
슬픔의 틈새 :이금이 장편소설 ,지은이: 이금이,사계절(사계절출판사),800번대,33.5,49.5,79.4,56.7,전국구 베스트셀러 작가(이금이)의 신작입니다. 대표 출판사(사계절(사계절출판사))의 수매 신뢰도가 높습니다.
쥬디 할머니 :박완서 소설 ,지은이: 박완서,문학동네,800번대,33.5,49.5,79.6,56.7,전국구 베스트셀러 작가(박완서)의 신작입니다. 대표 출판사(문학동네)의 수매 신뢰도가 높습니다.
그녀를 지키다 :장바티스트 앙드레아 장편소설 ,지은이: 장바티스트 앙드레아 ;옮긴이: 정혜용,열린책들,800번대,33.5,49.5,79.3,56.6,대출 실적이 있는 저자(장바티스트 앙드레아)입니다. 출판 이력이 있는 출판사(열린책들)입니다.
(5천년 역사가 단숨에 이해되는) 최소한의 한국사 ,최태성 지음,프런트페이지,900번대,55.4,32.9,75.4,56.6,전국구 베스트셀러 작가(최태성 지음)의 신작입니다. 출판 이력이 있는 출판사(프런트페이지)입니다.
음악소설집 ,"지은이: 김애란,편혜영",Franz(프란츠),800번대,33.5,49.5,79.2,56.6,전국구 베스트셀러 작가(김애란)의 신작입니다. 출판 이력이 있는 출판사(Franz(프란츠))입니다.
"다시, 역사의 쓸모 :합리적이고 품위 있는 선택을 위한 20가지 지혜 ",최태성 지음,프런트페이지,900번대,55.4,32.9,75.4,56.6,전국구 베스트셀러 작가(최태성 지음)의 신작입니다. 출판 이력이 있는 출판사(프런트페이지)입니다.
최소한의 삼국지 :최태성의 삼국지 고전 특강 ,최태성 지음,프런트페이지,900번대,55.4,32.9,75.4,56.6,전국구 베스트셀러 작가(최태성 지음)의 신작입니다. 출판 이력이 있는 출판사(프런트페이지)입니다.
멍멍말 통역사 김야옹 ,글: 강효미 ;그림: 윤태규,아울북(북이십일 아울북),800번대,33.5,49.5,79.3,56.6,전국구 베스트셀러 작가(강효미)의 신작입니다. 대표 출판사(아울북(북이십일 아울북))의 수매 신뢰도가 높습니다.
"출동, 고양이 요원 캣스코",박주혜 글 ;홍그림 그림,김영사,800번대,33.5,49.5,79.3,56.6,전국구 베스트셀러 작가(박주혜 홍그림 그림)의 신작입니다. 대표 출판사(김영사)의 수매 신뢰도가 높습니다.
프로이트의 감정수업 :보이지 않는 무의식의 세계와 마주하기 ,강이안 지음,라이프해킹,100번대,62.5,32.6,70.0,56.5,대출 실적이 있는 저자(강이안 지음)입니다. 출판 이력이 있는 출판사(라이프해킹)입니다.
1Q84 :무라카미 하루키 장편소설,지은이: 무라카미 하루키 ;옮긴이: 양윤옥,문학동네,800번대,33.5,49.5,78.9,56.5,전국구 베스트셀러 작가(무라카미 하루키)의 신작입니다. 대표 출판사(문학동네)의 수매 신뢰도가 높습니다.
내 마음 ㅅㅅㅎ :김지영 그림책 ,글·그림: 김지영,사계절(사계절출판사),800번대,33.5,49.5,79.1,56.5,전국구 베스트셀러 작가(글·김지영)의 신작입니다. 대표 출판사(사계절(사계절출판사))의 수매 신뢰도가 높습니다.
엄마가 유령이 되었어! ,노부미 글·그림 ;이기웅 옮김,길벗어린이,800번대,33.5,49.5,78.9,56.5,대출 실적이 있는 저자(노부미 글·이기웅 옮김)입니다. 출판 이력이 있는 출판사(길벗어린이)입니다.
빛이 이끄는 곳으로 =백희성 장편소설 /La ou la lumiere me conduit ,지은이: 백희성,책읽어주는남자,800번대,33.5,49.5,78.9,56.5,대출 실적이 있는 저자(백희성)입니다. 출판 이력이 있는 출판사(책읽어주는남자)입니다.
반려 요괴,김영주 글 ;밤코 그림,위즈덤하우스,800번대,33.5,49.5,79.0,56.5,전국구 베스트셀러 작가(김영주 밤코 그림)의 신작입니다. 대표 출판사(위즈덤하우스)의 수매 신뢰도가 높습니다.
"(나이 들수록 지혜, 행복, 가족, 관계, 내면이 충만해지는) 마흔의 기술 ",이호선 지음,오아시스,100번대,62.5,32.6,69.8,56.5,대출 실적이 있는 저자(이호선 지음)입니다. 출판 이력이 있는 출판사(오아시스)입니다.
도시와 그 불확실한 벽 :무라카미 하루키 장편소설 ,지은이: 무라카미 하루키 ;옮긴이: 홍은주,문학동네,800번대,33.5,49.5,78.9,56.5,전국구 베스트셀러 작가(무라카미 하루키)의 신작입니다. 대표 출판사(문학동네)의 수매 신뢰도가 높습니다.
사고뭉치 소방관 오케이,강효미 글 ;김경희 그림,길벗스쿨,800번대,33.5,49.5,79.1,56.5,전국구 베스트셀러 작가(강효미 김경희 그림)의 신작입니다. 대표 출판사(길벗스쿨)의 수매 신뢰도가 높습니다.
수상한 이웃집 시노다,도미야스 요코 글 ;송지현 옮김,다산북스,800번대,33.5,49.5,78.7,56.4,전국구 베스트셀러 작가(도미야스 요코 송지현 옮김)의 신작입니다. 대표 출판사(다산북스)의 수매 신뢰도가 높습니다.
잘 벌고 잘 쓰고 잘 살고 싶어서 돈 공부를 시작했다 ,지은이: 래빗해빛 ;일러스트: 김라미,토네이도미디어그룹,300번대,70.4,38.5,59.2,56.4,대출 실적이 있는 저자(래빗해빛)입니다. 출판 이력이 있는 출판사(토네이도미디어그룹)입니다.
찾기 대장 김지우 ,장희정 글 ;김무연 그림,비룡소,800번대,33.5,49.5,78.7,56.4,전국구 베스트셀러 작가(장희정 김무연 그림)의 신작입니다. 대표 출판사(비룡소)의 수매 신뢰도가 높습니다.
수상한 이웃집 시노다,도미야스 요코 글 ;송지현 옮김,다산북스,800번대,33.5,49.5,78.7,56.4,전국구 베스트셀러 작가(도미야스 요코 송지현 옮김)의 신작입니다. 대표 출판사(다산북스)의 수매 신뢰도가 높습니다.
잘못된 장소 잘못된 시간 ,질리언 매캘리스터 지음 ;이경 옮김,시옷북스,800번대,33.5,49.5,78.7,56.4,대출 실적이 있는 저자(질리언 매캘리스터 지음)입니다. 출판 이력이 있는 출판사(시옷북스)입니다.
"기록이라는 세계 :필사부터 감정노트, 탐구일지까지 나라는 세계를 확장시키는 기록 습관 ",리니 지음,길벗,800번대,33.5,49.5,78.4,56.3,대출 실적이 있는 저자(리니 지음)입니다. 출판 이력이 있는 출판사(길벗)입니다.
나만 그런 게 아니었어 ,요시타케 신스케 지음 ;이소담 옮김,김영사,800번대,33.5,49.5,78.4,56.3,전국구 베스트셀러 작가(요시타케 신스케 지음)의 신작입니다. 대표 출판사(김영사)의 수매 신뢰도가 높습니다.
풍수전쟁 :김진명 장편소설 ,지은이: 김진명,이타(이타북스),800번대,33.5,49.5,78.4,56.3,대출 실적이 있는 저자(김진명)입니다. 대표 출판사(이타(이타북스))의 수매 신뢰도가 높습니다.
매스커레이드 게임 :히가시노 게이고 장편소설 ,지은이: 히가시노 게이고 ;옮긴이: 양윤옥,H(현대문학),800번대,33.5,49.5,78.6,56.3,전국구 베스트셀러 작가(히가시노 게이고)의 신작입니다. 출판 이력이 있는 출판사(H(현대문학))입니다.
호랭 할매 떡국 ,글·그림: 벼레,제제의숲,800번대,33.5,49.5,78.4,56.3,전국구 베스트셀러 작가(글·벼레)의 신작입니다. 출판 이력이 있는 출판사(제제의숲)입니다.
비눗방울 퐁 :이유리 소설집 ,지은이: 이유리,민음사,800번대,33.5,49.5,78.5,56.3,대출 실적이 있는 저자(이유리)입니다. 대표 출판사(민음사)의 수매 신뢰도가 높습니다.
스티커 =김선미 장편소설 /Sticker ,지은이: 김선미,다산북스,800번대,33.5,49.5,78.4,56.3,전국구 베스트셀러 작가(김선미)의 신작입니다. 대표 출판사(다산북스)의 수매 신뢰도가 높습니다.
백광 :렌조 미키히코 장편소설 ,지은이: 렌조 미키히코 ;옮긴이: 양윤옥,바이포엠 스튜디오,800번대,33.5,49.5,78.4,56.3,전국구 베스트셀러 작가(렌조 미키히코)의 신작입니다. 대표 출판사(바이포엠 스튜디오)의 수매 신뢰도가 높습니다.
지켜야 할 세계 :문경민 장편소설 ,지은이: 문경민,다산북스,800번대,33.5,49.5,78.5,56.3,전국구 베스트셀러 작가(문경민)의 신작입니다. 대표 출판사(다산북스)의 수매 신뢰도가 높습니다.
다정한 사람이 이긴다 ,이해인 지음,필름,800번대,33.5,49.5,78.6,56.3,대출 실적이 있는 저자(이해인 지음)입니다. 출판 이력이 있는 출판사(필름)입니다.
말뚝들 :김홍 장편소설 ,지은이: 김홍,한겨레엔,800번대,33.5,49.5,78.6,56.3,대출 실적이 있는 저자(김홍)입니다. 대표 출판사(한겨레엔)의 수매 신뢰도가 높습니다.
푸틴을 죽이는 완벽한 방법 :김진명 장편소설 ,지은이: 김진명,이타(이타북스),800번대,33.5,49.5,78.4,56.3,대출 실적이 있는 저자(김진명)입니다. 대표 출판사(이타(이타북스))의 수매 신뢰도가 높습니다.
호의에 대하여 :문형배 에세이 ,지은이: 문형배,김영사,800번대,33.5,49.5,78.5,56.3,대출 실적이 있는 저자(문형배)입니다. 대표 출판사(김영사)의 수매 신뢰도가 높습니다.
노 피플 존 :정이현 소설 ,지은이: 정이현,문학동네,800번대,33.5,49.5,78.4,56.3,대출 실적이 있는 저자(정이현)입니다. 대표 출판사(문학동네)의 수매 신뢰도가 높습니다.
미스터리 보건실 냥쌤,주미 글 ;김이주 그림,Dolphin Books(돌핀북),800번대,33.5,49.5,78.3,56.2,대출 실적이 있는 저자(주미 김이주 그림)입니다. 출판 이력이 있는 출판사(Dolphin Books(돌핀북))입니다.
수상한 중고상점 :미치오 슈스케 장편소설 ,지은이: 미치오 슈스케 ;옮긴이: 김은모,다산북스,800번대,33.5,49.5,78.2,56.2,전국구 베스트셀러 작가(미치오 슈스케)의 신작입니다. 대표 출판사(다산북스)의 수매 신뢰도가 높습니다.
좋은 사람 도감 ,"묘엔 스구루,이지수 옮김",서교책방,800번대,33.5,49.5,78.2,56.2,대출 실적이 있는 저자(묘엔 스구루)입니다. 출판 이력이 있는 출판사(서교책방)입니다.
블랙 쇼맨과 환상의 여자 ,지은이: 히가시노 게이고 ;옮긴이: 최고은,RHK(알에이치코리아),800번대,33.5,49.5,78.3,56.2,전국구 베스트셀러 작가(히가시노 게이고)의 신작입니다. 대표 출판사(RHK(알에이치코리아))의 수매 신뢰도가 높습니다.
블랙 쇼맨과 운명의 바퀴 ,지은이: 히가시노 게이고 ;옮긴이: 최고은,RHK(알에이치코리아),800번대,33.5,49.5,78.3,56.2,전국구 베스트셀러 작가(히가시노 게이고)의 신작입니다. 대표 출판사(RHK(알에이치코리아))의 수매 신뢰도가 높습니다.
미스터리 보건실 냥쌤,주미 글 ;김이주 그림,Dolphin Books(돌핀북),800번대,33.5,49.5,78.3,56.2,대출 실적이 있는 저자(주미 김이주 그림)입니다. 출판 이력이 있는 출판사(Dolphin Books(돌핀북))입니다.
오베라는 남자 :프레드릭 배크만 장편소설 ,지은이: 프레드릭 배크만 ;옮긴이: 최민우,다산북스,800번대,33.5,49.5,78.0,56.1,전국구 베스트셀러 작가(프레드릭 배크만)의 신작입니다. 대표 출판사(다산북스)의 수매 신뢰도가 높습니다.
나의 완벽한 장례식 :조현선 장편소설 ,지은이: 조현선,책읽어주는남자,800번대,33.5,49.5,78.0,56.1,대출 실적이 있는 저자(조현선)입니다. 출판 이력이 있는 출판사(책읽어주는남자)입니다.
다판다 편의점,강효미 글 ;밤코 그림,다산북스,800번대,33.5,49.5,77.9,56.1,전국구 베스트셀러 작가(강효미 밤코 그림)의 신작입니다. 대표 출판사(다산북스)의 수매 신뢰도가 높습니다.
사랑인 줄 알았는데 부정맥 ,"지은이: 전국유료실버타운협회,옮긴이: 이지수",콘텐츠그룹 포레스트,800번대,33.5,49.5,78.0,56.1,대출 실적이 있는 저자(전국유료실버타운협회)입니다. 출판 이력이 있는 출판사(콘텐츠그룹 포레스트)입니다.
다판다 편의점,강효미 글 ;밤코 그림,다산북스,800번대,33.5,49.5,77.9,56.1,전국구 베스트셀러 작가(강효미 밤코 그림)의 신작입니다. 대표 출판사(다산북스)의 수매 신뢰도가 높습니다.
"예술 도둑 :예술, 범죄, 사랑 그리고 욕망에 관한 위험하고 매혹적인 이야기 ",지은이: 마이클 핀클 ;옮긴이: 염지선,생각의힘,800번대,33.5,49.5,78.0,56.1,대출 실적이 있는 저자(마이클 핀클)입니다. 출판 이력이 있는 출판사(생각의힘)입니다.
우리가 반짝이는 계절 :장류진 에세이 ,지은이: 장류진,밀리의 서재,800번대,33.5,49.5,78.1,56.1,전국구 베스트셀러 작가(장류진)의 신작입니다. 출판 이력이 있는 출판사(밀리의 서재)입니다.
다판다 편의점,강효미 글 ;밤코 그림,다산북스,800번대,33.5,49.5,77.9,56.1,전국구 베스트셀러 작가(강효미 밤코 그림)의 신작입니다. 대표 출판사(다산북스)의 수매 신뢰도가 높습니다.
적산가옥의 유령 :조예은 소설 ,지은이: 조예은,H(현대문학),800번대,33.5,49.5,77.8,56.0,전국구 베스트셀러 작가(조예은)의 신작입니다. 출판 이력이 있는 출판사(H(현대문학))입니다.
광인 :이혁진 장편소설 ,지은이: 이혁진,민음사,800번대,33.5,49.5,77.7,56.0,대출 실적이 있는 저자(이혁진)입니다. 대표 출판사(민음사)의 수매 신뢰도가 높습니다.
너의 유토피아 :정보라 소설집 ,지은이: 정보라,인플루엔셜,800번대,33.5,49.5,77.8,56.0,대출 실적이 있는 저자(정보라)입니다. 대표 출판사(인플루엔셜)의 수매 신뢰도가 높습니다.
끝말잇기 ,김영진 글·그림,길벗어린이,800번대,33.5,49.5,77.5,55.9,대출 실적이 있는 저자(김영진 글·그림)입니다. 출판 이력이 있는 출판사(길벗어린이)입니다.
어른의 품위 =진짜 어른이 되기 위해 지켜야 할 삶의 태도 /Dignity of adults ,최서영 지음,책읽어주는남자,800번대,33.5,49.5,77.2,55.8,대출 실적이 있는 저자(최서영 지음)입니다. 출판 이력이 있는 출판사(책읽어주는남자)입니다.
안젤리크 :기욤 뮈소 장편소설 ,글: 기욤 뮈소 ;옮긴이: 양영란,밝은세상,800번대,33.5,49.5,77.2,55.8,대출 실적이 있는 저자(기욤 뮈소)입니다. 출판 이력이 있는 출판사(밝은세상)입니다.
드래곤 마스터,글: 트레이시 웨스트 ;옮김: 윤영,다산북스,800번대,33.5,49.5,77.2,55.8,전국구 베스트셀러 작가(트레이시 웨스트)의 신작입니다. 대표 출판사(다산북스)의 수매 신뢰도가 높습니다.
미로 속 아이 :기욤 뮈소 장편소설 ,지은이: 기욤 뮈소 ;옮긴이: 양영란,밝은세상,800번대,33.5,49.5,77.2,55.8,대출 실적이 있는 저자(기욤 뮈소)입니다. 출판 이력이 있는 출판사(밝은세상)입니다.
클라라와 태양 :가즈오 이시구로 장편소설 ,지은이: 가즈오 이시구로 ;옮긴이: 홍한별,민음사,800번대,33.5,49.5,77.2,55.8,대출 실적이 있는 저자(가즈오 이시구로)입니다. 대표 출판사(민음사)의 수매 신뢰도가 높습니다.
치유를 파는 찻집 ,모리사와 아키오 지음 ;권하영 옮김,Book Plaza(북플라자),800번대,33.5,49.5,77.0,55.7,대출 실적이 있는 저자(모리사와 아키오 지음)입니다. 출판 이력이 있는 출판사(Book Plaza(북플라자))입니다.
소금 아이 :이희영 장편소설 ,이희영,돌베개,800번대,33.5,49.5,76.9,55.7,전국구 베스트셀러 작가(이희영)의 신작입니다. 출판 이력이 있는 출판사(돌베개)입니다.
새들이 남쪽으로 가는 날 :리사 리드센 소설 ,지은이: 리사 리드센 ;옮긴이: 손화수,책읽어주는남자,800번대,33.5,49.5,77.1,55.7,대출 실적이 있는 저자(리사 리드센)입니다. 출판 이력이 있는 출판사(책읽어주는남자)입니다.
도파민 가족 :각자의 알고리즘에 갇힌 가족을 다시 연결하는 법 ,이은경 지음,흐름출판,100번대,62.5,32.6,67.8,55.6,대출 실적이 있는 저자(이은경 지음)입니다. 출판 이력이 있는 출판사(흐름출판)입니다.
생각 중독 :불안과 후회를 끊어내고 오늘을 사는 법 ,닉 트렌턴 지음 ;박지선 옮김,웅진씽크빅,100번대,62.5,32.6,67.8,55.6,대출 실적이 있는 저자(닉 트렌턴 지음)입니다. 출판 이력이 있는 출판사(웅진씽크빅)입니다.
나의 인생만사 답사기 :유홍준 잡문집 ,지은이: 유홍준,창비,800번대,33.5,49.5,76.8,55.6,대출 실적이 있는 저자(유홍준)입니다. 대표 출판사(창비)의 수매 신뢰도가 높습니다.
랑과 나의 사막 :천선란 소설 ,지은이: 천선란,H(현대문학),800번대,33.5,49.5,76.6,55.5,전국구 베스트셀러 작가(천선란)의 신작입니다. 출판 이력이 있는 출판사(H(현대문학))입니다.
빛과 멜로디 :조해진 장편소설 ,지은이: 조해진,문학동네,800번대,33.5,49.5,76.5,55.5,대출 실적이 있는 저자(조해진)입니다. 대표 출판사(문학동네)의 수매 신뢰도가 높습니다.
죽은 남편이 돌아왔다 :제인도 장편소설 ,지은이: 제인도,팩토리나인,800번대,33.5,49.5,76.5,55.5,대출 실적이 있는 저자(제인도)입니다. 대표 출판사(팩토리나인)의 수매 신뢰도가 높습니다.
백설공주에게 죽음을 ,넬레 노이하우스 지음 ;김진아 옮김,북로드,800번대,33.5,49.5,76.5,55.5,대출 실적이 있는 저자(넬레 노이하우스 지음)입니다. 출판 이력이 있는 출판사(북로드)입니다.
포스 윙 ,레베카 야로스 지음 ;이수현 옮김,미래엔,800번대,33.5,49.5,76.3,55.4,대출 실적이 있는 저자(레베카 야로스 지음)입니다. 대표 출판사(미래엔)의 수매 신뢰도가 높습니다.
자기 앞의 生 :에밀 아자르 장편소설 ,지은이: 에밀 아자르 ;옮긴이: 용경식,문학동네,800번대,33.5,49.5,76.3,55.4,대출 실적이 있는 저자(에밀 아자르)입니다. 대표 출판사(문학동네)의 수매 신뢰도가 높습니다.
눈물상자 ,한강 글 ;봄로야 그림,문학동네,800번대,33.5,49.5,76.2,55.4,대출 실적이 있는 저자(한강 봄로야 그림)입니다. 대표 출판사(문학동네)의 수매 신뢰도가 높습니다.
연매장 :팡팡 장편소설 ,지은이: 팡팡 ;옮긴이: 문현선,문학동네,800번대,33.5,49.5,76.3,55.4,대출 실적이 있는 저자(팡팡)입니다. 대표 출판사(문학동네)의 수매 신뢰도가 높습니다.
천재 의사 시건방 :슈퍼 초능력 판타지,글: 강효미 ;그림: 유영근,머스트비,800번대,33.5,49.5,76.0,55.3,전국구 베스트셀러 작가(강효미)의 신작입니다. 출판 이력이 있는 출판사(머스트비)입니다.
우연은 비켜 가지 않는다 :줄리언 반스 장편소설 ,지은이: 줄리언 반스 ;옮긴이: 정영목,다산북스,800번대,33.5,49.5,76.1,55.3,대출 실적이 있는 저자(줄리언 반스)입니다. 대표 출판사(다산북스)의 수매 신뢰도가 높습니다.
천년의 질문 :조정래 장편소설 ,저자: 조정래,해냄,800번대,33.5,49.5,75.9,55.3,전국구 베스트셀러 작가(조정래)의 신작입니다. 출판 이력이 있는 출판사(해냄)입니다.
떠난 것은 돌아오지 않는다 :줄리언 반스 장편소설 ,지은이: 줄리언 반스 ;옮긴이: 정영목,다산북스,800번대,33.5,49.5,76.1,55.3,대출 실적이 있는 저자(줄리언 반스)입니다. 대표 출판사(다산북스)의 수매 신뢰도가 높습니다.
조금 망한 사랑 :김지연 소설 ,지은이: 김지연,문학동네,800번대,33.5,49.5,75.9,55.3,대출 실적이 있는 저자(김지연)입니다. 대표 출판사(문학동네)의 수매 신뢰도가 높습니다.
고백 :미나토 가나에 장편소설 ,지은이: 미나토 가나에 ;옮긴이: 김선영,비채,800번대,33.5,49.5,76.0,55.3,대출 실적이 있는 저자(미나토 가나에)입니다. 출판 이력이 있는 출판사(비채)입니다.
고통에 관하여 =정보라 장편소설 /On suffering ,지은이: 정보라,다산책방,800번대,33.5,49.5,75.8,55.2,대출 실적이 있는 저자(정보라)입니다. 출판 이력이 있는 출판사(다산책방)입니다.
한번 시작하면 잠들 수 없는 세계사 :문명의 탄생부터 국제 정세까지 거침없이 내달린다 ,김도형 지음,빅피시,900번대,55.4,32.9,71.9,55.2,대출 실적이 있는 저자(김도형 지음)입니다. 출판 이력이 있는 출판사(빅피시)입니다.
미세 좌절의 시대 :장강명 산문 ,지은이: 장강명,문학동네,800번대,33.5,49.5,75.8,55.2,대출 실적이 있는 저자(장강명)입니다. 대표 출판사(문학동네)의 수매 신뢰도가 높습니다.
붉은 궁 ,지은이: 허주은 ;옮긴이: 유혜인,시공사,800번대,33.5,49.5,75.8,55.2,대출 실적이 있는 저자(허주은)입니다. 대표 출판사(시공사)의 수매 신뢰도가 높습니다.
비 그친 오후의 헌책방 :야기사와 사토시 소설 ,지은이: 야기사와 사토시 ;옮긴이: 서혜영,다산북스,800번대,33.5,49.5,75.8,55.2,대출 실적이 있는 저자(야기사와 사토시)입니다. 대표 출판사(다산북스)의 수매 신뢰도가 높습니다.
너는 다시 외로워질 것이다 :공지영 산문 ,지은이: 공지영,해냄(해냄출판사),800번대,33.5,49.5,75.4,55.1,대출 실적이 있는 저자(공지영)입니다. 대표 출판사(해냄(해냄출판사))의 수매 신뢰도가 높습니다.
더 코워커 :프리다 맥파든 장편소설 ,지은이: 프리다 맥파든 ;옮긴이: 최주원,해피북스투유,800번대,33.5,49.5,75.5,55.1,대출 실적이 있는 저자(프리다 맥파든)입니다. 대표 출판사(해피북스투유)의 수매 신뢰도가 높습니다.
꽤 낙천적인 아이 :원소윤 장편소설 ,지은이: 원소윤,민음사,800번대,33.5,49.5,75.4,55.1,대출 실적이 있는 저자(원소윤)입니다. 대표 출판사(민음사)의 수매 신뢰도가 높습니다.
콘클라베 :신의 선택을 받은자 로버트 해리스 장편소설 ,지은이: 로버트 해리스 ;옮긴이: 조영학,RHK(알에이치코리아),800번대,33.5,49.5,75.5,55.1,대출 실적이 있는 저자(로버트 해리스)입니다. 대표 출판사(RHK(알에이치코리아))의 수매 신뢰도가 높습니다.
레이크사이드 :히가시노 게이고 장편소설 ,지은이: 히가시노 게이고 ;옮긴이: 민경욱,대원씨아이,800번대,33.5,49.5,75.4,55.1,전국구 베스트셀러 작가(히가시노 게이고)의 신작입니다. 출판 이력이 있는 출판사(대원씨아이)입니다.
그녀는 다 계획이 있다 :히가시노 게이고 장편소설 ,지은이: 히가시노 게이고 ;옮긴이: 양윤옥,대원씨아이,800번대,33.5,49.5,75.4,55.1,전국구 베스트셀러 작가(히가시노 게이고)의 신작입니다. 출판 이력이 있는 출판사(대원씨아이)입니다.
사라진 서점 :이비 우즈 장편소설 ,지은이: 이비 우즈 ;옮긴이: 이영아,Influential(인플루엔셜),800번대,33.5,49.5,75.2,55.0,대출 실적이 있는 저자(이비 우즈)입니다. 출판 이력이 있는 출판사(Influential(인플루엔셜))입니다.
네버 라이 :프리다 맥파든 장편소설 ,지은이: 프리다 맥파든 ;옮긴이: 이민희,밝은세상,800번대,33.5,49.5,75.2,55.0,대출 실적이 있는 저자(프리다 맥파든)입니다. 출판 이력이 있는 출판사(밝은세상)입니다.
차일드 호더 =프리다 맥파든 장편소설 /Child hoarder ,지은이: 프리다 맥파든 ;옮긴이: 이민희,밝은세상,800번대,33.5,49.5,75.2,55.0,대출 실적이 있는 저자(프리다 맥파든)입니다. 출판 이력이 있는 출판사(밝은세상)입니다.
리버 :오쿠다 히데오 장편소설 ,지은이: 오쿠다 히데오 ;옮긴이: 송태욱,은행나무,800번대,33.5,49.5,75.0,54.9,대출 실적이 있는 저자(오쿠다 히데오)입니다. 대표 출판사(은행나무)의 수매 신뢰도가 높습니다.
라디오 체조 :오쿠다 히데오 장편소설 ,지은이: 오쿠다 히데오 ;옮긴이: 이영미,은행나무,800번대,33.5,49.5,75.0,54.9,대출 실적이 있는 저자(오쿠다 히데오)입니다. 대표 출판사(은행나무)의 수매 신뢰도가 높습니다.
수상한 한의원 :배명은 장편소설 ,지은이: 배명은,투유드림,800번대,33.5,49.5,75.1,54.9,대출 실적이 있는 저자(배명은)입니다. 출판 이력이 있는 출판사(투유드림)입니다.
스타벅스 일기 :권남희 산문 ,지은이: 권남희,한겨레엔 ,800번대,33.5,49.5,75.1,54.9,대출 실적이 있는 저자(권남희)입니다. 대표 출판사(한겨레엔)의 수매 신뢰도가 높습니다.
리버 :오쿠다 히데오 장편소설 ,지은이: 오쿠다 히데오 ;옮긴이: 송태욱,은행나무,800번대,33.5,49.5,75.0,54.9,대출 실적이 있는 저자(오쿠다 히데오)입니다. 대표 출판사(은행나무)의 수매 신뢰도가 높습니다.
공감에 관하여 :이금희 소통 에세이 ,지은이: 이금희,다산북스,800번대,33.5,49.5,75.0,54.9,대출 실적이 있는 저자(이금희)입니다. 대표 출판사(다산북스)의 수매 신뢰도가 높습니다.
죽여 마땅한 사람들 ,피터 스완슨 지음 ;노진선 옮김,푸른숲,800번대,33.5,49.5,74.8,54.8,대출 실적이 있는 저자(피터 스완슨 지음)입니다. 출판 이력이 있는 출판사(푸른숲)입니다.
너를 아끼며 살아라 :나태주 시인이 들려주는 가장 소중한 말 ,나태주 지음,더블북,800번대,33.5,49.5,74.7,54.8,대출 실적이 있는 저자(나태주 지음)입니다. 출판 이력이 있는 출판사(더블북)입니다.
살려 마땅한 사람들 ,피터 스완슨 지음 ;이동윤 옮김,푸른숲,800번대,33.5,49.5,74.8,54.8,대출 실적이 있는 저자(피터 스완슨 지음)입니다. 출판 이력이 있는 출판사(푸른숲)입니다.
인간 표본 ,지은이: 미나토 가나에 ;옮긴이: 김선영,교보문고,800번대,33.5,49.5,74.6,54.7,대출 실적이 있는 저자(미나토 가나에)입니다. 대표 출판사(교보문고)의 수매 신뢰도가 높습니다.
인생을 위한 최소한의 생각 ,"신영준,고영성 지음",상상스퀘어,100번대,62.5,32.6,65.5,54.7,대출 실적이 있는 저자(신영준)입니다. 출판 이력이 있는 출판사(상상스퀘어)입니다.
컵라면은 절대로 불어선 안 돼 ,김지완 글 ;김지형 그림,문학동네,800번대,33.5,49.5,74.4,54.7,대출 실적이 있는 저자(김지완 김지형 그림)입니다. 대표 출판사(문학동네)의 수매 신뢰도가 높습니다.
삶이라는 완벽한 농담 :이경규 에세이 ,지은이: 이경규,쌤앤파커스,800번대,33.5,49.5,74.3,54.6,대출 실적이 있는 저자(이경규)입니다. 출판 이력이 있는 출판사(쌤앤파커스)입니다.
더위 타는 감자 할멈 ,홍주연 글·그림,비룡소,800번대,33.5,49.5,74.2,54.6,대출 실적이 있는 저자(홍주연 글·그림)입니다. 대표 출판사(비룡소)의 수매 신뢰도가 높습니다.
숲의 신 :리즈 무어 장편소설 ,지은이: 리즈 무어 ;옮긴이: 소슬기,은행나무,800번대,33.5,49.5,74.3,54.6,대출 실적이 있는 저자(리즈 무어)입니다. 대표 출판사(은행나무)의 수매 신뢰도가 높습니다.
내 인생 최악의 일주일 ,"지은이: 이바 아모리스,옮긴이: 김영진",비룡소,800번대,33.5,49.5,74.0,54.5,대출 실적이 있는 저자(이바 아모리스)입니다. 대표 출판사(비룡소)의 수매 신뢰도가 높습니다.
스파클 :최현진 장편소설 ,지은이: 최현진,창비,800번대,33.5,49.5,73.9,54.5,대출 실적이 있는 저자(최현진)입니다. 대표 출판사(창비)의 수매 신뢰도가 높습니다.
한석준의 말하기 수업 :말하기에 자신이 생기면 인생이 바뀝니다! ,한석준 지음,인플루엔셜,800번대,33.5,49.5,74.1,54.5,대출 실적이 있는 저자(한석준 지음)입니다. 대표 출판사(인플루엔셜)의 수매 신뢰도가 높습니다.
하우스 메이드,프리다 맥파든 지음 ;정미정 옮김,Book Plaza(북플라자),800번대,33.5,49.5,74.1,54.5,전국구 베스트셀러 작가(프리다 맥파든 지음)의 신작입니다. 출판 이력이 있는 출판사(Book Plaza(북플라자))입니다.
하우스 메이드 ,프리다 맥파든 지음 ;김은영 옮김,Book Plaza(북플라자),800번대,33.5,49.5,74.1,54.5,전국구 베스트셀러 작가(프리다 맥파든 지음)의 신작입니다. 출판 이력이 있는 출판사(Book Plaza(북플라자))입니다.
하우스 메이드,프리다 맥파든 지음 ;정미정 옮김,Book Plaza(북플라자),800번대,33.5,49.5,74.1,54.5,전국구 베스트셀러 작가(프리다 맥파든 지음)의 신작입니다. 출판 이력이 있는 출판사(Book Plaza(북플라자))입니다.
젊음의 나라 :손원평 장편소설 ,지은이: 손원평,다즐링,800번대,33.5,49.5,74.1,54.5,전국구 베스트셀러 작가(손원평)의 신작입니다. 출판 이력이 있는 출판사(다즐링)입니다.
내 인생 최악의 일주일 ,"지은이: 이바 아모리스,옮긴이: 김영진",비룡소,800번대,33.5,49.5,74.0,54.5,대출 실적이 있는 저자(이바 아모리스)입니다. 대표 출판사(비룡소)의 수매 신뢰도가 높습니다.
사탄탱고 ,지은이: 크러스너호르커이 라슬로 ;옮긴이: 조원규,Alma(알마 출판사),800번대,33.5,49.5,73.7,54.4,대출 실적이 있는 저자(크러스너호르커이 라슬로)입니다. 출판 이력이 있는 출판사(Alma(알마 출판사))입니다.
꿀벌의 예언 :베르나르 베르베르 장편소설 ,지은이: 베르나르 베르베르 ;옮긴이: 전미연,열린책들,800번대,33.5,49.5,73.8,54.4,대출 실적이 있는 저자(베르나르 베르베르)입니다. 출판 이력이 있는 출판사(열린책들)입니다.
조물조물 우동냥 :반죽에서 나왔다냥! ,스케랏코 동화 ;채다인 옮김,책읽는곰,800번대,33.5,49.5,73.8,54.4,대출 실적이 있는 저자(스케랏코 동화)입니다. 대표 출판사(책읽는곰)의 수매 신뢰도가 높습니다.
꿀벌의 예언 :베르나르 베르베르 장편소설 ,지은이: 베르나르 베르베르 ;옮긴이: 전미연,열린책들,800번대,33.5,49.5,73.8,54.4,대출 실적이 있는 저자(베르나르 베르베르)입니다. 출판 이력이 있는 출판사(열린책들)입니다.
키메라의 땅 :베르나르 베르베르 장편소설 ,지은이: 베르나르 베르베르 ;옮긴이: 김희진,열린책들,800번대,33.5,49.5,73.8,54.4,대출 실적이 있는 저자(베르나르 베르베르)입니다. 출판 이력이 있는 출판사(열린책들)입니다.
따끈따끈 붕어빵 대결 :김원훈 그림책 ,지은이: 김원훈,창비,800번대,33.5,49.5,73.8,54.4,대출 실적이 있는 저자(김원훈)입니다. 대표 출판사(창비)의 수매 신뢰도가 높습니다.
명랑한 이시봉의 짧고 투쟁 없는 삶 :이기호 장편소설 ,지은이: 이기호,문학동네,800번대,33.5,49.5,73.5,54.3,대출 실적이 있는 저자(이기호)입니다. 대표 출판사(문학동네)의 수매 신뢰도가 높습니다.
토끼전 대 호랑전 :정현진 그림책 ,글·그림: 정현진,창비,800번대,33.5,49.5,73.4,54.3,대출 실적이 있는 저자(글·정현진)입니다. 대표 출판사(창비)의 수매 신뢰도가 높습니다.
나로 살 결심 :개인주의자 문유석의 두번째 선택 ,지은이: 문유석,문학동네,800번대,33.5,49.5,73.5,54.3,대출 실적이 있는 저자(문유석)입니다. 대표 출판사(문학동네)의 수매 신뢰도가 높습니다.
가여운 것들 ,지은이: 앨러스데어 그레이 ;옮긴이: 이운경,황금가지,800번대,33.5,49.5,73.6,54.3,대출 실적이 있는 저자(앨러스데어 그레이)입니다. 출판 이력이 있는 출판사(황금가지)입니다.
"대화의 정석 =일, 관계, 인생을 뒤바꾸는 대화의 기술 /The essence of communication ",정흥수 지음,Fika(피카),800번대,33.5,49.5,73.6,54.3,대출 실적이 있는 저자(정흥수 지음)입니다. 출판 이력이 있는 출판사(Fika(피카))입니다.
(냠냠 쩝쩝) 악어 급식 ,글: 주봄 ;그림: 김정진,지학사,800번대,33.5,49.5,73.5,54.3,대출 실적이 있는 저자(주봄)입니다. 대표 출판사(지학사)의 수매 신뢰도가 높습니다.
잊기 좋은 이름 :김애란 산문 ,지은이: 김애란,열림원,800번대,33.5,49.5,73.3,54.2,전국구 베스트셀러 작가(김애란)의 신작입니다. 출판 이력이 있는 출판사(열림원)입니다.
4×4의 세계 :조우리 장편동화 ,지은이: 조우리 ;그린이: 노인경,창비,800번대,33.5,49.5,73.3,54.2,대출 실적이 있는 저자(조우리)입니다. 대표 출판사(창비)의 수매 신뢰도가 높습니다.
변비 탐정 실룩,글쓴이: 이나영 ;그린이: 박소연,인플루엔셜,800번대,33.5,49.5,72.9,54.1,대출 실적이 있는 저자(글쓴이: 이나영)입니다. 대표 출판사(인플루엔셜)의 수매 신뢰도가 높습니다.
비밀 속의 비밀 ,지은이: 댄 브라운 ;옮긴이: 공보경,문학수첩,800번대,33.5,49.5,72.8,54.0,대출 실적이 있는 저자(댄 브라운)입니다. 대표 출판사(문학수첩)의 수매 신뢰도가 높습니다.
비밀 속의 비밀 ,지은이: 댄 브라운 ;옮긴이: 공보경,문학수첩,800번대,33.5,49.5,72.8,54.0,대출 실적이 있는 저자(댄 브라운)입니다. 대표 출판사(문학수첩)의 수매 신뢰도가 높습니다.
야광 코딱지,글: 도대체 ;그림: 심보영,위즈덤하우스,800번대,33.5,49.5,72.4,53.9,대출 실적이 있는 저자(도대체)입니다. 대표 출판사(위즈덤하우스)의 수매 신뢰도가 높습니다.
"나태주의 풀꽃 인생수업 :시가 인생이고, 인생은 한 편의 시다 ",나태주 지음,대원씨아이,800번대,33.5,49.5,72.6,53.9,대출 실적이 있는 저자(나태주 지음)입니다. 출판 이력이 있는 출판사(대원씨아이)입니다.
죽은 왕녀를 위한 파반느 =박민규 장편소설 /Pavane pour une infante défunte ,지은이: 박민규,위즈덤하우스,800번대,33.5,49.5,72.3,53.8,대출 실적이 있는 저자(박민규)입니다. 대표 출판사(위즈덤하우스)의 수매 신뢰도가 높습니다.
오직 그녀의 것 :김혜진 장편소설 ,지은이: 김혜진,문학동네,800번대,33.5,49.5,72.2,53.8,대출 실적이 있는 저자(김혜진)입니다. 대표 출판사(문학동네)의 수매 신뢰도가 높습니다.
죽은 왕녀를 위한 파반느 =박민규 장편소설 /Pavane pour une infante défunte ,지은이: 박민규,위즈덤하우스,800번대,33.5,49.5,72.3,53.8,대출 실적이 있는 저자(박민규)입니다. 대표 출판사(위즈덤하우스)의 수매 신뢰도가 높습니다.
일곱 번째는 내가 아니다 :폴 클리브 장편소설 ,지은이: 폴 클리브 ;옮긴이: 백지선,서삼독,800번대,33.5,49.5,70.8,53.2,대출 실적이 있는 저자(폴 클리브)입니다. 출판 이력이 있는 출판사(서삼독)입니다.
강하고 아름다운 할머니가 되고 싶어 :김슬기 장편소설 ,지은이: 김슬기 ;일러스트: 유니키스트,클레이하우스,800번대,33.5,49.5,70.5,53.1,대출 실적이 있는 저자(김슬기)입니다. 대표 출판사(클레이하우스)의 수매 신뢰도가 높습니다.
외계인 자서전 :마리-헐린 버티노 장편소설 ,지은이: 마리-헐린 버티노 ;옮긴이: 김지원,은행나무,800번대,33.5,49.5,70.5,53.1,대출 실적이 있는 저자(마리-헐린 버티노)입니다. 대표 출판사(은행나무)의 수매 신뢰도가 높습니다.
어른의 미래 :편혜영 짧은소설 ,지은이: 편혜영,문학동네,800번대,33.5,49.5,70.4,53.1,대출 실적이 있는 저자(편혜영)입니다. 대표 출판사(문학동네)의 수매 신뢰도가 높습니다.
J가 죽었대 :리안 장 장편소설 ,지은이: 리안 장 ;옮긴이: 김영옥,KT 밀리의 서재,800번대,33.5,49.5,70.4,53.1,대출 실적이 있는 저자(리안 장)입니다. 출판 이력이 있는 출판사(KT 밀리의 서재)입니다.
월요일 수요일 토요일 :페트라 펠리니 소설 ,지은이: 페트라 펠리니 ;옮긴이: 전은경,책읽어주는남자,800번대,33.5,49.5,70.2,53.0,대출 실적이 있는 저자(페트라 펠리니)입니다. 출판 이력이 있는 출판사(책읽어주는남자)입니다.
마션 :어느 괴짜 과학자의 화성판 어드벤처 생존기 ,지은이: 앤디 위어 ;옮긴이: 박아람,RHK(알에이치코리아),800번대,33.5,49.5,70.1,52.9,대출 실적이 있는 저자(앤디 위어)입니다. 대표 출판사(RHK(알에이치코리아))의 수매 신뢰도가 높습니다.
첫번째 거짓말이 중요하다 :애슐리 엘스턴 장편소설 ,지은이: 애슐리 엘스턴 ;옮긴이: 엄일녀,문학동네,800번대,33.5,49.5,69.9,52.9,대출 실적이 있는 저자(애슐리 엘스턴)입니다. 대표 출판사(문학동네)의 수매 신뢰도가 높습니다.
눈물을 마시는 새,이영도 지음,황금가지,800번대,33.5,49.5,69.6,52.7,대출 실적이 있는 저자(이영도 지음)입니다. 출판 이력이 있는 출판사(황금가지)입니다.
갈등하는 눈동자 :이슬아 에세이 ,지은이: 이슬아 ;사진: 이훤,먼곳(먼곳프레스),800번대,33.5,49.5,69.3,52.6,전국구 베스트셀러 작가(이슬아)의 신작입니다. 출판 이력이 있는 출판사(먼곳(먼곳프레스))입니다.
타키포오 얼렁뚱땅 상식스쿨,원작: 캐릭온TV ;그림: 조수현,대원씨아이,300번대,70.4,38.5,47.6,51.7,기록에 없는 신진/미상 저자(캐릭온TV)입니다. 출판 이력이 있는 출판사(대원씨아이)입니다.
타키포오 얼렁뚱땅 상식스쿨,원작: 캐릭온TV ;그림: 조수현,대원씨아이,300번대,70.4,38.5,47.6,51.7,기록에 없는 신진/미상 저자(캐릭온TV)입니다. 출판 이력이 있는 출판사(대원씨아이)입니다.
타키포오 얼렁뚱땅 상식스쿨,원작: 캐릭온TV ;그림: 조수현,대원씨아이,300번대,70.4,38.5,47.6,51.7,기록에 없는 신진/미상 저자(캐릭온TV)입니다. 출판 이력이 있는 출판사(대원씨아이)입니다.
타키포오 얼렁뚱땅 상식스쿨,원작: 캐릭온TV ;그림: 조수현,대원씨아이,300번대,70.4,38.5,47.6,51.7,기록에 없는 신진/미상 저자(캐릭온TV)입니다. 출판 이력이 있는 출판사(대원씨아이)입니다.
타키포오 얼렁뚱땅 상식스쿨,원작: 캐릭온TV ;그림: 조수현,대원씨아이,300번대,70.4,38.5,47.6,51.7,기록에 없는 신진/미상 저자(캐릭온TV)입니다. 출판 이력이 있는 출판사(대원씨아이)입니다.
타키포오 얼렁뚱땅 상식스쿨,원작: 캐릭온TV ;그림: 조수현,대원씨아이,300번대,70.4,38.5,47.6,51.7,기록에 없는 신진/미상 저자(캐릭온TV)입니다. 출판 이력이 있는 출판사(대원씨아이)입니다.
빨간내복야코 어린이 상식 :이거 모르면 지구인 아님,원작: 빨간내복야코 ;그림: 도니패밀리,아울북,300번대,70.4,38.5,46.7,51.4,기록에 없는 신진/미상 저자(빨간내복야코)입니다. 출판 이력이 있는 출판사(아울북)입니다.
빨간내복야코 어린이 상식 :이거 모르면 지구인 아님,원작: 빨간내복야코 ;그림: 도니패밀리,아울북,300번대,70.4,38.5,46.7,51.4,기록에 없는 신진/미상 저자(빨간내복야코)입니다. 출판 이력이 있는 출판사(아울북)입니다.
빨간내복야코 어린이 상식 :이거 모르면 지구인 아님,원작: 빨간내복야코 ;그림: 도니패밀리,아울북,300번대,70.4,38.5,46.7,51.4,기록에 없는 신진/미상 저자(빨간내복야코)입니다. 출판 이력이 있는 출판사(아울북)입니다.
슈뻘맨의 슈퍼 상식 월드컵,원작: 슈뻘맨 ;그림: 이혜림,김영사,300번대,70.4,38.5,46.1,51.1,기록에 없는 신진/미상 저자(슈뻘맨)입니다. 출판 이력이 있는 출판사(김영사)입니다.
슈뻘맨의 슈퍼 상식 월드컵,원작: 슈뻘맨 ;그림: 이혜림,김영사,300번대,70.4,38.5,46.1,51.1,기록에 없는 신진/미상 저자(슈뻘맨)입니다. 출판 이력이 있는 출판사(김영사)입니다.
나는 어떻게 삶의 해답을 찾는가 :고명환의 독서 내공 ,지은이: 고명환,라곰,200번대,75.0,27.8,44.4,48.6,기록에 없는 신진/미상 저자(고명환)입니다.
청춘의 독서 :세상을 바꾼 위험하고 위대한 생각들 ,지은이: 유시민,웅진씽크빅,200번대,75.0,27.8,44.5,48.6,기록에 없는 신진/미상 저자(유시민)입니다. 출판 이력이 있는 출판사(웅진씽크빅)입니다.
설민석의 한국사 대모험 18 - 후삼국 편 : 온달의 기묘한 시간 여행,"설민석, 스토리박스 (지은이), 정현희 (그림), 강석화 (감수)",아이휴먼,800번대,33.5,49.5,58.2,48.2,전국구 베스트셀러 작가(설민석)의 신작입니다.
공부머리 독서법 :실현 가능하고 지속 가능한 독서교육의 모든 것 ,최승필 지음,책구루,200번대,75.0,27.8,43.5,48.2,기록에 없는 신진/미상 저자(최승필 지음)입니다.
채사장의 지대넓얕 :지적 대화를 위한 넓고 얕은 지식,"글: 채사장,그림: 정용환",Dolphin Books(돌핀북),100번대,62.5,32.6,48.9,48.1,기록에 없는 신진/미상 저자(채사장)입니다. 출판 이력이 있는 출판사(Dolphin Books(돌핀북))입니다.
채사장의 지대넓얕 :지적 대화를 위한 넓고 얕은 지식,"글: 채사장,그림: 정용환",Dolphin Books(돌핀북),100번대,62.5,32.6,48.9,48.1,기록에 없는 신진/미상 저자(채사장)입니다. 출판 이력이 있는 출판사(Dolphin Books(돌핀북))입니다.
채사장의 지대넓얕 :지적 대화를 위한 넓고 얕은 지식,"글: 채사장,그림: 정용환",Dolphin Books(돌핀북),100번대,62.5,32.6,48.9,48.1,기록에 없는 신진/미상 저자(채사장)입니다. 출판 이력이 있는 출판사(Dolphin Books(돌핀북))입니다.
채사장의 지대넓얕 :지적 대화를 위한 넓고 얕은 지식,"글: 채사장,그림: 정용환",Dolphin Books(돌핀북),100번대,62.5,32.6,48.9,48.1,기록에 없는 신진/미상 저자(채사장)입니다. 출판 이력이 있는 출판사(Dolphin Books(돌핀북))입니다.
채사장의 지대넓얕 :지적 대화를 위한 넓고 얕은 지식,"글: 채사장,그림: 정용환",Dolphin Books(돌핀북),100번대,62.5,32.6,48.9,48.1,기록에 없는 신진/미상 저자(채사장)입니다. 출판 이력이 있는 출판사(Dolphin Books(돌핀북))입니다.
채사장의 지대넓얕 :지적 대화를 위한 넓고 얕은 지식,"글: 채사장,그림: 정용환",Dolphin Books(돌핀북),100번대,62.5,32.6,48.9,48.1,기록에 없는 신진/미상 저자(채사장)입니다. 출판 이력이 있는 출판사(Dolphin Books(돌핀북))입니다.
채사장의 지대넓얕 :지적 대화를 위한 넓고 얕은 지식,"글: 채사장,그림: 정용환",Dolphin Books(돌핀북),100번대,62.5,32.6,48.9,48.1,기록에 없는 신진/미상 저자(채사장)입니다. 출판 이력이 있는 출판사(Dolphin Books(돌핀북))입니다.
채사장의 지대넓얕 :지적 대화를 위한 넓고 얕은 지식,"글: 채사장,그림: 정용환",Dolphin Books(돌핀북),100번대,62.5,32.6,48.9,48.1,기록에 없는 신진/미상 저자(채사장)입니다. 출판 이력이 있는 출판사(Dolphin Books(돌핀북))입니다.
채사장의 지대넓얕 14 : 예술의 역사 - 지적 대화를 위한 넓고 얕은 지식,"채사장, 마케마케 (지은이), 정용환 (그림)",돌핀북,800번대,33.5,49.5,57.6,47.9,대출 실적이 있는 저자(채사장)입니다.
지적 대화를 위한 넓고 얕은 지식 :한 권으로 현실 세계를 통달하는 지식 여행서,채사장 지음,Whale Books(웨일북),100번대,62.5,32.6,46.9,47.3,기록에 없는 신진/미상 저자(채사장 지음)입니다. 출판 이력이 있는 출판사(Whale Books(웨일북))입니다.
세상은 이야기로 만들어졌다 :신화·거짓말·유토피아 ,"자미라 엘 우아실,김현정 옮김",원더박스,100번대,62.5,32.6,43.6,46.0,기록에 없는 신진/미상 저자(자미라 엘 우아실)입니다.
평범하지만 부자가 되고 싶어 - 극현실주의 부자 수업,"김종봉, 제갈현열 (지은이)",다산북스,800번대,33.5,49.5,47.0,43.7,기록에 없는 신진/미상 저자(김종봉)입니다. 대표 출판사(다산북스)의 수매 신뢰도가 높습니다.
내가 천 개의 인생에서 배운 것들 =Things I learned in a thousand lives ,지은이: 김도윤,책읽어주는남자,800번대,33.5,49.5,47.1,43.7,기록에 없는 신진/미상 저자(김도윤)입니다. 출판 이력이 있는 출판사(책읽어주는남자)입니다.
맞춤법 천재라면 - 세기의 맞춤법 대결! 라면 팀 VS 편의점 팀,"박정란, 서재인 (지은이), 김기수 (그림)",슈크림북,800번대,33.5,49.5,44.9,42.9,기록에 없는 신진/미상 저자(박정란)입니다. 대표 출판사(슈크림북)의 수매 신뢰도가 높습니다.
우리들의 MBTI 4 : 학습 유형 - 나의 성격을 이해하고 더 멋진 내가 되는,조수연,다산어린이,800번대,33.5,49.5,44.8,42.8,기록에 없는 신진/미상 저자(조수연)입니다.
아무도 오지 않는 곳에서,천선란 (지은이),허블,800번대,33.5,49.5,44.4,42.7,기록에 없는 신진/미상 저자(천선란 (지은이))입니다. 대표 출판사(허블)의 수매 신뢰도가 높습니다.
눈에 갇힌 외딴 산장에서,"히가시노 게이고 (지은이), 김난주 (옮긴이)",재인,800번대,33.5,49.5,43.9,42.5,기록에 없는 신진/미상 저자(히가시노 게이고 (지은이))입니다. 대표 출판사(재인)의 수매 신뢰도가 높습니다.
글을 쓰면서 생각한 것들,임경선 (지은이),토스트,800번대,33.5,49.5,43.9,42.5,기록에 없는 신진/미상 저자(임경선 (지은이))입니다. 출판 이력이 있는 출판사(토스트)입니다.
희망의 끈,"히가시노 게이고 (지은이), 김난주 (옮긴이)",재인,800번대,33.5,49.5,43.9,42.5,기록에 없는 신진/미상 저자(히가시노 게이고 (지은이))입니다. 대표 출판사(재인)의 수매 신뢰도가 높습니다.
작은 땅의 야수들 (리커버 특별판),"김주혜 (지은이), 박소현 (옮긴이)",다산책방,800번대,33.5,49.5,43.9,42.5,기록에 없는 신진/미상 저자(김주혜 (지은이))입니다. 출판 이력이 있는 출판사(다산책방)입니다.
금단의 마술,"히가시노 게이고 (지은이), 김난주 (옮긴이)",재인,800번대,33.5,49.5,43.9,42.5,기록에 없는 신진/미상 저자(히가시노 게이고 (지은이))입니다. 대표 출판사(재인)의 수매 신뢰도가 높습니다.
침묵의 퍼레이드,"히가시노 게이고 (지은이), 김난주 (옮긴이)",재인,800번대,33.5,49.5,43.9,42.5,기록에 없는 신진/미상 저자(히가시노 게이고 (지은이))입니다. 대표 출판사(재인)의 수매 신뢰도가 높습니다.
흐르는 강물처럼,"셸리 리드 (지은이), 김보람 (옮긴이)",다산책방,800번대,33.5,49.5,43.9,42.5,기록에 없는 신진/미상 저자(셸리 리드 (지은이))입니다. 출판 이력이 있는 출판사(다산책방)입니다.
주인 노예 남편 아내 ,지은이: 우일연 ;옮긴이: 강동혁,Fika(피카),800번대,33.5,49.5,43.8,42.4,기록에 없는 신진/미상 저자(우일연)입니다. 출판 이력이 있는 출판사(Fika(피카))입니다.
세종의 나라 1 (양장),김진명 (지은이),이타북스,800번대,33.5,49.5,43.8,42.4,기록에 없는 신진/미상 저자(김진명 (지은이))입니다. 출판 이력이 있는 출판사(이타북스)입니다.
세종의 나라 2 (양장),김진명 (지은이),이타북스,800번대,33.5,49.5,43.8,42.4,기록에 없는 신진/미상 저자(김진명 (지은이))입니다. 출판 이력이 있는 출판사(이타북스)입니다.
영수와 0수,김영탁 (지은이),arte(아르테),800번대,33.5,49.5,43.8,42.4,기록에 없는 신진/미상 저자(김영탁 (지은이))입니다. 출판 이력이 있는 출판사(arte(아르테))입니다.
신상문구점,김선영 (지은이),특별한서재,800번대,33.5,49.5,43.4,42.3,기록에 없는 신진/미상 저자(김선영 (지은이))입니다. 대표 출판사(특별한서재)의 수매 신뢰도가 높습니다.
인터메초 :샐리 루니 장편소설 ,지은이: 샐리 루니 ;옮긴이: 허진,은행나무,800번대,33.5,49.5,43.4,42.3,기록에 없는 신진/미상 저자(샐리 루니)입니다. 대표 출판사(은행나무)의 수매 신뢰도가 높습니다.
양순이네 떡집,"김리리 (지은이), 김이랑 (그림)",비룡소,800번대,33.5,49.5,43.5,42.3,기록에 없는 신진/미상 저자(김리리 (지은이))입니다. 대표 출판사(비룡소)의 수매 신뢰도가 높습니다.
시체는 거짓말하지 않는다,유성호 (지은이),위즈덤하우스,800번대,33.5,49.5,43.5,42.3,기록에 없는 신진/미상 저자(유성호 (지은이))입니다. 대표 출판사(위즈덤하우스)의 수매 신뢰도가 높습니다.
오늘이 내일을 데려올 거야 - 2025 뉴베리 대상 수상작,"에린 엔트라다 켈리 (지은이), 고정아 (옮긴이)",책읽는곰,800번대,33.5,49.5,43.5,42.3,기록에 없는 신진/미상 저자(에린 엔트라다 켈리 (지은이))입니다. 대표 출판사(책읽는곰)의 수매 신뢰도가 높습니다.
소맥거핀의 인체 친구들 4 - 충치에 당첨되셨습니다!,"서후 (글), 소맥거핀 (원작), 김기수 (그림), 박상민, 샌드박스네트워크 (감수)",위즈덤하우스,800번대,33.5,49.5,43.5,42.3,기록에 없는 신진/미상 저자(서후 (글))입니다. 대표 출판사(위즈덤하우스)의 수매 신뢰도가 높습니다.
저주토끼 (리커버),정보라 (지은이),아작,800번대,33.5,49.5,43.3,42.2,기록에 없는 신진/미상 저자(정보라 (지은이))입니다. 대표 출판사(아작)의 수매 신뢰도가 높습니다.
놓지 마 맞춤법 2 - 불꽃 튀는 본선 속으로,"신태훈 (지은이), 나승훈 (그림), 정상은 (감수)",주니어김영사,800번대,33.5,49.5,43.3,42.2,기록에 없는 신진/미상 저자(신태훈 (지은이))입니다. 대표 출판사(주니어김영사)의 수매 신뢰도가 높습니다.
흔한남매 과학 탐험대 6 : 물리 2,"흔한남매 (원작), 이현진, 닥터 스코 (글), 김덕영 (그림), 김희목 (감수), 김희목, 정현철, 권경아, 최진수 (기획)",주니어김영사,800번대,33.5,49.5,43.3,42.2,기록에 없는 신진/미상 저자(흔한남매 (원작))입니다. 대표 출판사(주니어김영사)의 수매 신뢰도가 높습니다.
흔한남매 과학 탐험대 4 : 물질,"흔한남매 (원작), 이현진, 닥터 스코 (글), 김덕영 (그림), 최진수 (감수), 정현철, 김희목, 권경아, 최진수 (기획)",주니어김영사,800번대,33.5,49.5,43.3,42.2,기록에 없는 신진/미상 저자(흔한남매 (원작))입니다. 대표 출판사(주니어김영사)의 수매 신뢰도가 높습니다.
흔한남매 과학 탐험대 3 : 인체,"흔한남매 (원작), 이재국, 이현진, 서지은 (글), 김덕영 (그림), 정현철, 김희목, 권경아, 최진수, 박준건 (기획)",주니어김영사,800번대,33.5,49.5,43.3,42.2,기록에 없는 신진/미상 저자(흔한남매 (원작))입니다. 대표 출판사(주니어김영사)의 수매 신뢰도가 높습니다.
흔한남매 흔한 MBTI - 믿거나 말거나 나에게 어울리는 직업,"김승자, 정미화 (지은이), 흔한남매 (원작), 투윙스, 유영근 (그림), 흔한컴퍼니 (감수)",대원키즈,800번대,33.5,49.5,43.3,42.2,기록에 없는 신진/미상 저자(김승자)입니다. 대표 출판사(대원키즈)의 수매 신뢰도가 높습니다.
흔한남매 과학 탐험대 5 : 물리 1,"흔한남매 (원작), 이현진, 닥터 스코 (글), 김덕영 (그림), 김희목 (감수), 김희목, 정현철, 권경아, 최진수 (기획)",주니어김영사,800번대,33.5,49.5,43.3,42.2,기록에 없는 신진/미상 저자(흔한남매 (원작))입니다. 대표 출판사(주니어김영사)의 수매 신뢰도가 높습니다.
머니 트렌드 2026 - 위기 속 돈의 흐름을 지배하는 50가지 생존 공식,"김도윤, 정태익, 김광석, 김승주, 김용섭, 김학렬(빠숑), 김현준, 최재붕 (지은이)",북모먼트,800번대,33.5,49.5,43.1,42.1,기록에 없는 신진/미상 저자(김도윤)입니다.
키메라의 땅 1,"베르나르 베르베르 (지은이), 김희진 (옮긴이)",열린책들,800번대,33.5,49.5,43.1,42.1,기록에 없는 신진/미상 저자(베르나르 베르베르 (지은이))입니다. 출판 이력이 있는 출판사(열린책들)입니다.
흔한남매 불꽃 튀는 우리말 1 - 초등 국어 고수 되기 프로젝트,흔한남매 (원작)|한은호,다산어린이,800번대,33.5,49.5,42.4,41.9,기록에 없는 신진/미상 저자(흔한남매 (원작)|한은호)입니다.
"운명을 보는 기술 - 역술가 박성준이 알려주는 사주, 관상, 풍수의 모든 것",박성준 (지은이),페이지2(page2),800번대,33.5,49.5,42.4,41.9,기록에 없는 신진/미상 저자(박성준 (지은이))입니다.
100세 할머니 약국 ,히루마 에이코 지음 ;이정미 옮김,Wilma(윌마),800번대,33.5,49.5,42.4,41.9,기록에 없는 신진/미상 저자(히루마 에이코 지음)입니다.
흔한남매 흔한 게임 3,"흔한남매 (원작), 권나혜 (글), 도니패밀리 (그림), 흔한컴퍼니 (감수)",미래엔아이세움,800번대,33.5,49.5,42.4,41.9,기록에 없는 신진/미상 저자(흔한남매 (원작))입니다.
별이 빛나는 고양이 마을 - 고양이와 스프,"히요 (지은이), 고양이와 스프 (원작), 루체 (그림)",다산어린이,800번대,33.5,49.5,42.4,41.9,기록에 없는 신진/미상 저자(히요 (지은이))입니다.
"인생을 바꾸는 최고의 ETF - 괜찮은 ETF 투자하고, 나가서 운동합니다",잼투리 (지은이),거인의정원,800번대,33.5,49.5,42.4,41.9,기록에 없는 신진/미상 저자(잼투리 (지은이))입니다.
흔한남매 불꽃 튀는 우리말 5 - 초등 국어 고수 되기 프로젝트,"한은호 (지은이), 흔한남매 (원작), 유희석 (그림), 흔한컴퍼니 (감수)",다산어린이,800번대,33.5,49.5,42.4,41.9,기록에 없는 신진/미상 저자(한은호 (지은이))입니다.
EBS 다큐프라임 미치도록 보고 싶었던 돈의 얼굴,EBS 돈의 얼굴 제작진 (지은이),영진.com(영진닷컴),800번대,33.5,49.5,42.4,41.9,기록에 없는 신진/미상 저자(EBS 돈의 얼굴 제작진 (지은이))입니다.
"실패를 통과하는 일 - 비전, 사람, 돈을 둘러싼 어느 창업자의 기록",박소령 (지은이),북스톤,800번대,33.5,49.5,42.4,41.9,기록에 없는 신진/미상 저자(박소령 (지은이))입니다.
우리들의 MBTI 2 : 친구 관계 - 나의 성격을 이해하고 더 멋진 내가 되는,"조수연 (지은이), 소윤 (그림)",다산어린이,800번대,33.5,49.5,42.4,41.9,기록에 없는 신진/미상 저자(조수연 (지은이))입니다.
우리들의 MBTI 3 : 가족 관계 (한정판 윈터 에디션) - 나의 성격을 이해하고 더 멋진 내가 되는,"조수연 (지은이), 소윤 (그림)",다산어린이,800번대,33.5,49.5,42.4,41.9,기록에 없는 신진/미상 저자(조수연 (지은이))입니다.
조용한 회복 - 삶의 균열 앞에서 나를 돌보는 연습,박재연 (지은이),한빛라이프,800번대,33.5,49.5,42.4,41.9,기록에 없는 신진/미상 저자(박재연 (지은이))입니다.
자몽살구클럽,한로로 (HANRORO) (지은이),어센틱,800번대,33.5,49.5,42.4,41.9,기록에 없는 신진/미상 저자(한로로 (HANRORO) (지은이))입니다.
별이 빛나는 고양이 마을 2 : 아기 고양이를 부탁해!,"히요 (지은이), 고양이와 스프 (원작), 루체 (그림)",다산어린이,800번대,33.5,49.5,42.4,41.9,기록에 없는 신진/미상 저자(히요 (지은이))입니다.
"오십의 기술 - 나이 들수록 재미, 가족, 관계, 행복, 품격, 지식이 높아지는",이호선 (지은이),카시오페아,800번대,33.5,49.5,42.3,41.8,기록에 없는 신진/미상 저자(이호선 (지은이))입니다.
백앤아 1 : 미스터리 100층 감옥 - 교양이 층층 쌓이는 점프 맵,"백앤아 (원작), 안성훈 (글), 돌만 (그림)",샌드박스스토리 키즈,800번대,33.5,49.5,42.3,41.8,기록에 없는 신진/미상 저자(백앤아 (원작))입니다.
