ISBN,bookname,authors,publisher,total_loans,best_rank,class_no,category
9788936434120 ,소년이 온다 :한강 장편소설 ,지은이: 한강,창비,95116,1,813.62,문학
9791161571188 ,불편한 편의점 :김호연 장편소설 ,지은이: 김호연,나무옆의자,84832,1,813.7,문학
9788954682152 ,작별하지 않는다 :한강 장편소설 ,지은이: 한강,문학동네,79969,2,813.62,문학
9791161571379 ,불편한 편의점 :김호연 장편소설,지은이: 김호연,나무옆의자,61735,10,813.7,문학
9788998441012 ,모순 :양귀자 장편소설 ,지은이: 양귀자,쓰다,58110,23,813.62,문학
9788954681155 ,홍학의 자리 :정해연 장편소설 ,지은이: 정해연,문학동네,57670,15,813.7,문학
9788936433598 ,채식주의자:한강 연작소설,한강,창비,54566,14,813.6,문학
9791130646381 ,이처럼 사소한 것들 :클레어 키건 소설 ,지은이: 클레어 키건 ;옮긴이: 홍한별,다산북스,54056,22,843.6,문학
9788936438838 ,아버지의 해방일지 :정지아 장편소설 ,지은이: 정지아,창비,51623,24,813.62,문학
9788954677158 ,긴긴밤 ,루리 글·그림,문학동네,50931,102,813.7,문학
9791192300818 ,마흔에 읽는 쇼펜하우어 :마음의 위기를 다스리는 철학 수업 ,강용수 지음,유노콘텐츠그룹,48911,14,165.47,비문학
9788954681179 ,밝은 밤 :최은영 장편소설 ,지은이: 최은영,문학동네,47608,10,813.7,문학
9791165341909 ,달러구트 꿈 백화점 :주문하신 꿈은 매진입니다 ,지은이: 이미예,팩토리나인,47363,27,813.7,문학
9791189327156 ,"물고기는 존재하지 않는다 :상실, 사랑 그리고 숨어 있는 삶의 질서에 관한 이야기 ",룰루 밀러 지음 ;정지인 옮김,곰출판,44822,13,490.99,비문학
9791167740984 ,"도둑맞은 집중력 :집중력 위기의 시대, 삶의 주도권을 되찾는 법 ",요한 하리 지음 ;김하현 옮김,어크로스(어크로스출판그룹),44097,128,181.27,비문학
9788936434595 ,채식주의자 :한강 장편소설 ,지은이: 한강,창비,43801,13,813.62,문학
9791191824001 ,지구 끝의 온실 :김초엽 장편소설 ,지은이: 김초엽,Giant Books(자이언트북스),43219,21,813.7,문학
9791188331796 ,돈의 속성 :최상위 부자가 말하는 돈에 대한 모든 것 ,지은이: 김승호,Snowfox(스노우폭스북스),42545,22,327.04,비문학
9791168473690 ,세이노의 가르침 :피보다 진하게 살아라 ,세이노 지음,데이원,41587,11,325.211,비문학
9788901276533 ,나는 메트로폴리탄 미술관의 경비원입니다 :가장 경이로운 세계 속으로 숨어버린 한 남자의 이야기 ,패트릭 브링리 지음 ;조현주 옮김,웅진씽크빅,41514,155,848,문학
9791141601300 ,이중 하나는 거짓말 :김애란 장편소설 ,지은이: 김애란,문학동네,41315,655,813.7,문학
9788949123493 ,순례 주택 :유은실 소설 ,지은이: 유은실,비룡소,40883,27,813.7,문학
9791192389325 ,퓨처 셀프 :현재와 미래가 달라지는 놀라운 혁명 ,벤저민 하디 지음 ;최은아 옮김,상상스퀘어,40551,18,325.211,비문학
9791191891287 ,메리골드 마음 세탁소 =윤정은 장편소설 /Marigold mind laundry ,글: 윤정은,북로망스,40473,12,813.7,문학
9791168416369 ,흔한남매,원작: 흔한남매 ;그림: 유난희,미래엔,40440,28,810,문학
9791164138197 ,흔한남매,원작: 흔한남매 ;그림: 유난희,미래엔,40390,29,810,문학
9791191056372 ,돈의 심리학 :당신은 왜 부자가 되지 못했는가 ,모건 하우절 지음 ;이지연 옮김,인플루엔셜,40050,25,327.04,비문학
9791164134267 ,흔한남매,원작: 흔한남매 ;그림: 유난희,미래엔,40048,28,810,문학
9791164131686 ,흔한남매,원작: 흔한남매 ;그림: 유난희,미래엔,39968,30,810,문학
9791130698199 ,맡겨진 소녀 :클레어 키건 소설 ,지은이: 클레어 키건 ;옮긴이: 허진,다산북스,39961,17,843.6,문학
9791168411685 ,흔한남매,원작: 흔한남매 ;그림: 유난희,미래엔,39899,33,810,문학
9791168415232 ,흔한남매,원작: 흔한남매 ;그림: 유난희,미래엔,39874,35,810,문학
9791164135592 ,흔한남매,원작: 흔한남매 ;그림: 유난희,미래엔,39844,31,810,문학
9791168412477 ,흔한남매,원작: 흔한남매 ;그림: 유난희,미래엔,39705,35,810,문학
9791197377143 ,"어서오세요, 휴남동 서점입니다 :황보름 장편소설 ",지은이: 황보름,클레이하우스,39481,20,813.7,문학
9791190090261 ,천 개의 파랑 :천선란 장편소설 ,지은이: 천선란,허블,39314,28,813.7,문학
9788936434267 ,아몬드 :손원평 장편소설 ,지은이: 손원평,창비,39297,25,813.7,문학
9788956609959 ,종의 기원 =정유정 장편소설 /The origin of species ,지은이: 정유정,은행나무,39151,38,813.7,문학
9791168414471 ,흔한남매,원작: 흔한남매 ;그림: 유난희,미래엔,38952,40,810,문학
9791164134847 ,흔한남매,원작: 흔한남매 ;그림: 유난희,미래엔,38938,36,810,문학
9791164139897 ,흔한남매,원작: 흔한남매 ;그림: 유난희,미래엔,38679,45,810,문학
9788954695053 ,아주 희미한 빛으로도 :최은영 소설 ,지은이: 최은영,문학동네,38573,16,813.7,문학
9791164137527 ,흔한남매,원작: 흔한남매 ;그림: 유난희,미래엔,38549,42,810,문학
9791164132454 ,흔한남매,원작: 흔한남매 ;그림: 유난희,미래엔,38418,39,810,문학
9791164136261 ,흔한남매,원작: 흔한남매 ;그림: 유난희,미래엔,37949,45,810,문학
9791168417199 ,흔한남매,원작: 흔한남매 ;그림: 유난희,미래엔,37892,30,810,문학
9788936447694 ,고양이 해결사 깜냥,홍민정 동화 ;김재희 그림,창비,37198,50,813.7,문학
9791161571768 ,나의 돈키호테 :김호연 장편소설 ,지은이: 김호연,나무옆의자,36818,20,813.7,문학
9791167370280 ,완전한 행복 :정유정 장편소설 ,지은이: 정유정,은행나무,36598,37,813.7,문학
9788937473401 ,급류 :정대건 장편소설 ,지은이: 정대건,민음사,35446,14,813.7,문학
9788954646079 ,바깥은 여름 :김애란 소설 ,지은이: 김애란,문학동네,35136,145,813.7,문학
9791190090018 ,우리가 빛의 속도로 갈 수 없다면 :김초엽 소설 ,지은이: 김초엽,허블,35063,54,813.7,문학
9791192579504 ,바다가 들리는 편의점 ,마치다 소노코 지음 ;황국영 옮김,바이포엠 스튜디오,34712,119,833.6,문학
9791191043754 ,세상의 마지막 기차역 ,무라세 다케시 지음 ;김지연 옮김,바이포엠 스튜디오,34684,49,833.6,문학
9791162540640 ,아주 작은 습관의 힘 :최고의 변화는 어떻게 만들어지는가 ,제임스 클리어 지음 ;이한이 옮김,비즈니스북스,34394,42,181.845,비문학
9788936447861 ,고양이 해결사 깜냥,홍민정 동화 ;김재희 그림,창비,34134,55,813.7,문학
9788972756194 ,나미야 잡화점의 기적 :히가시노 게이고 장편소설 ,지은이: 히가시노 게이고 ;옮긴이: 양윤옥,현대문학,34053,100,833.6,문학
9791190337755 ,죽이고 싶은 아이 :이꽃님 장편소설 ,지은이: 이꽃님,우리학교,33852,66,813.7,문학
9788954616515 ,희랍어 시간 :한강 장편소설 ,지은이: 한강,문학동네,33594,121,813.62,문학
9791198517425 ,불변의 법칙 :절대 변하지 않는 것들에 대한 23가지 이야기 ,지은이: 모건 하우절 ;옮긴이: 이수경,서삼독,33204,73,327.04,비문학
9791168415409 ,흔한남매의 흔한 호기심 :일상에서 만나는 과학 상식,원작: 흔한남매 ;그림: 유난희,미래엔,33100,69,400,비문학
9791164137121 ,흔한남매의 흔한 호기심 :일상에서 만나는 과학 상식,원작: 흔한남매 ;그림: 유난희,미래엔,33094,106,400,비문학
9791165343729 ,달러구트 꿈 백화점 :이미예 장편소설,지은이: 이미예,팩토리나인,33039,130,813.7,문학
9791168418011 ,흔한남매,원작: 흔한남매 ;그림: 유난희,미래엔,32658,274,810,문학
9788934972464 ,"사피엔스 :유인원에서 사이보그까지, 인간 역사의 대담하고 위대한 질문 ",지은이: 유발 하라리 ;옮긴이: 조현욱,김영사,32616,111,909,비문학
9791164136032 ,흔한남매의 흔한 호기심 :일상에서 만나는 과학 상식,원작: 흔한남매 ;그림: 유난희,미래엔,32590,125,400,비문학
9788925588735 ,프로젝트 헤일메리 ,앤디 위어 지음 ;강동혁 옮김,RHK(알에이치코리아),32562,114,843.6,문학
9788936448523 ,고양이 해결사 깜냥,홍민정 동화 ;김재희 그림,창비,32407,104,813.7,문학
9788936448011 ,고양이 해결사 깜냥,홍민정 동화 ;김재희 그림,창비,32315,100,813.7,문학
9788936448370 ,고양이 해결사 깜냥,홍민정 동화 ;김재희 그림,창비,32297,109,813.7,문학
9791168127630 ,비스킷 ,글: 김선미,위즈덤하우스,32138,112,813.7,문학
9791164137923 ,흔한남매의 흔한 호기심 :일상에서 만나는 과학 상식,원작: 흔한남매 ;그림: 유난희,미래엔,31994,132,400,비문학
9788936439743 ,혼모노 :성해나 소설집 ,지은이: 성해나,창비,31954,26,813.7,문학
9788934980254 ,흔한남매 과학 탐험대,원작: 흔한남매 ;임혜영,김영사,31730,141,400,비문학
9791168412248 ,흔한남매 이상한 나라의 고전 읽기,최재훈 글 ;정주연 그림,미래엔,31719,117,813.5,문학
9788934989257 ,흔한남매 과학 탐험대,원작: 흔한남매 ;임혜영,김영사,31685,151,400,비문학
9791168411852 ,흔한남매의 흔한 호기심 :일상에서 만나는 과학 상식,원작: 흔한남매 ;그림: 유난희,미래엔,31675,124,400,비문학
9791168413931 ,흔한남매의 흔한 호기심 :일상에서 만나는 과학 상식,원작: 흔한남매 ;그림: 유난희,미래엔,31666,110,400,비문학
9791169851053 ,어른의 행복은 조용하다 ,글: 태수,페이지2북스,31589,10,818,문학
9791168416598 ,흔한남매의 흔한 호기심 :일상에서 만나는 과학 상식,원작: 흔한남매 ;그림: 유난희,미래엔,31528,113,400,비문학
9788954697941 ,두 사람의 인터내셔널 :김기태 소설 ,지은이: 김기태,문학동네,31462,16,813.7,문학
9788954650212 ,세계를 건너 너에게 갈게 :이꽃님 장편소설 ,글쓴이: 이꽃님,문학동네,31400,110,813.7,문학
9788954654753 ,체리새우 :황영미 장편소설 ,지은이: 황영미,문학동네,31365,109,813.7,문학
9791191114225 ,작별인사 :김영하 장편소설 ,지은이: 김영하,복복서가,31310,124,813.62,문학
9788970129815 ,파친코 :이민진 장편소설,이민진 지음 ;이미정 옮김,문학사상,31236,192,843.6,문학
9791168414822 ,흔한남매의 흔한 호기심 :일상에서 만나는 과학 상식,원작: 흔한남매 ;그림: 유난희,미래엔,31226,106,400,비문학
9791168410848 ,흔한남매의 흔한 호기심 :일상에서 만나는 과학 상식,원작: 흔한남매 ;그림: 유난희,미래엔,31181,140,400,비문학
9791164138982 ,흔한남매의 흔한 호기심 :일상에서 만나는 과학 상식,원작: 흔한남매 ;그림: 유난희,미래엔,31148,111,400,비문학
9791168415034 ,흔한남매 이상한 나라의 고전 읽기,최재훈 글 ;정주연 그림,미래엔,31046,134,813.5,문학
9791168413955 ,흔한남매 이상한 나라의 고전 읽기,최재훈 글 ;정주연 그림,미래엔,31023,142,813.5,문학
9791168416314 ,흔한남매 이상한 나라의 고전 읽기,최재훈 글 ;정주연 그림,미래엔,30971,107,813.5,문학
9788936448134 ,고양이 해결사 깜냥,홍민정 동화 ;김재희 그림,창비,30918,122,813.7,문학
9788934979814 ,흔한남매 과학 탐험대,원작: 흔한남매 ;임혜영,김영사,30868,107,400,비문학
9788954672214 ,"시선으로부터, :정세랑 장편소설 ",지은이: 정세랑,문학동네,30712,125,813.7,문학
9788998441074 ,나는 소망한다 내게 금지된 것을 :양귀자 장편소설 ,지은이: 양귀자,쓰다,30569,207,813.62,문학
9791190409124 ,똥볶이 할멈 :K-히어로 판타지,글: 강효미 ;그림: 김무연,따끈따끈책방,30551,101,813.7,문학
9788934944546 ,흔한남매 과학 탐험대,원작: 흔한남매 ;임혜영,김영사,30507,115,400,비문학
9791191043297 ,"오늘 밤, 세계에서 이 사랑이 사라진다 해도 ",이치조 미사키 지음 ;권영주 옮김,바이포엠,30232,115,833.6,문학
9791167550972 ,당연하게도 나는 너를 :이꽃님 장편소설 ,지은이: 이꽃님,우리학교,30038,105,813.7,문학
9788954651134 ,흰 :한강 소설 ,지은이: 한강,문학동네,29627,15,813.62,문학
9788936446819 ,수박 수영장 :안녕달 그림책 ,지은이: 안녕달,창비,29350,114,813.7,문학
9788954694575 ,여름을 한 입 베어 물었더니 :이꽃님 장편소설 ,글쓴이: 이꽃님,문학동네,29318,108,813.7,문학
9788954699075 ,도시와 그 불확실한 벽 :무라카미 하루키 장편소설 ,지은이: 무라카미 하루키 ;옮긴이: 홍은주,문학동네,29222,26,833.6,문학
9788934983439 ,흔한남매 과학 탐험대 3 : 인체,"흔한남매 (원작), 이재국, 이현진, 서지은 (글), 김덕영 (그림), 정현철, 김희목, 권경아, 최진수, 박준건 (기획)",주니어김영사,29195,108,None,비문학
9788936439651 ,대온실 수리 보고서 :김금희 장편소설 ,지은이: 김금희,창비,28826,12,813.7,문학
9791168415539 ,에그박사 :Egg&bugs,원작: 에그박사 ;그림: 홍종현,미래엔,28750,104,472,비문학
9791168414488 ,흔한남매의 흔한 호기심 :일상에서 만나는 과학 상식,원작: 흔한남매 ;그림: 유난희,미래엔,28617,244,400,비문학
9788934946625 ,흔한남매 과학 탐험대,원작: 흔한남매 ;임혜영,김영사,28561,115,400,비문학
9788932020006 ,"바람이 분다, 가라 :한강 장편소설 ",한강,문학과지성사,28499,198,813.62,문학
9791195794799 ,설민석의 한국사 대모험,"글: 설민석,그림: 정현희",휴먼큐브,28403,105,911,비문학
9788934930549 ,흔한남매 과학 탐험대 4 : 물질,"흔한남매 (원작), 이현진, 닥터 스코 (글), 김덕영 (그림), 최진수 (감수), 정현철, 김희목, 권경아, 최진수 (기획)",주니어김영사,28372,111,None,비문학
9788934940753 ,흔한남매 과학 탐험대 5 : 물리 1,"흔한남매 (원작), 이현진, 닥터 스코 (글), 김덕영 (그림), 김희목 (감수), 김희목, 정현철, 권경아, 최진수 (기획)",주니어김영사,28244,118,None,비문학
9788954699372 ,눈부신 안부 :백수린 장편소설 ,지은이: 백수린,문학동네,28223,174,813.7,문학
9791168415355 ,(흔한남매) 별난 세계 여행,흔한남매 원작 ;정주연 그림,미래엔,28144,129,980.2,비문학
9791158510619 ,타이탄의 도구들 :1만 시간의 법칙을 깬 거인들의 61가지 전략 ,팀 페리스 지음 ;정지현 옮김,Tornado(토네이도),28122,201,325.211,비문학
9791190409131 ,똥볶이 할멈 :K-히어로 판타지,글: 강효미 ;그림: 김무연,따끈따끈책방,28058,119,813.7,문학
9791167374561 ,영원한 천국 :정유정 장편소설 ,지은이: 정유정,은행나무,28042,159,813.7,문학
9791168340510 ,파친코 :이민진 장편소설 ,지은이: 이민진 ;옮긴이: 신승미,인플루엔셜,27927,106,843.6,문학
9791191056556 ,미드나잇 라이브러리 ,매트 헤이그 지음 ;노진선 옮김,인플루엔셜,27686,102,843.6,문학
9791168415577 ,흔한남매 이무기 :이해하면 무서운 이야기,원작: 흔한남매 ;그림: 도니패밀리,미래엔,27669,132,810,문학
9788952240569 ,가재가 노래하는 곳 :델리아 오언스 장편소설 ,지은이: 델리아 오언스 ;옮긴이: 김선형,살림출판사,27661,168,843.6,문학
9791170611561 ,당신이 누군가를 죽였다 ,지은이: 히가시노 게이고 ;옮긴이: 최고은,교보문고,27633,234,833.6,문학
9788934946793 ,흔한남매 과학 탐험대 6 : 물리 2,"흔한남매 (원작), 이현진, 닥터 스코 (글), 김덕영 (그림), 김희목 (감수), 김희목, 정현철, 권경아, 최진수 (기획)",주니어김영사,27578,121,None,비문학
9791190409148 ,똥볶이 할멈 :K-히어로 판타지,글: 강효미 ;그림: 김무연,따끈따끈책방,27506,120,813.7,문학
9791162203620 ,파과 :구병모 장편소설 ,지은이: 구병모,위즈덤하우스 미디어그룹,27452,103,813.7,문학
9788997575169 ,원씽 :복잡한 세상을 이기는 단순함의 힘 ,"게리 켈러,구세희 옮김",비즈니스북스,27408,190,325.04,비문학
9788901260716 ,역행자 :돈·시간·운명으로부터 완전한 자유를 얻는 7단계 인생 공략집 ,자청 지음,웅진씽크빅,27339,372,325.211,비문학
9791165347734 ,연남동 빙굴빙굴 빨래방 :김지윤 장편소설 ,지은이: 김지윤,팩토리나인,27220,100,813.7,문학
9791165347161 ,나의 돈 많은 고등학교 친구 :슈퍼리치와의 대화에서 찾아낸 부자의 길 ,송희구 지음,서삼독,26865,116,325.211,비문학
9788956608556 ,구의 증명 :최진영 소설 ,지은이: 최진영,은행나무,26841,110,813.7,문학
9788970129822 ,파친코 :이민진 장편소설,이민진 지음 ;이미정 옮김,문학사상,26811,306,843.6,문학
9791168411029 ,에그박사 :Egg&bugs,원작: 에그박사 ;그림: 홍종현,미래엔,26807,128,472,비문학
9791190409384 ,똥볶이 할멈 :K-히어로 판타지,글: 강효미 ;그림: 김무연,따끈따끈책방,26730,124,813.7,문학
9788925554990 ,스토너 :존 윌리엄스 장편소설 ,지은이: 존 윌리엄스 ;옮긴이: 김승욱,RHK(알에이치코리아),26661,102,843.5,문학
9791164138425 ,에그박사 :Egg&bugs,원작: 에그박사 ;그림: 홍종현,미래엔,26651,133,472,비문학
9791165343996 ,(서울 자가에 대기업 다니는) 김 부장 이야기 ,송희구 지음,서삼독,26551,109,325.04,비문학
9791141602376 ,안녕이라 그랬어 :김애란 소설 ,지은이: 김애란,문학동네,26524,153,813.7,문학
9791191114768 ,단 한 번의 삶 ,지은이: 김영하,복복서가,26502,11,814.62,문학
9791160405750 ,단 한 사람 :최진영 장편소설 ,지은이: 최진영,한겨레엔,26405,103,813.7,문학
9791167552723 ,죽이고 싶은 아이 :이꽃님 장편소설,지은이: 이꽃님,우리학교,26400,605,813.7,문학
9791168415157 ,에그박사 :Egg&bugs,원작: 에그박사 ;그림: 홍종현,미래엔,26353,129,472,비문학
9791168413078 ,(흔한남매) 수수께끼 어드벤처 :수수께끼로 배우는 교과 지식,원작: 흔한남매 ;그림: 도니패밀리,미래엔,26333,153,388,비문학
9791190409261 ,똥볶이 할멈 :K-히어로 판타지,글: 강효미 ;그림: 김무연,따끈따끈책방,26322,135,813.7,문학
9791168341180 ,야옹이 수영 교실 ,신현경 글 ;노예지 그림,인플루엔셜,26312,146,813.7,문학
9788956604992 ,7년의 밤 :정유정 장편소설 ,지은이: 정유정,은행나무,26296,150,813.7,문학
9791198243430 ,(5천년 역사가 단숨에 이해되는) 최소한의 한국사 ,최태성 지음,프런트페이지,26218,123,911,비문학
9791164135738 ,에그박사 :Egg&bugs,원작: 에그박사 ;그림: 홍종현,미래엔,26109,142,472,비문학
9791191061048 ,언젠가 우리가 같은 별을 바라본다면 :차인표 장편소설 ,글: 차인표,해결책,26105,249,813.7,문학
9791168414075 ,에그박사 :Egg&bugs,원작: 에그박사 ;그림: 홍종현,미래엔,26082,138,472,비문학
9791168415591 ,(흔한남매) 수수께끼 어드벤처 :수수께끼로 배우는 교과 지식,원작: 흔한남매 ;그림: 도니패밀리,미래엔,25954,160,388,비문학
9791164136438 ,에그박사 :Egg&bugs,원작: 에그박사 ;그림: 홍종현,미래엔,25919,140,472,비문학
9791188862290 ,지구에서 한아뿐 :정세랑 장편소설 ,지은이: 정세랑,난다,25833,170,813.7,문학
9791164137435 ,에그박사 :Egg&bugs,원작: 에그박사 ;그림: 홍종현,미래엔,25829,143,472,비문학
9791198173898 ,비가 오면 열리는 상점 =유영광 장편소설 /The rainbow goblin store ,지은이: 유영광,클레이하우스,25820,320,813.7,문학
9788957365793 ,(EBS 다큐프라임) 자본주의 ,EBS MEDIA 기획 ;EBS <자본주의> 제작팀 지음,가나문화콘텐츠,25782,167,322.01,비문학
9791168410930 ,흔한남매 오해요 :귀염 뽀짝 부캐들과 펼치는 초단편 콩트 만화 ,원작: 흔한남매 ;그림: 유난희,미래엔,25774,169,810,문학
9791168416840 ,에그박사 :Egg&bugs,원작: 에그박사 ;그림: 홍종현,미래엔,25768,151,472,비문학
9791198530325 ,메리골드 마음 사진관 =윤정은 장편소설 /Marigold mind photo studio ,글: 윤정은,책읽어주는남자,25708,261,813.7,문학
9791130679990 ,낭만 강아지 봉봉,홍민정 글 ;김무연 그림,다산북스,25636,159,813.7,문학
9791168412279 ,에그박사 :Egg&bugs,원작: 에그박사 ;그림: 홍종현,미래엔,25567,147,472,비문학
9791196025809 ,설민석의 한국사 대모험,"글: 설민석,그림: 정현희",휴먼큐브,25500,144,911,비문학
9788936437978 ,대도시의 사랑법 :박상영 연작소설 ,지은이: 박상영,창비,25384,152,813.7,문학
9791130635712 ,흔한남매 불꽃 튀는 우리말 1 - 초등 국어 고수 되기 프로젝트,흔한남매 (원작)|한은호,다산어린이,25369,126,None,비문학
9791164139750 ,에그박사 :Egg&bugs,원작: 에그박사 ;그림: 홍종현,미래엔,25298,150,472,비문학
9791168415331 ,흔한남매 이상한 나라의 고전 읽기,최재훈 글 ;정주연 그림,미래엔,25124,118,813.5,문학
9791168414921 ,(흔한남매) 수수께끼 어드벤처 :수수께끼로 배우는 교과 지식,원작: 흔한남매 ;그림: 도니패밀리,미래엔,25109,185,388,비문학
9791164134649 ,(흔한남매) 안 흔한 일기,흔한남매 원작 ;조병주 그림,미래엔,24997,163,816.7,문학
9791170610359 ,시대예보 :핵개인의 시대 =Forecast of the times : era of nuclear individuals ,저자: 송길영,교보문고,24849,430,331.544,비문학
9791158883591 ,부자 아빠 가난한 아빠 :20주년 특별 기념판 ,지은이: 로버트 기요사키 ;옮긴이: 안진환,민음인,24768,149,327.04,비문학
9791192483191 ,눈에 갇힌 외딴 산장에서,"히가시노 게이고 (지은이), 김난주 (옮긴이)",재인,24625,414,None,비문학
9791165344009 ,(서울 자가에 대기업 다니는) 김 부장 이야기 ,송희구 지음,서삼독,24610,132,325.04,비문학
9791164137176 ,(흔한남매) 별난 방탈출 :탈출 미션 스토리북,흔한남매 원작 ;차차 그림,미래엔,24603,181,691,비문학
9791164060481 ,(이상한 과자 가게) 전천당,히로시마 레이코 글 ;김정화 옮김,길벗스쿨,24592,158,833.6,문학
9791130637594 ,흔한남매 불꽃 튀는 우리말 :초등 국어 고수 되기 프로젝트,원작: 흔한남매 ;그림: 유희석,다산북스,24591,139,710,비문학
9788954641630 ,쇼코의 미소 :최은영 소설 ,지은이: 최은영,문학동네,24489,134,813.7,문학
9791165344221 ,(서울 자가에 대기업 다니는) 김 부장 이야기 ,송희구 지음,서삼독,24447,136,325.04,비문학
9788983711892 ,코스모스 :특별판 ,칼 세이건 지음 ;홍승수 옮김,사이언스북스,24438,120,443.1,비문학
9791130640280 ,흔한남매 불꽃 튀는 우리말 :초등 국어 고수 되기 프로젝트,원작: 흔한남매 ;그림: 유희석,다산북스,24417,151,710,비문학
9791190174756 ,"칵테일, 러브, 좀비 ",지은이: 조예은,안전가옥,24414,176,813.7,문학
9788932473901 ,이기적 유전자 ,리처드 도킨스 지음 ;이상임 옮김,을유문화사,24290,188,491.51,비문학
9788934905851 ,흔한남매 과학 탐험대,원작: 흔한남매 ;임혜영,김영사,24259,131,400,비문학
9788964964767 ,오싹오싹 크레용! ,글: 에런 레이놀즈 ;옮김: 홍연미,토토북,24044,187,843,문학
9791167140722 ,황금종이 :조정래 장편소설 ,저자: 조정래,해냄(해냄출판사),24006,43,813.62,문학
9791164135158 ,(흔한남매) 안 흔한 일기,흔한남매 원작 ;조병주 그림,미래엔,23928,178,816.7,문학
9791193506516 ,(2500년 동안 사랑받은) 초역 부처의 말 :행복으로 가는 길은 없다 행복이 곧 길이다 ,코이케 류노스케 지음 ;박재현 옮김,콘텐츠그룹 포레스트,23818,19,224.2,비문학
9791164137879 ,(흔한남매) 별난 방탈출 :탈출 미션 스토리북,흔한남매 원작 ;차차 그림,미래엔,23797,205,691,비문학
9788934938224 ,흔한남매 과학 탐험대,원작: 흔한남매 ;임혜영,김영사,23791,172,400,비문학
9791130689890 ,내가 틀릴 수도 있습니다 =숲속의 현자가 전하는 마지막 인생수업 /I may be wrong ,비욘 나티코 린데블라드 지음 ;박미경 옮김,다산북스,23756,206,220.4,비문학
9791168410541 ,(흔한남매) 별난 방탈출 :탈출 미션 스토리북,흔한남매 원작 ;차차 그림,미래엔,23717,209,691,비문학
9791130641607 ,흔한남매 불꽃 튀는 우리말 :초등 국어 고수 되기 프로젝트,원작: 흔한남매 ;그림: 유희석,다산북스,23589,161,710,비문학
9791198682505 ,나를 소모하지 않는 현명한 태도에 관하여 ,마티아스 뇔케 지음 ;이미옥 옮김,퍼스트펭귄,23448,125,189.2,비문학
9788930041683 ,허송세월 :김훈 산문 ,지은이: 김훈,나남,23391,123,814.62,문학
9788936447014 ,아홉 살 마음 사전 ,박성우 글 ;김효은 그림,창비,23362,226,181,비문학
9791192300245 ,마흔에 읽는 니체 =지금 이순간을 살기 위한 철학 수업 /Nietzsche ,장재형 지음,유노콘텐츠그룹,23327,131,165.77,비문학
9791168417656 ,(흔한남매) 수수께끼 어드벤처 :수수께끼로 배우는 교과 지식,원작: 흔한남매 ;그림: 도니패밀리,미래엔,23315,167,388,비문학
9791168340541 ,파친코 :이민진 장편소설 ,지은이: 이민진 ;옮긴이: 신승미,인플루엔셜,23237,162,843.6,문학
9791168416628 ,(흔한남매) 별난 세계 여행,흔한남매 원작 ;정주연 그림,미래엔,23236,181,980.2,비문학
9791164138715 ,(흔한남매) 별난 방탈출 :탈출 미션 스토리북,흔한남매 원작 ;차차 그림,미래엔,23160,226,691,비문학
9788954655972 ,여행의 이유 :김영하 산문 ,지은이: 김영하,문학동네,23086,198,816.62,문학
9791164137053 ,(추리 천재) 엉덩이 탐정,트롤 글·그림 ;김정화 옮김,미래엔,23059,175,833.6,문학
9791168417984 ,에그박사 :Egg&bugs,원작: 에그박사 ;그림: 홍종현,미래엔,23041,134,472,비문학
9791130649672 ,흐르는 강물처럼,"셸리 리드 (지은이), 김보람 (옮긴이)",다산책방,23022,172,None,비문학
9791168122369 ,놓지 마 과학!,"글·그림: 신태훈,나승훈",위즈덤하우스,22997,221,408,비문학
9791130622590 ,낭만 강아지 봉봉,홍민정 글 ;김무연 그림,다산북스,22950,201,813.7,문학
9791196232160 ,설민석의 한국사 대모험,"글: 설민석,그림: 정현희",휴먼큐브,22816,188,911,비문학
9791164136223 ,(흔한남매) 안 흔한 일기,흔한남매 원작 ;조병주 그림,미래엔,22772,211,816.7,문학
9791168411692 ,(흔한남매) 별난 방탈출 :탈출 미션 스토리북,흔한남매 원작 ;차차 그림,미래엔,22750,249,691,비문학
9791168418844 ,흔한남매,원작: 흔한남매 ;그림: 유난희,미래엔,22748,35,810,문학
9788964963678 ,오싹오싹 팬티! ,글: 에런 레이놀즈 ;옮김: 홍연미,토토북,22711,227,843,문학
9791196025847 ,설민석의 한국사 대모험,"글: 설민석,그림: 정현희",휴먼큐브,22694,192,911,비문학
9791166686665 ,저주토끼 (리커버),정보라 (지은이),아작,22612,213,None,비문학
9788954688796 ,가녀장의 시대 :이슬아 장편소설 ,지은이: 이슬아,문학동네,22512,156,813.7,문학
9788970128337 ,달리기를 말할 때 내가 하고 싶은 이야기 =What I talk about when I talk about running ,무라카미 하루키 지음 ;임홍빈 옮김,문학사상,22491,201,834,문학
9791140707492 ,(처음부터 시작하는) 주식투자 단타전략 =Stock investment ,홍인기 지음,길벗,22486,216,327.856,비문학
9791196025861 ,설민석의 한국사 대모험,"글: 설민석,그림: 정현희",휴먼큐브,22470,194,911,비문학
9791164134090 ,(추리 천재) 엉덩이 탐정,트롤 글·그림 ;김정화 옮김,미래엔,22384,197,833.6,문학
9791130693927 ,작은 땅의 야수들 :김주혜 장편소설 ,지은이: 김주혜 ;옮긴이: 박소현,다산북스,22373,128,843.6,문학
9791162041376 ,호랑이 빵집,글: 서지원 ;그림: 홍그림,지학사,22323,262,813.7,문학
9791168415188 ,슈뻘맨의 숨은 과학 찾기 :엉뚱 도전 속에 숨은 과학 상식,슈뻘맨 원작 ;류수형 그림,미래엔,22290,206,400,비문학
9791168126336 ,놓지 마 과학!,"글·그림: 신태훈,나승훈",위즈덤하우스,22268,237,408,비문학
9791168415171 ,슈뻘맨의 숨은 과학 찾기 :엉뚱 도전 속에 숨은 과학 상식,슈뻘맨 원작 ;류수형 그림,미래엔,22242,203,400,비문학
9791130679266 ,흔한남매 불꽃 튀는 우리말 5 - 초등 국어 고수 되기 프로젝트,"한은호 (지은이), 흔한남매 (원작), 유희석 (그림), 흔한컴퍼니 (감수)",다산어린이,22230,202,None,비문학
9791191587524 ,파견자들 :김초엽 장편소설 ,지은이: 김초엽,퍼블리온,22228,169,813.7,문학
9791168341890 ,제철 행복 :김신지 에세이 ,지은이: 김신지,인플루엔셜,22224,113,818,문학
9791168121065 ,오백 년째 열다섯 :김혜정 장편소설 ,글: 김혜정,위즈덤하우스,22182,245,813.7,문학
9791198511577 ,똥볶이 할멈 :K-히어로 판타지,글: 강효미 ;그림: 김무연,따끈따끈책방,22182,154,813.7,문학
9788934965404 ,국어 잘하는 아이가 이깁니다 :'갓민애' 교수의 초등 국어 달인 만들기 ,나민애 지음,김영사,22064,214,375.471,비문학
9791193031025 ,설민석의 한국사 대모험,"글: 설민석,그림: 정현희",Dankkum i(단꿈아이),22014,203,911,비문학
9788954651820 ,내게 무해한 사람 :최은영 소설 ,지은이: 최은영,문학동네,21976,193,813.7,문학
9791192579887 ,바다가 들리는 편의점,마치다 소노코 지음 ;황국영 옮김,오팬하우스,21918,122,833.6,문학
9791188469994 ,당신은 결국 무엇이든 해내는 사람 :김상현 에세이 ,지은이: 김상현,필름(필름출판사),21910,168,818,문학
9791138483049 ,녹나무의 여신 ,저자: 히가시노 게이고 ;옮긴이: 양윤옥,소미미디어,21900,213,833.6,문학
9788936456894 ,페인트 :이희영 장편소설 ,지은이: 이희영,창비,21883,232,813.7,문학
9788937838750 ,(추리 천재) 엉덩이 탐정,트롤 글·그림 ;김정화 옮김,미래엔,21879,223,833.6,문학
9791190630184 ,놓지 마 과학!,"글·그림: 신태훈,나승훈",위즈덤하우스,21826,267,408,비문학
9791198179913 ,설민석의 한국사 대모험,"글: 설민석,그림: 정현희",Dankkum i(단꿈아이),21802,215,911,비문학
9788901271323 ,태양 왕 수바 :이지은 그림책 ,글·그림: 이지은,웅진씽크빅,21769,184,813.7,문학
9791168127531 ,"최민준의 아들코칭 백과 :기질 파악부터 말공부, 사회성, 감정코칭까지 ",최민준 글 ;신예원 그림,위즈덤하우스,21765,155,598.132,비문학
9791198682550 ,너에게 들려주는 단단한 말 ,김종원 지음,퍼스트펭귄,21762,316,199,비문학
9791191496642 ,설민석의 한국사 대모험,"글: 설민석,그림: 정현희",Dankkum i(단꿈아이),21756,219,911,비문학
9791190305310 ,놓지 마 과학!,"글·그림: 신태훈,나승훈",위즈덤하우스,21734,260,408,비문학
9791196222628 ,회색 인간 ,지은이: 김동식,요다,21729,269,813.7,문학
9791190157551 ,하우스 메이드 ,프리다 맥파든 지음 ;김은영 옮김,Book Plaza(북플라자),21709,209,843.6,문학
9788936455484 ,당근 유치원 ,지은이: 안녕달,창비,21708,248,813.7,문학
9788954683371 ,H마트에서 울다 ,미셸 자우너 지음 ;정혜윤 옮김,문학동네,21708,180,848,문학
9791168120266 ,놓지 마 과학!,"글·그림: 신태훈,나승훈",위즈덤하우스,21645,272,408,비문학
9791193939130 ,고전이 답했다 :마땅히 살아야 할 삶에 대하여 ,고명환 지음,라곰,21617,157,199.1,비문학
9791130644318 ,낭만 강아지 봉봉,홍민정 글 ;김무연 그림,다산북스,21587,196,813.7,문학
9791193031094 ,설민석의 한국사 대모험,"글: 설민석,그림: 정현희",Dankkum i(단꿈아이),21578,208,911,비문학
9791168340855 ,내면소통 =삶의 변화를 가져오는 마음근력 훈련/Inner communication,김주환 지음,인플루엔셜,21543,179,189.1,비문학
9791190908184 ,놓지 마 과학!,"글·그림: 신태훈,나승훈",위즈덤하우스,21503,263,408,비문학
9791130696577 ,낭만 강아지 봉봉,홍민정 글 ;김무연 그림,다산북스,21499,220,813.7,문학
9791162339466 ,(추리 천재) 엉덩이 탐정,트롤 글·그림 ;김정화 옮김,미래엔,21475,217,833.6,문학
9791191496208 ,설민석의 한국사 대모험,"글: 설민석,그림: 정현희",Dankkum i(단꿈아이),21465,241,911,비문학
9791197226199 ,설민석의 삼국지 대모험,원작: 나관중 ;만화: 스튜디오 담,Dankkum i(단꿈아이),21433,277,823.5,문학
9791164131914 ,(추리 천재) 엉덩이 탐정,트롤 글·그림 ;김정화 옮김,미래엔,21418,231,833.6,문학
9788954699914 ,하얼빈 :김훈 장편소설 ,지은이: 김훈,문학동네,21418,344,813.62,문학
9791191496604 ,설민석의 한국사 대모험,"글: 설민석,그림: 정현희",Dankkum i(단꿈아이),21416,240,911,비문학
9791164136452 ,공정하다는 착각 :능력주의는 모두에게 같은 기회를 제공하는가 ,마이클 샌델 지음 ;함규진 옮김,미래엔,21403,234,332.6,비문학
9791191766318 ,놓지 마 과학!,"글·그림: 신태훈,나승훈",위즈덤하우스,21386,273,408,비문학
9791190182737 ,놓지 마 과학!,"글·그림: 신태훈,나승훈",위즈덤하우스,21344,271,408,비문학
9791192836188 ,문과 남자의 과학 공부 :나는 무엇이고 왜 존재하며 어디로 가는가? ,유시민 지음,돌베개,21300,364,404,비문학
9788937853470 ,(추리 천재) 엉덩이 탐정,트롤 글·그림 ;김정화 옮김,미래엔,21192,246,833.6,문학
9791167390615 ,신기한 맛 도깨비 식당,"김용세,센개 그림",꿈터,21187,266,813.7,문학
9791168417786 ,슈뻘맨의 숨은 과학 찾기 :엉뚱 도전 속에 숨은 과학 상식,슈뻘맨 원작 ;류수형 그림,미래엔,21101,200,400,비문학
9791193031100 ,설민석의 한국사 대모험,"글: 설민석,그림: 정현희",Dankkum i(단꿈아이),21086,275,911,비문학
9791197221989 ,"첫 여름, 완주 :김금희 장편소설 ",저자 : 김금희,무제,21079,113,813.7,문학
9791192504230 ,백앤아 :교양이 층층 쌓이는 점프 맵,원작: 백앤아 ;그림: 돌만,샌드박스네트워크,21075,284,031,비문학
9788937454820 ,귀신들의 땅 :천쓰홍 장편 소설 ,지은이: 천쓰홍 ;옮긴이: 김태성,민음사,21075,254,823.7,문학
9791165382940 ,설민석의 한국사 대모험,"글: 설민석,그림: 정현희",휴먼큐브,21031,229,911,비문학
9788954442695 ,삼체 =The three body ,류츠신 지음 ;허유영 옮김,자음과모음,21029,248,823.7,문학
9791188874293 ,설민석의 한국사 대모험,"글: 설민석,그림: 정현희",휴먼큐브,20951,256,911,비문학
9791167140739 ,황금종이 :조정래 장편소설 ,저자: 조정래,해냄(해냄출판사),20906,61,813.62,문학
9791165075064 ,녹나무의 파수꾼 =The camphorwood custodian ,저자: 히가시노 게이고 ;옮긴이: 양윤옥,소미미디어,20902,261,833.6,문학
9791164060498 ,(이상한 과자 가게) 전천당,히로시마 레이코 글 ;김정화 옮김,길벗스쿨,20894,243,833.6,문학
9791188874262 ,설민석의 한국사 대모험,"글: 설민석,그림: 정현희",휴먼큐브,20894,233,911,비문학
9788936429010 ,건전지 엄마 :강인숙·전승배 그림책 ,"지은이: 강인숙,전승배",창비,20883,249,813.7,문학
9791197647666 ,기분이 태도가 되지 말자 :감정조절이 필요한 당신을 위한 책 ,김수현 지음,H(하이스트 출판사),20831,183,818,문학
9788937889714 ,(추리 천재) 엉덩이 탐정,트롤 글·그림 ;김정화 옮김,미래엔,20795,247,833.6,문학
9791197413025 ,다정한 것이 살아남는다 ,"지은이: 브라이언 헤어,옮긴이: 이민아",디플롯,20785,200,182.4,비문학
9788997962129 ,망원동 브라더스 :김호연 장편소설 ,지은이: 김호연,나무옆의자,20738,182,813.7,문학
9791169083812 ,분실물이 돌아왔습니다 :김혜정 장편소설 ,지은이: 김혜정,밀리의서재,20669,278,813.7,문학
9788990982704 ,용의자 X의 헌신 ,히가시노 게이고 지음 ;양억관 옮김,재인,20663,256,833.6,문학
9788954691154 ,고요한 우연 :김수빈 장편소설 ,글쓴이: 김수빈,문학동네,20633,288,813.7,문학
9791167902573 ,마녀와의 7일 :히가시노 게이고 장편소설 ,지은이: 히가시노 게이고 ;옮긴이: 양윤옥,현대문학,20588,163,833.6,문학
9791167372864 ,구의 증명 ,최진영 지음,은행나무,20586,233,813.7,문학
9788965965046 ,도파민네이션 :쾌락 과잉 시대에서 균형 찾기 ,애나 렘키 지음 ;김두완 옮김,흐름출판,20581,148,181.71,비문학
9791192625553 ,당신의 인생이 왜 힘들지 않아야 한다고 생각하십니까 :쇼펜하우어 아포리즘 ,아르투어 쇼펜하우어 지음 ;김욱 편역,콘텐츠그룹 포레스트,20559,620,165.47,비문학
9791158512767 ,1%를 읽는 힘 :세상의 정보를 연결해서 기회를 포작하는 생각 혁신 ,메르 지음,토네이도미디어그룹,20554,212,327.8,비문학
9788954622035 ,살인자의 기억법 :김영하 장편소설 ,지은이: 김영하,문학동네,20466,310,813.62,문학
9791170611028 ,누굴 죽였을까 :정해연 장편소설 ,지은이: 정해연,교보문고,20462,282,813.7,문학
9788937848247 ,(추리 천재) 엉덩이 탐정,트롤 글·그림 ;김정화 옮김,미래엔,20414,254,833.6,문학
9788966351985 ,늪 100층짜리 집 ,글·그림: 이와이 도시오 ;옮김: 김숙,북뱅크,20387,212,833.6,문학
9791192504216 ,백앤아 1 : 미스터리 100층 감옥 - 교양이 층층 쌓이는 점프 맵,"백앤아 (원작), 안성훈 (글), 돌만 (그림)",샌드박스스토리 키즈,20343,317,None,비문학
9788950973759 ,곰탕 :김영탁 장편소설 ,지은이: 김영탁,Arte(아르테),20329,302,813.7,문학
9791162332542 ,(추리 천재) 엉덩이 탐정,트롤 글·그림 ;김정화 옮김,미래엔,20301,258,833.6,문학
9788936429232 ,당근 할머니 :안녕달 그림책 ,지은이: 안녕달,창비,20272,215,813.7,문학
9791192504261 ,백앤아 :교양이 층층 쌓이는 점프 맵,원작: 백앤아 ;그림: 돌만,샌드박스네트워크,20257,322,031,비문학
9791191496024 ,설민석의 삼국지 대모험,원작: 나관중 ;만화: 스튜디오 담,Dankkum i(단꿈아이),20160,321,823.5,문학
9791169850445 ,남에게 보여주려고 인생을 낭비하지 마라 :쇼펜하우어 소품집 ,아르투어 쇼펜하우어 지음 ;박제헌 옮김,Page2(페이지2북스),20097,659,165.47,비문학
9791165382841 ,설민석의 한국사 대모험,"글: 설민석,그림: 정현희",휴먼큐브,20087,268,911,비문학
9791160408331 ,트로피컬 나이트 =조예은 소설집 /Tropical night ,지은이: 조예은,한겨레엔,20085,266,813.7,문학
9791162335123 ,(추리 천재) 엉덩이 탐정,트롤 글·그림 ;김정화 옮김,미래엔,19991,264,833.6,문학
9791171171989 ,나는 배당투자로 매일 스타벅스 커피를 공짜로 마신다 :평생 월 500만 원씩 버는 30일 기적의 배당 파이브라인 공략집 ,송민섭 지음,21세기북스(북이십일 21세기북스),19911,238,327.856,비문학
9791194330424 ,"넥서스 :석기시대부터 AI까지, 정보 네트워크로 보는 인류 역사 ",지은이: 유발 하라리 ;옮긴이: 김명주,김영사,19903,160,331.5412,비문학
9791130697529 ,거인의 노트 :인생에서 무엇을 보고 어떻게 기록할 것인가 ,김익한 지음,다산북스,19862,191,325.211,비문학
9788996991342 ,미움받을 용기 :자유롭고 행복한 삶을 위한 아들러의 가르침 ,"기시미 이치로,전경아 옮김",인플루엔셜,19859,284,189.2,비문학
9791130648040 ,낭만 강아지 봉봉,홍민정 글 ;김무연 그림,다산북스,19853,292,813.7,문학
9788982819278 ,고래:천명관 장편소설,천명관 지음,문학동네,19839,252,813.6,문학
9788936455965 ,겨울 이불 :안녕달 그림책 ,지은이: 안녕달,창비,19828,280,813.7,문학
9791191043723 ,"어느 날, 내 죽음에 네가 들어왔다 ",세이카 료겐 지음 ;김윤경 옮김,바이포엠 스튜디오,19753,251,833.6,문학
9788934985068 ,팩트풀니스 :우리가 세상을 오해하는 10가지 이유와 세상이 생각보다 괜찮은 이유 ,"지은이: 한스 로슬링,옮긴이: 이창신",김영사,19728,252,331.1,비문학
9788936477196 ,선량한 차별주의자 ,김지혜 지음,창비,19711,295,334,비문학
9788936454951 ,할머니의 여름휴가,안녕달,창비,19673,328,813.8,문학
9791168341029 ,변비 탐정 실룩,이나영 글 ;박소연 그림,인플루엔셜,19604,309,813.7,문학
9791162041512 ,호랑이 빵집,글: 서지원 ;그림: 홍그림,지학사,19596,362,813.7,문학
9791191824216 ,이끼숲 :천선란 연작소설 ,지은이: 천선란 ;일러스트: 점선면,자이언트북스,19541,340,813.7,문학
9791188874088 ,설민석의 한국사 대모험,"글: 설민석,그림: 정현희",휴먼큐브,19473,287,911,비문학
9788957361900 ,의사 어벤저스 :어린이 의학 동화,글: 고희정 ;그림: 조승연,가나문화콘텐츠,19469,362,510,비문학
9791193031452 ,설민석의 한국사 대모험,"글: 설민석,그림: 정현희",Dankkum i(단꿈아이),19462,295,911,비문학
9791162041475 ,후덜덜 식당 ,글: 강효미 ;그림: 유영근,지학사,19417,347,813.7,문학
9791171711987 ,용의자들 :정해연 장편소설 ,지은이: 정해연,위즈덤하우스,19327,239,813.7,문학
9791160946673 ,이파라파냐무냐무 :이지은 그림책 ,글·그림: 이지은,사계절(사계절출판사),19299,320,813.7,문학
9791188874460 ,설민석의 한국사 대모험,"글: 설민석,그림: 정현희",휴먼큐브,19229,289,911,비문학
9791198013026 ,(이미 늦었다고 생각하는 당신을 위한) 김미경의 마흔 수업 ,김미경 지음,엠케이유니버스,19205,838,325.211,비문학
9791173114038 ,흔한남매,원작: 흔한남매 ;그림: 유난희,미래엔,19197,112,810,문학
9788950983079 ,정재승의 인간 탐구 보고서,"글: 정재은,특대호 원고: 오경은",아울북(북이십일 아울북),19150,326,511,비문학
9791193080146 ,느리게 나이 드는 습관 :노년내과 의사가 알려주는 감속노화 실천법 ,정희원 지음,한빛라이프,19141,141,511.1689,비문학
9788950971373 ,그리스 로마 신화,"글: 김민희,정보 글: 강대진",아울북(북이십일 아울북),19131,318,219,비문학
9788990982575 ,가면산장 살인사건 ,지은이: 히가시노 게이고 ;옮긴이: 김난주,재인,19082,344,833.6,문학
9788901272580 ,역행자 :확장판 ,자청 지음,웅진씽크빅,19044,190,325.211,비문학
9791165383053 ,설민석의 한국사 대모험,"글: 설민석,그림: 정현희",휴먼큐브,18956,294,911,비문학
9791158364120 ,꽁꽁꽁 캠핑 :윤정주 그림책 ,윤정주,책읽는곰,18951,285,813.7,문학
9788950903138 ,마법천자문 :손오공의 한자 대탐험,"저자: 스튜디오시리얼,정수영",아울북,18896,313,711.4,비문학
9788954685030 ,훌훌 :문경민 장편소설 ,지은이: 문경민,문학동네,18893,291,813.7,문학
9791165382704 ,설민석의 한국사 대모험,"글: 설민석,그림: 정현희",휴먼큐브,18866,300,911,비문학
9791136273796 ,흔한남매 흔한 MBTI - 믿거나 말거나 나에게 어울리는 직업,"김승자, 정미화 (지은이), 흔한남매 (원작), 투윙스, 유영근 (그림), 흔한컴퍼니 (감수)",대원키즈,18808,330,None,비문학
9791130621968 ,역사의 쓸모 :자유롭고 떳떳한 삶을 위한 22가지 통찰 ,최태성 지음,다산북스,18716,306,904,비문학
9791165382674 ,설민석의 한국사 대모험,"글: 설민석,그림: 정현희",휴먼큐브,18711,307,911,비문학
9788966351411 ,숲속 100층짜리 집 ,글·그림: 이와이 도시오 ;옮김: 김숙,북뱅크,18710,399,833.6,문학
9791193282045 ,쇼펜하우어 인생수업 :한 번뿐인 삶 이렇게 살아라 ,쇼펜하우어 저 ;김지민 엮음,Highest(하이스트),18709,234,165.47,비문학
9791168341340 ,변비 탐정 실룩,이나영 글 ;박소연 그림,인플루엔셜,18677,342,813.7,문학
9791192403076 ,"여기는 커스터드, 특별한 도시락을 팝니다 ",가토 겐 지음 ;양지윤 옮김,필름(필름 출판사),18675,302,833.6,문학
9791169811163 ,호랭떡집 ,글·그림: 서현,사계절(사계절출판사),18660,305,813.7,문학
9791196893118 ,설민석의 세계사 대모험,"글: 설민석,그림: 박성일",단꿈아이,18655,334,909,비문학
9791164135226 ,(처음 읽는) 그리스 로마 신화 =First Greek mythology,글: 최설희 ;그림: 한현동,미래엔,18594,406,219,비문학
9791165382650 ,설민석의 한국사 대모험,"글: 설민석,그림: 정현희",휴먼큐브,18583,299,911,비문학
9791192504278 ,백앤아 :교양이 층층 쌓이는 점프 맵,원작: 백앤아 ;그림: 돌만,샌드박스네트워크,18545,337,031,비문학
9788954674638 ,5번 레인 ,은소홀 글 ;노인경 그림,문학동네,18504,307,813.7,문학
9791188874385 ,설민석의 한국사 대모험,"글: 설민석,그림: 정현희",휴먼큐브,18502,316,911,비문학
9791165345204 ,책들의 부엌 :김지혜 장편소설 ,지은이: 김지혜,팩토리나인,18476,252,813.7,문학
9788936448097 ,위풍당당 여우 꼬리,손원평 글 ;만물상 그림,창비,18461,381,813.7,문학
9791198553317 ,내 몸 혁명 :뱃살과 질병 없이 살려면 숫자보다 몸을 바꿔라 ,박용우 지음,루미너스,18422,199,517.52,비문학
9791191496048 ,설민석의 삼국지 대모험,원작: 나관중 ;만화: 스튜디오 담,Dankkum i(단꿈아이),18381,400,823.5,문학
9791167390646 ,신기한 맛 도깨비 식당,"김용세,센개 그림",꿈터,18368,353,813.7,문학
9791170400523 ,이어령의 마지막 수업 ,김지수 지음,열림원,18342,298,199.1,비문학
9788936448752 ,고양이 해결사 깜냥,홍민정 동화 ;김재희 그림,창비,18287,146,813.7,문학
9788950971380 ,그리스 로마 신화,"글: 김민희,정보 글: 강대진",아울북(북이십일 아울북),18246,357,219,비문학
9791188874149 ,설민석의 한국사 대모험,"글: 설민석,그림: 정현희",휴먼큐브,18226,314,911,비문학
9791164060931 ,(이상한 과자 가게) 전천당,히로시마 레이코 글 ;김정화 옮김,길벗스쿨,18218,315,833.6,문학
9791193031636 ,설민석의 한국사 대모험,"글: 설민석,그림: 정현희",Dankkum i(단꿈아이),18184,252,911,비문학
9791191496628 ,(설민석의) 그리스 로마 신화 대모험,"글: 설민석,스튜디오 담",Dankkum i(단꿈아이),18165,421,219,비문학
9788968331862 ,방구석 미술관 :가볍고 편하게 시작하는 유쾌한 교양 미술 ,조원재 지음,백도씨,18146,348,650.4,비문학
9791196893170 ,설민석의 세계사 대모험,"글: 설민석,그림: 박성일",단꿈아이,18002,367,909,비문학
9791198026811 ,"10대를 위한 총균쇠 수업 :gun, germs, and steel ",김정진 지음,넥스트씨,17998,279,389,비문학
9791158682798 ,(읽으면서 바로 써먹는) 어린이 세계 여행 ,글·그림: 한날,파란정원,17997,405,980,비문학
9791164135851 ,(처음 읽는) 그리스 로마 신화 =First Greek mythology,글: 최설희 ;그림: 한현동,미래엔,17971,434,219,비문학
9788952776372 ,리틀 라이프 :한야 야나기하라 장편소설,지은이: 한야 야나기하라 ;옮긴이: 권진아,시공사,17938,374,843.6,문학
9791189352745 ,내가 한 말을 내가 오해하지 않기로 함 ,지은이: 문상훈,위너스북,17930,241,818,문학
9791191043976 ,"오늘 밤, 세계에서 이 눈물이 사라진다 해도 ",이치조 미사키 지음 ;김윤경 옮김,바이포엠 스튜디오,17903,342,833.6,문학
9791165383114 ,설민석의 한국사 대모험,"글: 설민석,그림: 정현희",휴먼큐브,17874,325,911,비문학
9791191496949 ,(설민석의) 그리스 로마 신화 대모험,"글: 설민석,스튜디오 담",Dankkum i(단꿈아이),17867,443,219,비문학
9788966350278 ,바다 100층짜리 집 ,글·그림: 이와이 도시오 ;옮김: 김숙,북뱅크,17851,423,833.6,문학
9791171711451 ,빨간내복야코 맞춤법 절대 안 틀리는 책,빨간내복야코 원작 ;이영아 그림,위즈덤하우스,17846,296,711,비문학
9788950997717 ,마법천자문 :손오공의 한자 대탐험,"저자: 스튜디오시리얼,정수영",아울북,17809,370,711.4,비문학
9788954427173 ,시간을 파는 상점 :김선영 장편소설 ,지은이: 김선영,자음과모음,17801,382,813.7,문학
9791193262184 ,아이가 없는 집 ,지은이: 알렉스 안도릴 ;옮긴이: 유혜인,필름,17770,290,859.7,문학
9791189686710 ,이상한 무인 아이스크림 가게 ,서아람 글 ;안병현 그림,라곰스쿨,17725,398,813.7,문학
9791190786508 ,천하무적 개냥이 수사대,이승민 글 ;하민석 그림,위즈덤하우스,17705,406,813.7,문학
9788934935193 ,흔한남매 과학 탐험대,원작: 흔한남매 ;임혜영,김영사,17702,126,400,비문학
9788936439002 ,두고 온 여름 :성해나 소설 ,지은이: 성해나,창비,17675,142,813.7,문학
9791170612759 ,가공범 ,지은이: 히가시노 게이고 ;옮긴이: 김선영,교보문고,17670,15,833.6,문학
9788950983680 ,비밀요원 레너드,글: 박설연 ;그림: 김덕영,북이십일,17663,390,813.7,문학
9791158364083 ,오싹오싹 편의점 :김영진 그림책 ,지은이: 김영진,책읽는곰,17644,349,813.7,문학
9788950971397 ,그리스 로마 신화,"글: 김민희,정보 글: 강대진",아울북(북이십일 아울북),17626,383,219,비문학
9791162203392 ,아가미 :구병모 장편소설 ,지은이: 구병모,위즈덤하우스,17589,463,813.7,문학
9791195522125 ,언어의 온도 :말과 글에는 나름의 따뜻함과 차가움이 있다 ,지은이: 이기주,말글터,17582,425,818,문학
9788950993153 ,마법천자문 :손오공의 한자 대탐험,"저자: 스튜디오시리얼,정수영",아울북,17572,379,711.4,비문학
9791130695723 ,열다섯에 곰이라니 :추정경 장편소설 ,지은이: 추정경,다산북스,17572,359,813.7,문학
9791165382988 ,설민석의 한국사 대모험 18 - 후삼국 편 : 온달의 기묘한 시간 여행,"설민석, 스토리박스 (지은이), 정현희 (그림), 강석화 (감수)",아이휴먼,17550,351,None,비문학
9791169812085 ,츠츠츠츠 :이지은 그림책 ,글·그림: 이지은,사계절(사계절출판사),17525,241,813.7,문학
9791167390837 ,신기한 맛 도깨비 식당,"김용세,센개 그림",꿈터,17390,361,813.7,문학
9791190538510 ,만일 내가 인생을 다시 산다면 :벌써 마흔이 된 당신에게 해 주고 싶은 말들 42 ,김혜남 지음,메이븐,17378,154,199.1,비문학
9788993178692 ,"지리의 힘 :지리는 어떻게 개인의 운명을, 세계사를, 세계 경제를 좌우하는가 ",지은이: 팀 마샬 ;옮긴이: 김미선,사이,17365,322,340.98,비문학
9791196893132 ,설민석의 세계사 대모험,"글: 설민석,그림: 박성일",단꿈아이,17357,408,909,비문학
9788936455668 ,건전지 아빠 :전승배·강인숙 그림책 ,"지은이: 전승배,강인숙",창비,17334,376,813.7,문학
9791168125803 ,오백 년째 열다섯 :김혜정 장편소설,글: 김혜정 ;일러스트: 조현아,위즈덤하우스,17239,483,813.7,문학
9791162041567 ,후덜덜 식당 ,글: 강효미 ;그림: 유영근,지학사,17235,385,813.7,문학
9791167391018 ,신기한 맛 도깨비 식당,"김용세,센개 그림",꿈터,17188,363,813.7,문학
9791192372730 ,"위버멘쉬 :누구의 시선도 아닌, 내 의지대로 살겠다는 선언 ",프리디리히 니체 지음 ;어나니머스 옮김,Rise(떠오름코퍼레이션),17185,24,165.77,비문학
9791167390929 ,신기한 맛 도깨비 식당,"김용세,센개 그림",꿈터,17177,350,813.7,문학
9788950995904 ,마법천자문 :손오공의 한자 대탐험,"저자: 스튜디오시리얼,정수영",아울북,17156,396,711.4,비문학
9788950932435 ,마법천자문 :손오공의 한자 대탐험,"저자: 스튜디오시리얼,정수영",아울북,17148,356,711.4,비문학
9791191496062 ,설민석의 삼국지 대모험,원작: 나관중 ;만화: 스튜디오 담,Dankkum i(단꿈아이),17143,497,823.5,문학
9791188874217 ,설민석의 한국사 대모험,"글: 설민석,그림: 정현희",휴먼큐브,17134,352,911,비문학
9788950942274 ,마법천자문 :손오공의 한자 대탐험,"저자: 스튜디오시리얼,정수영",아울북,17123,386,711.4,비문학
9788936442804 ,푸른 사자 와니니 :이현 장편동화,지은이: 이현 ;그린이: 오윤화,창비,17115,605,813.7,문학
9791158161767 ,이 지랄맞음이 쌓여 축제가 되겠지 :조승리 에세이 ,글: 조승리,달 출판사,17107,230,818,문학
9791158682538 ,(읽으면서 바로 써먹는) 어린이 맞춤법 행성 ,글·그림: 한날,파란정원,17106,436,711,비문학
9791198179982 ,(설민석의) 그리스 로마 신화 대모험,"글: 설민석,스튜디오 담",Dankkum i(단꿈아이),17074,489,219,비문학
9788901280684 ,찌그러져도 동그라미입니다 :김창완 에세이 ,지은이: 김창완,웅진씽크빅,17002,239,818,문학
9791171171019 ,물리박사 김상욱의 수상한 연구실 :어린이를 위한 세상의 모든 과학,글: 김하연 ;그림: 정순규,아울북(북이십일 아울북),16990,449,420,비문학
9791196893187 ,설민석의 세계사 대모험,"글: 설민석,그림: 박성일",단꿈아이,16961,437,909,비문학
9791171172825 ,마법천자문 :손오공의 한자 대탐험,"저자: 스튜디오시리얼,정수영",아울북,16951,490,711.4,비문학
9791168419018 ,흔한남매의 흔한 호기심 :일상에서 만나는 과학 상식,원작: 흔한남매 ;그림: 유난희,미래엔,16946,112,400,비문학
9791192483207 ,금단의 마술,"히가시노 게이고 (지은이), 김난주 (옮긴이)",재인,16944,177,None,비문학
9791164138920 ,(처음 읽는) 그리스 로마 신화 =First Greek mythology,글: 최설희 ;그림: 한현동,미래엔,16933,478,219,비문학
9791193128428 ,"(펼치는 순간 단숨에 6,000년 역사가 읽히는) 요즘 어른을 위한 최소한의 세계사 ",임소미 지음,빅피시,16931,160,909,비문학
9791164067183 ,(이상한 과자 가게) 전천당,히로시마 레이코 글 ;김정화 옮김,길벗스쿨,16919,435,833.6,문학
9788937460449 ,데미안 ,지은이: 헤르만 헤세 ;옮긴이: 전영애,민음사,16899,391,853,문학
9788950976118 ,Go go 카카오프렌즈 :세계 역사 문화 체험 학습만화,글: 김미영 ;정보글: 최은하,아울북(북이십일 아울북),16852,378,980.2,비문학
9791197578410 ,채사장의 지대넓얕 :지적 대화를 위한 넓고 얕은 지식,"글: 채사장,그림: 정용환",Dolphin Books(돌핀북),16843,446,001,비문학
9791130604626 ,이토록 공부가 재미있어지는 순간 :공부에 지친 청소년들을 위한 힐링 에세이 ,박성혁 지음,다산북스,16840,354,373,비문학
9791193031209 ,(설민석의) 그리스 로마 신화 대모험,"글: 설민석,스튜디오 담",Dankkum i(단꿈아이),16837,521,219,비문학
9788950942694 ,마법천자문 :손오공의 한자 대탐험,"저자: 스튜디오시리얼,정수영",아울북,16826,389,711.4,비문학
9788952736253 ,유괴의 날 :정해연 장편소설 ,지은이: 정해연,시공사,16823,405,813.7,문학
9788950973766 ,곰탕 :김영탁 장편소설 ,지은이: 김영탁,Arte(아르테),16819,480,813.7,문학
9791191496130 ,설민석의 삼국지 대모험,원작: 나관중 ;만화: 스튜디오 담,Dankkum i(단꿈아이),16816,524,823.5,문학
9788950984144 ,Go go 카카오프렌즈 :세계 역사 문화 체험 학습만화,글: 김미영 ;정보글: 최은하,아울북(북이십일 아울북),16788,368,980.2,비문학
9788950970901 ,마법천자문 :손오공의 한자 대탐험,"저자: 스튜디오시리얼,정수영",아울북,16786,375,711.4,비문학
9791164139927 ,(처음 읽는) 그리스 로마 신화 =First Greek mythology,글: 최설희 ;그림: 한현동,미래엔,16767,514,219,비문학
9791168415744 ,(처음 읽는) 그리스 로마 신화 =First Greek mythology,글: 최설희 ;그림: 한현동,미래엔,16756,509,219,비문학
9788950971434 ,그리스 로마 신화,"글: 김민희,정보 글: 강대진",아울북(북이십일 아울북),16739,441,219,비문학
9788936448172 ,위풍당당 여우 꼬리,손원평 글 ;만물상 그림,창비,16736,472,813.7,문학
9788956607030 ,28 :정유정 장편소설 ,지은이: 정유정,은행나무,16731,493,813.7,문학
9791167390691 ,신기한 맛 도깨비 식당,"김용세,센개 그림",꿈터,16725,427,813.7,문학
9791164137893 ,(처음 읽는) 그리스 로마 신화 =First Greek mythology,글: 최설희 ;그림: 한현동,미래엔,16716,515,219,비문학
9791168411333 ,(처음 읽는) 그리스 로마 신화 =First Greek mythology,글: 최설희 ;그림: 한현동,미래엔,16709,527,219,비문학
9788954640718 ,흰 :한강 소설 ,지은이: 한강,문학동네,16691,180,813.62,문학
9788950983086 ,정재승의 인간 탐구 보고서,"글: 정재은,특대호 원고: 오경은",아울북(북이십일 아울북),16678,444,511,비문학
9791168341623 ,(시원하게 도와주는) 북극곰 센터 ,황지영 글 ;박소연 그림,인플루엔셜,16676,455,813.7,문학
9791189015381 ,돌이킬 수 있는 =문목하 장편소설 /Eversible ,지은이: 문목하,아작,16676,482,813.7,문학
9788950971410 ,그리스 로마 신화,"글: 김민희,정보 글: 강대진",아울북(북이십일 아울북),16674,429,219,비문학
9788950983697 ,비밀요원 레너드,글: 박설연 ;그림: 김덕영,북이십일,16667,450,813.7,문학
9791189686826 ,나는 어떻게 삶의 해답을 찾는가 :고명환의 독서 내공 ,지은이: 고명환,라곰,16653,283,029.4,비문학
9788993242706 ,장수탕 선녀님 ,지은이: 백희나,책읽는곰,16643,369,813.7,문학
9788966350759 ,하늘 100층짜리 집 ,글·그림: 이와이 도시오 ;옮김: 김숙,북뱅크,16628,538,833.6,문학
9791189001261 ,설민석의 세계사 대모험,"글: 설민석,그림: 박성일",단꿈아이,16625,399,909,비문학
9791164136667 ,(처음 읽는) 그리스 로마 신화 =First Greek mythology,글: 최설희 ;그림: 한현동,미래엔,16604,538,219,비문학
9788950945565 ,마법천자문 :손오공의 한자 대탐험,"저자: 스튜디오시리얼,정수영",아울북,16599,395,711.4,비문학
9788952791160 ,날씨가 좋으면 찾아가겠어요 :이도우 장편소설 ,지은이: 이도우,시공사,16590,528,813.7,문학
9788950989804 ,마법천자문 :손오공의 한자 대탐험,"저자: 스튜디오시리얼,정수영",아울북,16587,462,711.4,비문학
9788932024639 ,서랍에 저녁을 넣어 두었다 :한강 시집 ,지은이: 한강,문학과지성사,16570,131,811.62,문학
9788965138068 ,그의 운명에 대한 아주 개인적인 생각 ,지은이: 유시민,아름다운사람들,16563,323,340.911,비문학
9791197437311 ,백년허리 :백년 동안 간직할 허리 사용설명서 ,저자: 정선근,언탱글링,16545,499,514.325,비문학
9791198752406 ,나는 다정한 관찰자가 되기로 했다 :불안에 휘둘리지 않는 단단한 태도에 관하여 ,이은경 지음,서교책방,16535,290,598.125,비문학
9788950922955 ,마법천자문 :손오공의 한자 대탐험,"저자: 스튜디오시리얼,정수영",아울북,16456,422,711.4,비문학
9788950984748 ,마법천자문 :손오공의 한자 대탐험,"저자: 스튜디오시리얼,정수영",아울북,16438,475,711.4,비문학
9788950971472 ,그리스 로마 신화,"글: 김민희,정보 글: 강대진",아울북(북이십일 아울북),16436,455,219,비문학
9788950971465 ,그리스 로마 신화,"글: 김민희,정보 글: 강대진",아울북(북이십일 아울북),16427,456,219,비문학
9788950971489 ,그리스 로마 신화,"글: 김민희,정보 글: 강대진",아울북(북이십일 아울북),16426,454,219,비문학
9791159950681 ,엄마 자판기 ,글·그림: 조경희,노란돼지,16423,516,813.7,문학
9788950971427 ,그리스 로마 신화,"글: 김민희,정보 글: 강대진",아울북(북이십일 아울북),16374,470,219,비문학
9788998274931 ,봉제인형 살인사건 :다니엘 콜 장편소설 ,저자: 다니엘 콜 ;옮긴이: 유혜인,Book plaza(북플라자),16374,521,843.6,문학
9791193647646 ,시한부 :백은별 장편소설 ,지은이: 백은별,바른북스,16353,115,813.7,문학
9788950983710 ,비밀요원 레너드,글: 박설연 ;그림: 김덕영,북이십일,16353,508,813.7,문학
9791196893194 ,설민석의 세계사 대모험,"글: 설민석,그림: 박성일",단꿈아이,16345,511,909,비문학
9788937473166 ,해가 지는 곳으로 :최진영 장편소설 ,지은이: 최진영,민음사,16344,466,813.7,문학
9791198809940 ,탕비실 :이미예 소설 ,지은이: 이미예,오팬하우스,16342,243,813.7,문학
9788901232232 ,팥빙수의 전설 :이지은 그림책 ,글·그림: 이지은,웅진씽크빅,16309,491,813.7,문학
9791193031117 ,설민석의 세계사 대모험,"글: 설민석,그림: 박성일",단꿈아이,16290,426,909,비문학
9788950971571 ,그리스 로마 신화,"글: 김민희,정보 글: 강대진",아울북(북이십일 아울북),16273,473,219,비문학
9788950971588 ,그리스 로마 신화,"글: 김민희,정보 글: 강대진",아울북(북이십일 아울북),16265,443,219,비문학
9788950987749 ,마법천자문 :손오공의 한자 대탐험,"저자: 스튜디오시리얼,정수영",아울북,16254,494,711.4,비문학
9788998274795 ,돌이킬 수 없는 약속 :야쿠마루 가쿠 장편소설 ,저자: 야쿠마루 가쿠 ;옮긴이: 김성미,Book plaza(북플라자),16232,415,833.6,문학
9791164139880 ,흔한남매 겨울밤 대소동 :흔한남매 스페셜 에디션 겨울 ,원작: 흔한남매 ;그림: 유난희,미래엔,16222,498,810,문학
9791164065745 ,(이상한 과자 가게) 전천당,히로시마 레이코 글 ;김정화 옮김,길벗스쿨,16207,218,833.6,문학
9791168412712 ,(처음 읽는) 그리스 로마 신화 =First Greek mythology,글: 최설희 ;그림: 한현동,미래엔,16202,566,219,비문학
9791164060948 ,(이상한 과자 가게) 전천당,히로시마 레이코 글 ;김정화 옮김,길벗스쿨,16197,417,833.6,문학
9788950971564 ,그리스 로마 신화,"글: 김민희,정보 글: 강대진",아울북(북이십일 아울북),16181,447,219,비문학
9788954691673 ,트러스트 :에르난 디아스 장편소설 ,지은이: 에르난 디아스 ;옮긴이: 강동혁,문학동네,16137,189,843.6,문학
9788950971403 ,그리스 로마 신화,"글: 김민희,정보 글: 강대진",아울북(북이십일 아울북),16134,471,219,비문학
9788950982898 ,마법천자문 :손오공의 한자 대탐험,"저자: 스튜디오시리얼,정수영",아울북,16127,495,711.4,비문학
9791190409391 ,하늘 마을로 간 택배 :구름 배송 왔습니다 ,글: 김경미 ;그림: 김무연,슈크림북,16114,507,813.7,문학
9788932023151 ,비행운 :김애란 소설집 ,지은이: 김애란,문학과지성사,16097,304,813.7,문학
9791164137800 ,에그박사의 채집 일기 :스티커로 채집하는 자연 생물 관찰 만화,원작: 에그박사 ;그림: 홍종현,Mirae N 아이세움,16060,503,472,비문학
9788937834790 ,정의란 무엇인가 ,지은이: 마이클 샌델 ;옮긴이: 김명철,미래엔,16056,582,193,비문학
9791191496017 ,설민석의 세계사 대모험,"글: 설민석,그림: 박성일",단꿈아이,16051,522,909,비문학
9788957361955 ,어린 왕자,생텍쥐페리 지음;김숙 그림,가나출판사,16005,574,863,문학
9791168342941 ,박곰희 연금 부자 수업 :4개의 통장으로 월 300만원 만들기 ,박곰희 지음,인플루엔셜,15998,16,327.8,비문학
9788901243658 ,기분이 태도가 되지 않게 :기분 따라 행동하다 손해 보는 당신을 위한 심리 수업 ,레몬심리 지음 ;박영란 옮김,웅진씽크빅,15993,401,181.71,비문학
9791187119845 ,나는 나로 살기로 했다 :냉담한 현실에서 어른살이를 위한 to do list ,글·그림: 김수현,마음의숲,15987,621,818,문학
9791157855506 ,브로콜리지만 사랑받고 싶어 ,"별다름,서영 그림",키다리,15970,379,813.7,문학
9791193031278 ,(설민석의) 그리스 로마 신화 대모험,"글: 설민석,스튜디오 담",Dankkum i(단꿈아이),15965,568,219,비문학
9788936448264 ,위풍당당 여우 꼬리,손원평 글 ;만물상 그림,창비,15956,512,813.7,문학
9791193031216 ,설민석의 세계사 대모험,"글: 설민석,그림: 박성일",단꿈아이,15942,484,909,비문학
9791191496154 ,설민석의 삼국지 대모험,원작: 나관중 ;만화: 스튜디오 담,Dankkum i(단꿈아이),15886,624,823.5,문학
9791158364519 ,감정 호텔 :내 마음이 머무는 곳 ,리디아 브란코비치 글·그림 ;장미란 옮김,책읽는곰,15853,507,181,비문학
9791191496055 ,설민석의 세계사 대모험,"글: 설민석,그림: 박성일",단꿈아이,15850,531,909,비문학
9791171174713 ,마법천자문 :손오공의 한자 대탐험,"저자: 스튜디오시리얼,정수영",아울북,15825,453,711.4,비문학
9788965466833 ,생일엔 마라탕,글: 류미정 ;그림: 손수정,밝은미래,15825,444,813.7,문학
9791167763846 ,풍수전쟁 :김진명 장편소설 ,지은이: 김진명,이타(이타북스),15806,214,813.62,문학
9788937461033 ,인간 실격,다자이 오사무 지음;김춘미 옮김,민음사,15775,501,833.6,문학
9791173473968 ,흔한남매,원작: 흔한남매 ;그림: 유난희,미래엔,15752,307,810,문학
9791164137503 ,(전설의 모험왕) 엉덩이 댄디 :the young,원작·감수: 트롤 ;옮긴이: 김정화,미래엔,15742,508,830,문학
9791171173310 ,비밀요원 레너드,글: 박설연 ;그림: 김덕영,아울북(북이십일 아울북),15742,541,813.7,문학
9791191119114 ,천하무적 개냥이 수사대,이승민 글 ;하민석 그림,위즈덤하우스,15722,548,813.7,문학
9788950971502 ,그리스 로마 신화,"글: 김민희,정보 글: 강대진",아울북(북이십일 아울북),15719,540,219,비문학
9791168418950 ,흔한남매 이상한 나라의 고전 읽기,최재훈 글 ;정주연 그림,미래엔,15705,143,813.5,문학
9791165735043 ,개욕탕 ,김유 글 ;소복이 그림,천개의바람,15700,494,813.7,문학
9788950971458 ,그리스 로마 신화,"글: 김민희,정보 글: 강대진",아울북(북이십일 아울북),15699,518,219,비문학
9791168411937 ,(처음 읽는) 그리스 로마 신화 =First Greek mythology,글: 최설희 ;그림: 한현동,미래엔,15682,631,219,비문학
9788950971441 ,그리스 로마 신화,"글: 김민희,정보 글: 강대진",아울북(북이십일 아울북),15637,527,219,비문학
9788950983703 ,비밀요원 레너드,글: 박설연 ;그림: 김덕영,북이십일,15613,552,813.7,문학
9791168411784 ,에그박사의 채집 일기 :스티커로 채집하는 자연 생물 관찰 만화,원작: 에그박사 ;그림: 홍종현,Mirae N 아이세움,15601,550,472,비문학
9788950980801 ,마법천자문 :손오공의 한자 대탐험,"저자: 스튜디오시리얼,정수영",아울북,15555,544,711.4,비문학
9788993242980 ,슈퍼 거북 ,유설화 글·그림,책읽는곰,15551,680,813.7,문학
9791164065530 ,(이상한 과자 가게) 전천당,히로시마 레이코 글 ;김정화 옮김,길벗스쿨,15551,223,833.6,문학
9788950993542 ,비밀요원 레너드,글: 박설연 ;그림: 김덕영,북이십일,15517,582,813.7,문학
9791192300917 ,"오십에 읽는 주역 :팔자, 운세, 인생을 바꾸는 3,000년의 지혜 ",강기진 지음,유노콘텐츠그룹,15510,476,141.2,비문학
9791130642710 ,수상한 이웃집 시노다,도미야스 요코 글 ;송지현 옮김,다산북스,15485,555,833.6,문학
9788936477936 ,"알로하, 나의 엄마들 :이금이 장편소설 ",지은이: 이금이,창비,15468,554,813.7,문학
9791190538602 ,생각이 너무 많은 어른들을 위한 심리학 :후회 없는 삶을 살고 싶은 당신에게 해 주고 싶은 말들 ,김혜남 지음,메이븐,15438,222,186.5,비문학
9788934993483 ,(내 멋대로) 친구 뽑기 ,최은옥 글 ;김무연 그림,김영사,15438,580,813.7,문학
9791187142560 ,데일 카네기 인간관계론 ,데일 카네기 지음 ;임상훈 옮김,현대지성,15434,559,331.18,비문학
9791193262122 ,일류의 조건 ,지은이: 사이토 다카시 ;옮긴이: 정현,필름,15400,311,325.211,비문학
9791193235119 ,마지막 마음이 들리는 공중전화 :이수연 장편소설 ,지은이: 이수연,클레이하우스,15354,253,813.7,문학
9791168418783 ,에그박사 :Egg&bugs,원작: 에그박사 ;그림: 홍종현,미래엔,15322,141,472,비문학
9788990611260 ,틀려도 괜찮아,마키타 신지 글;유문조 옮김,토토북,15310,661,833.6,문학
9788934942641 ,놓지 마 맞춤법,"신태훈,나승훈 글·그림",김영사,15298,562,711,비문학
9791191583052 ,천하무적 개냥이 수사대,이승민 글 ;하민석 그림,위즈덤하우스,15287,563,813.7,문학
9788954673105 ,여름의 빌라 :백수린 소설 ,지은이: 백수린,문학동네,15282,610,813.7,문학
9791191496147 ,설민석의 세계사 대모험,"글: 설민석,그림: 박성일",단꿈아이,15270,578,909,비문학
9791168418516 ,흔한남매 이무기 :이해하면 무서운 이야기,원작: 흔한남매 ;그림: 도니패밀리,미래엔,15267,164,810,문학
9788989863915 ,지하 100층짜리 집 ,글·그림: 이와이 도시오 ;옮긴이: 김숙,북뱅크,15261,639,833.6,문학
9791191496697 ,설민석의 삼국지 대모험,원작: 나관중 ;만화: 스튜디오 담,Dankkum i(단꿈아이),15260,628,823.5,문학
9788950983093 ,정재승의 인간 탐구 보고서,"글: 정재은,특대호 원고: 오경은",아울북(북이십일 아울북),15239,616,511,비문학
9791173320101 ,흔한남매 과학 탐험대,원작: 흔한남매 ;임혜영,김영사,15232,121,400,비문학
9788936448424 ,달콤 짭짤 코파츄 :다영 과학동화,지은이: 다영 ;그린이: 밤코,창비,15224,600,400,비문학
9788957361993 ,의사 어벤저스 :어린이 의학 동화,글: 고희정 ;그림: 조승연,가나문화콘텐츠,15223,658,510,비문학
9791191496000 ,설민석의 세계사 대모험,"글: 설민석,그림: 박성일",단꿈아이,15203,566,909,비문학
9788947547260 ,세금 내는 아이들 ,옥효진 글 ;김미연 그림,한경BP,15194,558,327,비문학
9791193031223 ,설민석의 세계사 대모험,"글: 설민석,그림: 박성일",단꿈아이,15184,682,909,비문학
9788954675314 ,행운이 너에게 다가오는 중 :이꽃님 장편소설 ,지은이: 이꽃님,문학동네,15143,721,813.7,문학
9788954697354 ,사라진 것들 :앤드루 포터 소설 ,지은이: 앤드루 포터 ;옮긴이: 민은영,문학동네,15142,329,843.6,문학
9791198610607 ,알사탕 제조법 :백희나 그림책 ,백희나,스토리보울,15118,360,813.7,문학
9791171171026 ,물리박사 김상욱의 수상한 연구실 :어린이를 위한 세상의 모든 과학,글: 김하연 ;그림: 정순규,아울북(북이십일 아울북),15101,650,420,비문학
9791192759395 ,왔구마 :고구마구마,"글: 조주희,이두희",킨더랜드,15098,728,813.7,문학
9791191496185 ,설민석의 삼국지 대모험,원작: 나관중 ;만화: 스튜디오 담,Dankkum i(단꿈아이),15093,714,823.5,문학
9788925575360 ,블랙 쇼맨과 운명의 바퀴 ,지은이: 히가시노 게이고 ;옮긴이: 최고은,RHK(알에이치코리아),15073,230,833.6,문학
9791193031377 ,(설민석의) 그리스 로마 신화 대모험,"글: 설민석,스튜디오 담",Dankkum i(단꿈아이),15068,554,219,비문학
9791167391087 ,신기한 맛 도깨비 식당 7,"김용세, 김병섭 (지은이), 센개 (그림)",꿈터,15063,512,None,비문학
9788960532410 ,토지 :박경리 대하소설,지은이: 박경리,마로니에북스,15055,701,813.6,문학
9791191496635 ,설민석의 삼국지 대모험,원작: 나관중 ;만화: 스튜디오 담,Dankkum i(단꿈아이),14999,710,823.5,문학
9791191496598 ,설민석의 삼국지 대모험,원작: 나관중 ;만화: 스튜디오 담,Dankkum i(단꿈아이),14987,720,823.5,문학
9788937437564 ,참을 수 없는 존재의 가벼움 ,지은이: 밀란 쿤데라 ;옮긴이: 이재룡,민음사,14983,558,892.96,문학
9791191496727 ,설민석의 삼국지 대모험,원작: 나관중 ;만화: 스튜디오 담,Dankkum i(단꿈아이),14972,700,823.5,문학
9791196722012 ,너무나 많은 여름이 ,김연수 지음,레제,14962,293,813.62,문학
9791194184034 ,즐거운 어른 :이옥선 산문 ,지은이: 이옥선,이야기장수,14961,679,818,문학
9791168090200 ,의사 어벤저스 :어린이 의학 동화,글: 고희정 ;그림: 조승연,가나문화콘텐츠,14945,704,510,비문학
9788936448608 ,위풍당당 여우 꼬리,손원평 글 ;만물상 그림,창비,14944,571,813.7,문학
9791130692258 ,하쿠다 사진관 :허태연 장편소설 ,지은이: 허태연,다산북스,14927,338,813.7,문학
9791191496703 ,설민석의 세계사 대모험,"글: 설민석,그림: 박성일",단꿈아이,14915,657,909,비문학
9788989863786 ,100층짜리 집 ,글·그림: 이와이 도시오 ;옮김: 김숙,북뱅크,14884,682,833.6,문학
9791194330592 ,흔한남매 과학 탐험대,원작: 흔한남매 ;임혜영,김영사,14861,165,400,비문학
9791191496673 ,설민석의 삼국지 대모험,원작: 나관중 ;만화: 스튜디오 담,Dankkum i(단꿈아이),14833,705,823.5,문학
9791168090743 ,의사 어벤저스 :어린이 의학 동화,글: 고희정 ;그림: 조승연,가나문화콘텐츠,14785,735,510,비문학
9791191496680 ,설민석의 삼국지 대모험,원작: 나관중 ;만화: 스튜디오 담,Dankkum i(단꿈아이),14784,712,823.5,문학
9791191496659 ,설민석의 삼국지 대모험,원작: 나관중 ;만화: 스튜디오 담,Dankkum i(단꿈아이),14767,727,823.5,문학
9788934991991 ,내 멋대로 반려동물 뽑기 ,최은옥 글 ;김무연 그림,김영사,14742,671,813.7,문학
9788936455842 ,튤립 호텔 :김지안 그림책 ,지은이: 김지안,창비,14740,733,813.7,문학
9788995151204 ,난장이가 쏘아올린 작은 공:조세희 소설집,조세희,이성과 힘,14720,753,813.6,문학
9788957362020 ,의사 어벤저스 :어린이 의학 동화,글: 고희정 ;그림: 조승연,가나문화콘텐츠,14717,736,510,비문학
9791139716146 ,행동하지 않으면 인생은 바뀌지 않는다 :위대한 변화를 이끌어내는 아주 작은 실행의 힘 ,브라이언 트레이시 지음 ;정지현 옮김,현대지성,14679,152,325.211,비문학
9788932917207 ,(하퍼 리) 앵무새 죽이기 :하퍼 리 장편소설 ,지은이: 하퍼 리 ;옮긴이: 김욱동,열린책들,14662,555,843.5,문학
9791191496666 ,설민석의 삼국지 대모험,원작: 나관중 ;만화: 스튜디오 담,Dankkum i(단꿈아이),14658,718,823.5,문학
9788936438036 ,일의 기쁨과 슬픔 :장류진 소설집 ,지은이: 장류진,창비,14613,695,813.7,문학
9791158362249 ,"용기를 내, 비닐장갑! :유설화 그림책 ",유설화,책읽는곰,14594,598,813.7,문학
9791171171255 ,마법천자문 :손오공의 한자 대탐험,"저자: 스튜디오시리얼,정수영",아울북,14592,332,711.4,비문학
9791191496161 ,설민석의 세계사 대모험,"글: 설민석,그림: 박성일",단꿈아이,14590,700,909,비문학
9788949161341 ,만복이네 떡집 ,김리리 글 ;이승현 그림,비룡소,14567,686,813.7,문학
9788959897179 ,트렌드 코리아 2024 :청룡을 타고 비상하는 2024를 기원하며! ,"지은이: 김난도,전다현",미래의창,14564,416,320.911,비문학
9788937434488 ,노르웨이의 숲 =Norwegian wood ,지은이: 무라카미 하루키 ;옮긴이: 양억관,민음사,14560,495,833.6,문학
9788932043500 ,봄밤의 모든 것 :백수린 소설집 ,지은이: 백수린,문학과지성사,14537,171,813.7,문학
9791194930136 ,장미와 나이프 ,지은이: 히가시노 게이고 ;옮긴이: 김윤경,오팬하우스,14506,425,833.6,문학
9791158361839 ,슈퍼 토끼 :유설화 그림책 ,유설화 글·그림,책읽는곰,14501,775,813.7,문학
9788950958237 ,Go go 카카오프렌즈 :세계 역사 문화 체험 학습만화,글: 김미영 ;정보글: 최은하,아울북(북이십일 아울북),14495,331,980.2,비문학
9788936433697 ,위저드 베이커리 =구병모 장편소설 /Wizard bakery ,지은이: 구병모,창비,14484,786,813.6,문학
9791197578427 ,채사장의 지대넓얕 :지적 대화를 위한 넓고 얕은 지식,"글: 채사장,그림: 정용환",Dolphin Books(돌핀북),14484,717,001,비문학
9791130698137 ,온 더 볼 =On the ball,성완 글 ;돌만 그림,다산북스,14484,651,813.7,문학
9788936434434 ,철도원 삼대 :황석영 장편소설 ,지은이: 황석영,창비,14466,276,813.62,문학
9788954680004 ,이토록 평범한 미래 :김연수 소설 ,지은이: 김연수,문학동네,14446,278,813.62,문학
9788960306134 ,돈은 좋지만 재테크는 겁나는 너에게 ,뿅글이 지음,첨단,14443,301,327.04,비문학
9791164065547 ,수상한 놀이공원 천옥원 :전천당 번외편 ,글: 히로시마 레이코 ;옮긴이: 김정화,길벗스쿨,14417,319,833.6,문학
9791193238172 ,내가 생각한 인생이 아니야 ,지은이: 류시화,수오서재,14348,304,814.62,문학
9788934991328 ,사피엔스 :그래픽 히스토리,원작·각색: 유발 하라리 ;옮긴이: 김명주,김영사,14318,651,909,비문학
9791157280292 ,꽃을 보듯 너를 본다 :나태주 인터넷 시집 ,지은이: 나태주,지혜,14307,609,811.7,문학
9788954442701 ,삼체 =The three body ,류츠신 지음 ;허유영 옮김,자음과모음,14289,757,823.7,문학
9791189571894 ,방주 :유키 하루오 장편소설 ,지은이: 유키 하루오 ;옮긴이: 김은모,블루홀6(블루홀식스),14265,795,833.6,문학
9788936434496 ,달까지 가자 :장류진 장편소설 ,지은이: 장류진,창비,14201,407,813.7,문학
9791141601447 ,모우어 :천선란 소설 ,지은이: 천선란,문학동네,14191,149,813.7,문학
9788958284482 ,감기 걸린 물고기 :박정섭 그림책 ,글·그림: 박정섭,사계절,14181,793,813.7,문학
9788950976859 ,마법천자문 :손오공의 한자 대탐험,"글: 시리얼,홍거북",북이십일,14132,772,711.4,비문학
9791158360375 ,알사탕 ,백희나,책읽는곰,14115,388,813.7,문학
9788936434243 ,피프티 피플 :정세랑 장편소설 ,지은이: 정세랑,창비,14114,376,813.7,문학
9791187444725 ,부의 추월차선 :부자들이 말해 주지 않는 진정한 부를 얻는 방법 ,엠제이 드마코 지음 ;신소영 옮김,북새통,14101,774,327.04,비문학
9788957362037 ,의사 어벤저스 :어린이 의학 동화,글: 고희정 ;그림: 조승연,가나문화콘텐츠,14049,821,510,비문학
9788936448493 ,위풍당당 여우 꼬리,손원평 글 ;만물상 그림,창비,14019,355,813.7,문학
9791168090248 ,의사 어벤저스 :어린이 의학 동화,글: 고희정 ;그림: 조승연,가나문화콘텐츠,13970,866,510,비문학
9791173119262 ,에그박사 :Egg&bugs,원작: 에그박사 ;그림: 홍종현,미래엔,13968,178,472,비문학
9788936448592 ,아무거나 문방구 :정은정 동화,지은이: 정은정 ;그린이: 유시연,창비,13957,745,813.6,문학
9791194368175 ,듀얼 브레인 =AI 시대의 실용적 생존 가이드 /Dual brain ,이선 몰릭 지음 ;신동숙 옮김,상상스퀘어,13937,187,331.5412,비문학
9788950991722 ,Go go 카카오프렌즈 :세계 역사 문화 체험 학습만화,글: 김미영 ;정보글: 최은하,아울북(북이십일 아울북),13885,393,980.2,비문학
9791190885928 ,백조와 박쥐 :히가시노 게이고 장편소설 ,지은이: 히가시노 게이고 ;옮긴이: 양윤옥,현대문학,13843,817,833.6,문학
9788950994594 ,Go go 카카오프렌즈 :세계 역사 문화 체험 학습만화,글: 김미영 ;정보글: 최은하,아울북(북이십일 아울북),13796,409,980.2,비문학
9791170400608 ,너무 잘하려고 애쓰지 마라 :나태주 시집 ,지은이: 나태주,열림원,13758,892,811.62,문학
9791161571492 ,우리가 겨울을 지나온 방식 :문미순 장편소설 ,지은이: 문미순,나무옆의자,13745,464,813.7,문학
9788949120744 ,기억 전달자,로이스 로리 글;장은수 옮김,비룡소,13731,845,843,문학
9788950995034 ,Go go 카카오프렌즈 :세계 역사 문화 체험 학습만화,글: 김미영 ;정보글: 최은하,아울북(북이십일 아울북),13579,432,980.2,비문학
9788954693462 ,한강 ,지은이: 한강,문학동네,13577,133,810.81,문학
9791168418462 ,슈뻘맨의 숨은 과학 찾기 :엉뚱 도전 속에 숨은 과학 상식,슈뻘맨 원작 ;류수형 그림,미래엔,13541,218,400,비문학
9791171170227 ,Go go 카카오프렌즈 :세계 역사 문화 체험 학습만화,글: 김미영 ;정보글: 최은하,아울북(북이십일 아울북),13512,403,980.2,비문학
9791192483238 ,침묵의 퍼레이드,"히가시노 게이고 (지은이), 김난주 (옮긴이)",재인,13507,198,None,비문학
9791193022122 ,호랭면 :김지안 그림책 ,지은이: 김지안,M창비(미디어창비),13492,413,813.7,문학
9788949162539 ,하하 자매 떡집 ,김리리 글 ;김이랑 그림,비룡소,13465,385,813.7,문학
9791141602451 ,절창 :구병모 장편소설 ,지은이: 구병모,문학동네,13460,6,813.7,문학
9791173471780 ,흔한남매의 흔한 호기심 :일상에서 만나는 과학 상식,원작: 흔한남매 ;그림: 유난희,미래엔,13454,105,400,비문학
9788950977405 ,Go go 카카오프렌즈 :세계 역사 문화 체험 학습만화,글: 김미영 ;정보글: 최은하,아울북(북이십일 아울북),13441,423,980.2,비문학
9791190977265 ,부의 시나리오 :불확실성을 기회로 만드는 4가지 투자전략 ,오건영 지음,Page2(페이지2북스),13401,803,327.8,비문학
9791170521730 ,미키7 :에드워드 애슈턴 SF 장편소설 ,지은이: 에드워드 애슈턴 ;옮긴이: 배지혜,황금가지,13389,339,843.6,문학
9788901285894 ,불안 세대 :디지털 세계는 우리 아이들을 어떻게 병들게 하는가 ,조너선 하이트 지음 ;이충호 옮김,웅진씽크빅,13342,161,334.3,비문학
9791160946918 ,어린이라는 세계 :김소영 에세이 ,지은이: 김소영,사계절(사계절출판사),13297,485,818,문학
9788970127248 ,"총, 균, 쇠 :무기·병균·금속은 인류의 운명을 어떻게 바꿨는가 ",재레드 다이아몬드 지음 ;김진준 옮김,문학사상사,13275,411,389,비문학
9788950976866 ,마법천자문 :손오공의 한자 대탐험,"글: 시리얼,홍거북",북이십일,13268,887,711.4,비문학
9791168418424 ,(흔한남매) 별난 세계 여행,흔한남매 원작 ;정주연 그림,미래엔,13229,231,980.2,비문학
9788950934552 ,Go go 카카오프렌즈 :세계 역사 문화 체험 학습만화,글: 김미영 ;정보글: 최은하,아울북(북이십일 아울북),13223,419,980.2,비문학
9788936434625 ,튜브 :손원평 장편소설 ,지은이: 손원평,창비,13212,412,813.7,문학
9788950968243 ,정재승의 인간 탐구 보고서,"글: 정재은,특대호 원고: 오경은",아울북(북이십일 아울북),13210,402,511,비문학
9788954695978 ,"설자은, 금성으로 돌아오다 :정세랑 장편소설 ",지은이: 정세랑,문학동네,13199,599,813.7,문학
9791191438406 ,거꾸로 읽는 세계사 ,유시민 지음,돌베개,13174,524,909,비문학
9791158682637 ,(읽으면서 바로 써먹는) 어린이 세계사 퀴즈,글·그림 : 한날,파란정원,13110,523,909,비문학
9788950949778 ,정재승의 인간 탐구 보고서,"글: 정재은,특대호 원고: 오경은",아울북(북이십일 아울북),13109,435,511,비문학
9791171712267 ,놓지 마 과학!,"글·그림: 신태훈,나승훈",위즈덤하우스,13107,260,408,비문학
9788950971656 ,그리스 로마 신화,"글: 김민희,정보 글: 강대진",아울북(북이십일 아울북),13099,482,219,비문학
9788932013046 ,그대의 차가운 손:한강 장편소설,한강 지음,문학과지성사,13089,148,813.6,문학
9788950971595 ,그리스 로마 신화,"글: 김민희,정보 글: 강대진",아울북(북이십일 아울북),13088,516,219,비문학
9791171171330 ,비밀요원 레너드,글: 박설연 ;그림: 김덕영,아울북(북이십일 아울북),13087,545,813.7,문학
9788950998707 ,Go go 카카오프렌즈 :세계 역사 문화 체험 학습만화,글: 김미영 ;정보글: 최은하,아울북(북이십일 아울북),13058,460,980.2,비문학
9788959897223 ,트렌드 코리아 2025 :2025 대한민국 소비트렌드 전망 ,"지은이: 김난도,전다현",미래의창,13052,537,320.911,비문학
9788960907348 ,애쓰지 않아도 :최은영 짧은 소설 ,지은이: 최은영 ;그린이: 김세희,마음산책,13050,420,813.7,문학
9788934971351 ,철학은 날씨를 바꾼다 :삶을 쓰다듬는 위안의 책 ,서동욱 지음,김영사,13038,502,104,비문학
9788950942403 ,Go go 카카오프렌즈 :자연탐사,글: 조주희 ;이혜림,아울북(북이십일 아울북),13034,535,472,비문학
9788936457259 ,율의 시선 :김민서 장편소설 ,지은이: 김민서,창비,13031,228,813.7,문학
9791168342569 ,너의 유토피아 :정보라 소설집 ,지은이: 정보라,인플루엔셜,12994,186,813.7,문학
9788950971601 ,그리스 로마 신화,"글: 김민희,정보 글: 강대진",아울북(북이십일 아울북),12992,505,219,비문학
9788950968502 ,정재승의 인간 탐구 보고서,"글: 정재은,특대호 원고: 오경은",아울북(북이십일 아울북),12987,537,511,비문학
9788950971366 ,그리스 로마 신화,"글: 김민희,정보 글: 강대진",아울북(북이십일 아울북),12980,433,219,비문학
9788950991463 ,비밀요원 레너드,글: 박설연 ;그림: 김덕영,아울북(북이십일 아울북),12980,529,813.7,문학
9791130662985 ,다판다 편의점,강효미 글 ;밤코 그림,다산북스,12963,167,813.7,문학
9791194654063 ,긴키 지방의 어느 장소에 대하여 :세스지 장편소설 ,지은이: 세스지 ;옮긴이: 전선영,오팬하우스,12956,118,833.6,문학
9791193238691 ,"편안함의 습격 :편리와 효율, 멸균과 풍족의 시대가 우리에게서 앗아간 것들에 관하여 ",지은이: 마이클 이스터 ;옮긴이: 김원진,수오서재,12948,41,517.3,비문학
9788950944988 ,비밀요원 레너드,글: 박설연 ;그림: 김덕영,아울북(북이십일 아울북),12920,536,813.7,문학
9791158681258 ,(읽으면서 바로 써먹는) 어린이 속담 ,글·그림: 한날,파란정원,12901,589,388,비문학
9791193031681 ,설민석의 한국사 대모험,"글: 설민석,그림: 정현희",Dankkum i(단꿈아이),12881,238,911,비문학
9791192655468 ,호박 목욕탕 ,글·그림: 시바타 케이코 ;옮김: 황진희,위즈덤하우스,12871,478,833.6,문학
9788950971632 ,그리스 로마 신화,"글: 김민희,정보 글: 강대진",아울북(북이십일 아울북),12866,520,219,비문학
9791164062065 ,(이상한 과자 가게) 전천당,히로시마 레이코 글 ;김정화 옮김,길벗스쿨,12859,490,833.6,문학
9791130655925 ,우연은 비켜 가지 않는다 :줄리언 반스 장편소설 ,지은이: 줄리언 반스 ;옮긴이: 정영목,다산북스,12846,158,843.5,문학
9788950996505 ,정재승의 인류 탐험 보고서,"글: 차유진,그림: 김현민",아울북(북이십일 아울북),12800,574,471,비문학
9788950982218 ,비밀요원 레너드,글: 박설연 ;그림: 김덕영,아울북(북이십일 아울북),12779,543,813.7,문학
9791189686536 ,"이 책은 돈 버는 법에 관한 이야기 :서민갑부 고명환의 생각법, 독서법, 장사법 ",고명환 지음,라곰,12770,621,325.2113,비문학
9788934941330 ,(흔한 남매) 세계사 탐험대,"원작: 흔한남매,그림: 팀키즈",김영사,12763,268,909,비문학
9788934920991 ,메멘과 모리 ,요시타케 신스케 글·그림 ;권남희 옮김,김영사,12760,480,833.6,문학
9791158681647 ,(읽으면서 바로 써먹는) 어린이 맞춤법 ,글·그림: 한날,파란정원,12743,589,711,비문학
9788934940999 ,내 멋대로 장래 희망 뽑기 ,최은옥 글 ;김무연 그림,김영사,12741,469,813.7,문학
9788950941970 ,비밀요원 레너드,글: 박설연 ;그림: 김덕영,아울북(북이십일 아울북),12741,591,813.7,문학
9788950983727 ,비밀요원 레너드,글: 박설연 ;그림: 김덕영,북이십일,12738,584,813.7,문학
9788950941604 ,그리스 로마 신화,"글: 김민희,정보 글: 강대진",아울북(북이십일 아울북),12710,459,219,비문학
9788949168081 ,우다다 꽁냥파크 ,권혁진 글 ;심보영 그림,비룡소,12693,491,813.7,문학
9788950993566 ,비밀요원 레너드,글: 박설연 ;그림: 김덕영,북이십일,12668,593,813.7,문학
9788950905682 ,비밀요원 레너드,글: 박설연 ;그림: 김덕영,아울북(북이십일 아울북),12622,577,813.7,문학
9791186757093 ,"자존감 수업 :하루에 하나, 나를 사랑하게 되는 자존감 회복 훈련 ",윤홍균 지음,심플라이프,12603,489,182.1,비문학
9788950941574 ,그리스 로마 신화,"글: 김민희,정보 글: 강대진",아울북(북이십일 아울북),12597,487,219,비문학
9791171171941 ,Go go 카카오프렌즈 :세계 역사 문화 체험 학습만화,글: 김미영 ;정보글: 최은하,아울북(북이십일 아울북),12589,608,980.2,비문학
9791158682712 ,(읽으면서 바로 써먹는) 어린이 세계사 퀴즈,글·그림 : 한날,파란정원,12580,622,909,비문학
9791186805398 ,"그릿 :IQ, 재능, 환경을 뛰어넘는 열정적 끈기의 힘 ",앤절라 더크워스 지음 ;김미정 옮김,비즈니스북스,12576,546,325.211,비문학
9788950974329 ,Go go 카카오프렌즈 :세계 역사 문화 체험 학습만화,글: 김미영 ;정보글: 최은하,아울북(북이십일 아울북),12572,515,980.2,비문학
9791168416611 ,에그박사와 공룡 에그 ,원작: 에그박사 ;그림: 도니패밀리,미래엔,12542,636,457,비문학
9791191496888 ,설민석의 세계사 대모험,"글: 설민석,그림: 박성일",단꿈아이,12540,570,909,비문학
9788950993573 ,비밀요원 레너드,글: 박설연 ;그림: 김덕영,북이십일,12530,608,813.7,문학
9791190313186 ,지적 대화를 위한 넓고 얕은 지식 :한 권으로 현실 세계를 통달하는 지식 여행서,채사장 지음,Whale Books(웨일북),12523,626,001.3,비문학
9791189001278 ,설민석의 세계사 대모험,"글: 설민석,그림: 박성일",단꿈드림,12519,604,909,비문학
9788950996604 ,Go go 카카오프렌즈 :세계 역사 문화 체험 학습만화,글: 김미영 ;정보글: 최은하,아울북(북이십일 아울북),12503,513,980.2,비문학
9788901294742 ,청춘의 독서 :세상을 바꾼 위험하고 위대한 생각들 ,지은이: 유시민,웅진씽크빅,12501,225,029.1,비문학
9791160406504 ,방금 떠나온 세계 :김초엽 소설집 ,지은이: 김초엽,한겨레엔,12490,658,813.7,문학
9791167903068 ,매듭의 끝 :정해연 장편소설 ,지은이: 정해연,현대문학,12441,132,813.7,문학
9788950900175 ,비밀요원 레너드,글: 박설연 ;그림: 김덕영,아울북(북이십일 아울북),12432,611,813.7,문학
9788950993580 ,비밀요원 레너드,글: 박설연 ;그림: 김덕영,아울북(북이십일 아울북),12431,607,813.7,문학
9788950971618 ,그리스 로마 신화,"글: 김민희,정보 글: 강대진",아울북(북이십일 아울북),12422,568,219,비문학
9791194530107 ,환율의 대전환 :경제 질서의 변곡점에서 글로벌 통화의 미래를 말하다 ,오건영 지음,콘텐츠그룹 포레스트,12421,257,327.94,비문학
9791198179999 ,설민석의 세계사 대모험,"글: 설민석,그림: 박성일",단꿈아이,12395,567,909,비문학
9788950941581 ,그리스 로마 신화,"글: 김민희,정보 글: 강대진",아울북(북이십일 아울북),12392,1000,219,비문학
9788984374942 ,미로 속 아이 :기욤 뮈소 장편소설 ,지은이: 기욤 뮈소 ;옮긴이: 양영란,밝은세상,12383,207,863,문학
9791158681999 ,(읽으면서 바로 써먹는) 어린이 신체 관용구 ,글·그림: 한날,파란정원,12382,721,714,비문학
9788950971625 ,그리스 로마 신화,"글: 김민희,정보 글: 강대진",아울북(북이십일 아울북),12375,596,219,비문학
9788950971496 ,그리스 로마 신화,"글: 김민희,정보 글: 강대진",아울북(북이십일 아울북),12373,602,219,비문학
9788936455736 ,눈아이 :안녕달 그림책 ,지은이: 안녕달,창비,12362,656,813.7,문학
9788950983369 ,Go go 카카오프렌즈 :세계 역사 문화 체험 학습만화,글: 김미영 ;정보글: 최은하,아울북(북이십일 아울북),12360,539,980.2,비문학
9791173111686 ,슈뻘맨의 숨은 과학 찾기 :엉뚱 도전 속에 숨은 과학 상식,슈뻘맨 원작 ;류수형 그림,미래엔,12355,237,400,비문학
9788950971519 ,그리스 로마 신화,"글: 김민희,정보 글: 강대진",아울북(북이십일 아울북),12352,617,219,비문학
9788950987008 ,Go go 카카오프렌즈 :세계 역사 문화 체험 학습만화,글: 김미영 ;정보글: 최은하,아울북(북이십일 아울북),12328,547,980.2,비문학
9791164139651 ,(전설의 모험왕) 엉덩이 댄디 :the young,원작·감수: 트롤 ;옮긴이: 김정화,미래엔,12313,663,830,문학
9791141606862 ,저속노화 식사법 :노년내과 의사가 알려주는 기적의 식단 혁명 ,정희원 지음,문학동네,12312,85,517.52,비문학
9788950978358 ,Go go 카카오프렌즈 :세계 역사 문화 체험 학습만화,글: 김미영 ;정보글: 최은하,아울북(북이십일 아울북),12303,553,980.2,비문학
9791169813419 ,어떤 어른 :김소영 에세이 ,지은이: 김소영 ;표지 및 본문 그림: 임진아,사계절(사계절출판사),12294,204,818,문학
9788934944263 ,내 멋대로 초능력 뽑기 ,최은옥 글 ;김무연 그림,김영사,12285,629,813.7,문학
9791167390943 ,고민을 들어줘 닥터 별냥,이지음 글 ;문채빈 그림,꿈터,12269,603,813.7,문학
9791167742063 ,"경험의 멸종 :기술이 경험을 대체하는 시대, 인간은 계속 인간일 수 있을까 ",크리스틴 로젠 지음 ;이영래 옮김,어크로스(어크로스출판그룹),12263,103,331.544,비문학
9791158363499 ,꽁꽁꽁 아이스크림 :윤정주 그림책 ,윤정주,책읽는곰,12260,685,813.7,문학
9791193031742 ,설민석의 한국사 대모험,"글: 설민석,그림: 정현희",Dankkum i(단꿈아이),12260,308,911,비문학
9788950991456 ,Go go 카카오프렌즈 :자연탐사,글: 조주희 ;이혜림,아울북(북이십일 아울북),12237,641,472,비문학
9791158681531 ,(읽으면서 바로 써먹는) 어린이 고사성어 ,글·그림: 한날,파란정원,12227,695,714,비문학
9788950993559 ,비밀요원 레너드,글: 박설연 ;그림: 김덕영,북이십일,12225,653,813.7,문학
9791193358849 ,바다가 들리는 편의점,마치다 소노코 지음 ;황국영 옮김,오팬하우스,12206,621,833.6,문학
9791158364021 ,"거짓말이 뿡뿡, 고무장갑! :유설화 그림책 ",유설화,책읽는곰,12176,681,813.7,문학
9791194413394 ,궤도 ,지은이: 서맨사 하비 ;옮긴이: 송예슬,서해문집,12170,108,843.6,문학
9791171174164 ,Go go 카카오프렌즈 :세계 역사 문화 체험 학습만화,글: 김미영 ;정보글: 최은하,아울북(북이십일 아울북),12154,611,980.2,비문학
9791141601102 ,사랑과 결함 :예소연 소설 ,지은이: 예소연,문학동네,12142,240,813.7,문학
9791173321610 ,흔한남매 과학 탐험대,원작: 흔한남매 ;임혜영,김영사,12142,631,400,비문학
9788960863545 ,놓지 마 과학!,"글·그림: 신태훈,나승훈",위즈덤하우스,12135,645,408,비문학
9788901294179 ,단 3개의 미국 ETF로 은퇴하라 :원하는 삶을 앞당기는 돈 자동 사냥 시스템 ,김지훈 지음,웅진씽크빅,12122,148,327.856,비문학
9791156756552 ,죽여 마땅한 사람들 ,피터 스완슨 지음 ;노진선 옮김,푸른숲,12119,593,843.6,문학
9788950971649 ,그리스 로마 신화,"글: 김민희,정보 글: 강대진",아울북(북이십일 아울북),12107,646,219,비문학
9791130664606 ,너구리 라면 가게 ,글: 최설희 ;그림: 김덕영,다산북스,12106,177,813.7,문학
9791189938208 ,놓지 마 과학!,"글·그림: 신태훈,나승훈",위즈덤하우스,12097,659,408,비문학
9791162145043 ,행복할 거야 이래도 되나 싶을 정도로 :일홍 에세이 ,지은이: 일홍,부크럼,12085,243,818,문학
9788950971540 ,그리스 로마 신화,"글: 김민희,정보 글: 강대진",아울북(북이십일 아울북),12078,639,219,비문학
9791193022078 ,지구 레스토랑 :조영글 그림책 ,지은이: 조영글,M창비(미디어창비),12076,642,813.7,문학
9791193780084 ,나는 미국 월배당 ETF로 40대에 은퇴한다 :7천만 원으로 월 2백만 원 받는 연 30% 이상 초고배당의 비밀! ,최영민 지음,지음미디어,12022,321,327.856,비문학
9788950971557 ,그리스 로마 신화,"글: 김민희,정보 글: 강대진",아울북(북이십일 아울북),11996,667,219,비문학
9788950971526 ,그리스 로마 신화,"글: 김민희,정보 글: 강대진",아울북(북이십일 아울북),11976,670,219,비문학
9788960867093 ,놓지 마 과학!,"글·그림: 신태훈,나승훈",위즈덤하우스,11966,664,408,비문학
9791193024225 ,테디베어는 죽지 않아 :조예은 장편소설 ,지은이: 조예은,안전가옥,11963,619,813.7,문학
9791158681746 ,(읽으면서 바로 써먹는) 어린이 수수께끼 ,글·그림: 한날,파란정원,11957,736,388,비문학
9788901251226 ,친구의 전설 :이지은 그림책 ,글·그림: 이지은,웅진씽크빅,11950,652,813.7,문학
9791130653433 ,낭만 강아지 봉봉,홍민정 글 ;김무연 그림,다산북스,11941,273,813.7,문학
9791168412705 ,에그박사의 이건 누구 똥?!,원작: 에그박사 ;그림: 김덕영,Mirae N 아이세움,11934,725,491,비문학
9791171171262 ,Go go 카카오프렌즈 :자연탐사,글: 조주희 ;이혜림,아울북(북이십일 아울북),11929,684,472,비문학
9791197437304 ,백년허리 :백년 동안 간직할 허리 사용설명서 ,저자: 정선근,언탱글링,11915,745,514.325,비문학
9791193790083 ,히든 픽처스 ,제이슨 르쿨락 지음 ;유소영 옮김,문학수첩,11912,327,843.6,문학
9788934974369 ,내 멋대로 선생님 뽑기 ,최은옥 글 ;김무연 그림,김영사,11871,704,813.7,문학
9791168090774 ,의사 어벤저스 :어린이 의학 동화,글: 고희정 ;그림: 조승연,가나문화콘텐츠,11866,715,510,비문학
9791158363178 ,두근두근 편의점 :김영진 그림책 ,지은이: 김영진,책읽는곰,11829,728,813.7,문학
9791168090781 ,의사 어벤저스 :어린이 의학 동화,글: 고희정 ;그림: 조승연,가나문화콘텐츠,11825,754,510,비문학
9788936473235 ,소년이 온다 :한강 장편소설 ,지은이: 한강,창비,11821,247,813.62,문학
9791171712793 ,빨간내복야코 안 읽으면 완전 위험한 과학책,빨간내복야코 원작 ;이영아 그림,위즈덤하우스,11819,284,400,비문학
9788950971533 ,그리스 로마 신화,"글: 김민희,정보 글: 강대진",아울북(북이십일 아울북),11814,690,219,비문학
9791168418905 ,(흔한남매) 흔한 게임,원작: 흔한남매 ;그림: 도니패밀리,미래엔,11797,308,810,문학
9791198807281 ,해피버쓰데이 =백희나 그림책 /Happy birthday ,백희나,스토리보울,11782,288,813.7,문학
9791168410886 ,(전설의 모험왕) 엉덩이 댄디 :the young,원작·감수: 트롤 ;옮긴이: 김정화,미래엔,11756,698,830,문학
9791168121775 ,천하무적 개냥이 수사대,이승민 글 ;하민석 그림,위즈덤하우스,11755,707,813.7,문학
9788932043562 ,빛과 실 ,지은이: 한강,문학과지성사,11714,285,814.7,문학
9791162540633 ,"그릿 :IQ, 재능, 환경을 뛰어넘는 열정적 끈기의 힘 ",앤절라 더크워스 지음 ;김미정 옮김,비즈니스북스,11693,798,325.211,비문학
9791168341906 ,셰이커 :이희영 장편소설 ,지은이: 이희영,인플루엔셜,11630,612,813.7,문학
9791168090767 ,의사 어벤저스 :어린이 의학 동화,글: 고희정 ;그림: 조승연,가나문화콘텐츠,11595,761,510,비문학
9791193937396 ,왜 그들만 부자가 되는가 :부의 격차를 좁히는 진짜 돈의 모습 ,"필립 바구스,배진아 옮김",책읽어주는남자,11588,280,327,비문학
9791168414068 ,에그박사의 채집 일기 :스티커로 채집하는 자연 생물 관찰 만화,원작: 에그박사 ;그림: 홍종현,Mirae N 아이세움,11566,799,472,비문학
9791190826839 ,오십에 읽는 논어 :굽이치는 인생을 다잡아 주는 공자의 말 ,최종엽 지음,유노북스,11565,826,148.3,비문학
9791158512415 ,(게으르게 투자하고 확실하게 수익 내는) 나의 첫 ETF 포트폴리오 ,송민섭 지음,Tornado(토네이도미디어그룹),11511,813,327.83,비문학
9791193078259 ,오렌지와 빵칼 =청예 장편소설 /Orange and bread knife ,지은이: 청예,허블,11511,326,813.7,문학
9788950983109 ,정재승의 인간 탐구 보고서,"글: 정재은,특대호 원고: 오경은",아울북(북이십일 아울북),11464,776,511,비문학
9791168090750 ,의사 어벤저스 :어린이 의학 동화,글: 고희정 ;그림: 조승연,가나문화콘텐츠,11443,805,510,비문학
9791158681487 ,(읽으면서 바로 써먹는) 어린이 관용구 ,글·그림: 한날,파란정원,11441,795,714,비문학
9791194616016 ,설민석의 한국사 대모험,"글: 설민석,그림: 정현희",Dankkum i(단꿈아이),11427,229,911,비문학
9791171713608 ,고독한 용의자 :찬호께이 장편소설 ,지은이: 찬호께이 ;옮긴이: 허유영,위즈덤하우스,11393,328,823.7,문학
9791158682248 ,(읽으면서 바로 써먹는) 어린이 한국사 퀴즈,글·그림: 한날,파란정원,11389,808,911,비문학
9791168416567 ,에그박사의 채집 일기 :스티커로 채집하는 자연 생물 관찰 만화,원작: 에그박사 ;그림: 홍종현,Mirae N 아이세움,11374,839,472,비문학
9788934937098 ,책 먹는 여우의 봄 이야기 ,프란치스카 비어만 글·그림 ;송순섭 옮김,김영사,11373,829,853,문학
9791162041499 ,호랑이 빵집,글: 서지원 ;그림: 홍그림,지학사,11348,355,813.7,문학
9791130657806 ,낭만 강아지 봉봉,홍민정 글 ;김무연 그림,다산북스,11347,335,813.7,문학
9788964965115 ,초밥이 옷을 사러 갔어요 ,타나카 타츠야 지음 ;권남희 옮김,토토북,11287,814,833.6,문학
9791192504339 ,백앤아 :교양이 층층 쌓이는 점프 맵,원작: 백앤아 ;그림: 돌만,샌드박스네트워크,11270,369,031,비문학
9791158682842 ,(읽으면서 바로 써먹는) 어린이 감정 표현 ,글·그림: 한날,파란정원,11216,357,181,비문학
9788936448950 ,고양이 해결사 깜냥,홍민정 동화 ;김재희 그림,창비,11177,94,813.7,문학
9791168341753 ,벚꽃 수영장 ,신현경 글 ;노예지 그림,인플루엔셜,11159,762,813.7,문학
9791192759951 ,왔구마 :고구마구마,"글: 조주희,이두희",킨더랜드,11157,871,813.7,문학
9788954692526 ,각각의 계절 :권여선 소설 ,지은이: 권여선,문학동네,11055,171,813.7,문학
9788950941628 ,그리스 로마 신화,"글: 김민희,정보 글: 강대진",아울북(북이십일 아울북),11049,864,219,비문학
9791168415324 ,에그박사의 이건 누구 똥?!,원작: 에그박사 ;그림: 김덕영,Mirae N 아이세움,11043,892,491,비문학
9791171712328 ,빨간내복야코 맞춤법 절대 안 틀리는 책,빨간내복야코 원작 ;이영아 그림,위즈덤하우스,10998,400,711,비문학
9791192504360 ,백앤아 :교양이 층층 쌓이는 점프 맵,원작: 백앤아 ;그림: 돌만,샌드박스네트워크,10990,392,031,비문학
9788934990987 ,놓지 마 어휘 :한자어,"신태훈,나승훈 글·그림",김영사,10983,919,714,비문학
9791168341746 ,물질의 세계 :6가지 물질이 그려내는 인류 문명의 대서사시 ,에드 콘웨이 지음 ;이종인 옮김,인플루엔셜,10978,930,321.3,비문학
9788983927620 ,해리포터 :마법사의 돌 ,J.K. 롤링 지음 ;강동혁 옮김,문학수첩,10973,904,843.5,문학
9791196394509 ,죽고 싶지만 떡볶이는 먹고 싶어 :백세희 에세이 ,지은이: 백세희,흔,10963,375,818,문학
9791164138005 ,웃소,원작: 웃소 ;그림: 박강호,미래엔,10962,913,810,문학
9788936473242 ,소년이 온다 :한강 장편소설 ,지은이: 한강,창비,10943,301,813.62,문학
9791164139910 ,웃소,원작: 웃소 ;그림: 박강호,미래엔,10896,926,810,문학
9788949162584 ,찾기 대장 김지우 ,장희정 글 ;김무연 그림,비룡소,10876,885,813.7,문학
9791168090231 ,의사 어벤저스 :어린이 의학 동화,글: 고희정 ;그림: 조승연,가나문화콘텐츠,10856,935,510,비문학
9788949122076 ,언제나 다정 죽집 ,우신영 글 ;서영 그림,비룡소,10783,410,813.7,문학
9788986836240 ,왜 나는 너를 사랑하는가,알랭 드 보통 [지음];정영목 옮김,청미래,10696,962,843,문학
9791171713417 ,빨간내복야코 안 읽으면 완전 위험한 과학책,빨간내복야코 원작 ;이영아 그림,위즈덤하우스,10691,257,400,비문학
9791193904152 ,행동은 불안을 이긴다 :의지박약과 만성적 미루기에서 벗어나는 아주 작은 행동 설계 ,롭 다이얼 지음 ;박영준 옮김,서삼독,10675,333,325.211,비문학
9788936429454 ,건전지 할머니 :강인숙·전승배 그림책 ,"지은이: 강인숙,전승배",창비,10596,238,813.7,문학
9791192389233 ,(뇌과학과 심리학으로 치유하는) 마음의 기술 :뇌를 이해하면 내 마음이 보인다 ,"안-엘렌 클레르,구영옥 옮김",상상스퀘어,10547,144,186.5,비문학
9791191056334 ,(한 번 배워서 평생 써먹는) 박곰희 투자법 ,박곰희 지음,인플루엔셜,10513,247,327.8,비문학
9791167902580 ,적산가옥의 유령 :조예은 소설 ,지은이: 조예은,H(현대문학),10511,382,813.7,문학
9791173113444 ,(흔한남매) 수수께끼 어드벤처 :수수께끼로 배우는 교과 지식,원작: 흔한남매 ;그림: 도니패밀리,미래엔,10487,374,388,비문학
9791199305304 ,자몽살구클럽,한로로 (HANRORO) (지은이),어센틱,10480,12,None,비문학
9791140702589 ,당신도 느리게 나이 들 수 있습니다 :나이가 들어도 몸의 시간을 젊게 ,정희원 지음,길벗,10430,195,511.1687,비문학
9791168341852 ,변비 탐정 실룩,이나영 글 ;박소연 그림,인플루엔셜,10429,432,813.7,문학
9791171178186 ,마법천자문 :손오공의 한자 대탐험,"저자: 스튜디오시리얼,정수영",아울북,10380,420,711.4,비문학
9788965961956 ,숨결이 바람 될 때 :서른여섯 젊은 의사의 마지막 순간 ,폴 칼라니티 지음 ;이종인 옮김,흐름출판,10373,398,848,문학
9791168342682 ,그릿 =흔들리지 않고 무엇이든 해내는 마음근력 /GRIT ,지은이: 김주환,인플루엔셜,10360,462,373.4,비문학
9791171176458 ,마법천자문 :손오공의 한자 대탐험,"저자: 스튜디오시리얼,정수영",아울북,10359,397,711.4,비문학
9788936429430 ,별에게 :안녕달 그림책 ,지은이: 안녕달,창비,10352,403,813.7,문학
9788932923413 ,꿀벌의 예언 :베르나르 베르베르 장편소설 ,지은이: 베르나르 베르베르 ;옮긴이: 전미연,열린책들,10330,204,863,문학
9791173473869 ,흔한남매 이상한 나라의 고전 읽기,최재훈 글 ;정주연 그림,미래엔,10323,175,813.5,문학
9791168091221 ,변호사 어벤저스 :어린이 법학 동화,글: 고희정 ;그림: 최미란,가나문화콘텐츠,10287,442,360,비문학
9791173470615 ,(흔한남매) 별난 세계 여행,흔한남매 원작 ;정주연 그림,미래엔,10286,327,980.2,비문학
9788955827590 ,거꾸로 토끼끼토 ,보람 글·그림,길벗어린이,10202,486,813.7,문학
9791191378573 ,"배당투자, 나는 50에 은퇴했다 :평생 월 1,000만 원씩 받아내는 '배당주' 입장권 ",쭈압 지음,체인지업(체인지업북스),10180,403,327.856,비문학
9791162041772 ,호랑이 빵집,글: 서지원 ;그림: 홍그림,지학사,10170,474,813.7,문학
9788925538297 ,스토너 ,지은이: 존 윌리엄스 ;옮긴이: 김승욱,RHK(알에이치코리아),10110,458,843.5,문학
9791194087700 ,류수영의 평생 레시피 :죽을 때까지 나를 먹여 살릴 '어남선생'의 쉽고 맛있는 집밥 ,지은이: 류수영 ;장혁준,세미콜론,10079,191,594.5,비문학
9791173320224 ,(흔한 남매) 세계사 탐험대,"원작: 흔한남매,그림: 팀키즈",김영사,10075,343,909,비문학
9788995563502 ,부의 인문학 :슈퍼리치의 서재에서 찾아낸 부자의 길 ,브라운스톤 지음,Openmind(오픈마인드),10058,512,327.04,비문학
9791168418554 ,(처음 읽는) 그리스 로마 신화 =First Greek mythology,글: 최설희 ;그림: 한현동,미래엔,10055,488,219,비문학
9791140714575 ,미술관에 간 할미 :짧게 읽고 오래 남는 모두의 명화수업 ,할미 지음,길벗,10046,210,650.4,비문학
9791158364823 ,몽글몽글 편의점 :김영진 그림책 ,김영진,책읽는곰,10044,412,813.7,문학
9791168417823 ,(처음 읽는) 그리스 로마 신화 =First Greek mythology,글: 최설희 ;그림: 한현동,미래엔,10014,483,219,비문학
9791171712670 ,반려 요괴,김영주 글 ;밤코 그림,위즈덤하우스,10006,446,813.7,문학
9791140710027 ,(원칙으로 수익 내는) 단타의 기술 =상위 1% 주식 트레이더가 지킨 단 하나의 투자 비법 /Rules of day trading ,원정연 지음,길벗,10003,493,327.856,비문학
9791193324486 ,하우스 메이드,프리다 맥파든 지음 ;정미정 옮김,Book Plaza(북플라자),9983,235,843.6,문학
9788937460586 ,싯다르타,헤르만 헤세 지음;박병덕 옮김,민음사,9968,331,853,문학
9791192504407 ,백앤아 :교양이 층층 쌓이는 점프 맵,원작: 백앤아 ;그림: 돌만,샌드박스네트워크,9937,484,031,비문학
9788901276571 ,더 마인드 =무의식이 이끄는 부의 해답 /The mind ,하와이 대저택 지음,웅진씽크빅,9932,225,325.211,비문학
9791130630762 ,아비투스 :인간의 품격을 결정하는 7가지 자본 ,도리스 메르틴 지음 ;배명자 옮김,다산북스,9866,595,325.211,비문학
9791193506202 ,아이는 무엇으로 자라는가 :세계적 가족 심리학자 버지니아 사티어의 15가지 양육 법칙 ,버지니아 사티어 지음 ;강유리 옮김,콘텐츠그룹 포레스트,9812,236,598.1,비문학
9791190299770 ,모든 삶은 흐른다 :삶의 지표가 필요한 당신에게 바다가 건네는 말 ,로랑스 드빌레르 지음 ;이주영 옮김,Fika(피카),9810,514,199.1,비문학
9791167391209 ,신기한 맛 도깨비 식당 8,"김용세, 김병섭 (지은이), 센개 (그림)",꿈터,9809,461,None,비문학
9788932034812 ,여수의 사랑 :한강 소설집 ,지은이: 한강,문학과지성사,9803,183,813.62,문학
9791141607791 ,해든 분식 ,동지아 글 ;윤정주 그림,문학동네,9736,510,813.7,문학
9791130664903 ,너무 늦은 시간 :클레어 키건 소설 ,지은이: 클레어 키건 ;옮긴이: 허진,다산북스,9721,291,843.6,문학
9791158364724 ,꽁꽁꽁 댕댕 :윤정주 그림책 ,윤정주,책읽는곰,9692,456,813.7,문학
9791171179138 ,마법천자문 :손오공의 한자 대탐험,"저자: 스튜디오시리얼,정수영",아울북,9686,502,711.4,비문학
9791193031414 ,(설민석의) 우리 고전 대모험,"글: 설민석,그림: 강신영",Dankkum i(단꿈아이),9684,545,813.5,문학
9791194530701 ,괴테는 모든 것을 말했다 ,스즈키 유이 지음 ;이지수 옮김,콘텐츠그룹 포레스트,9681,17,833.6,문학
9791192579818 ,잘못된 장소 잘못된 시간 ,질리언 매캘리스터 지음 ;이경 옮김,시옷북스,9650,249,843.6,문학
9788956605593 ,불안 ,알랭 드 보통 저 ;정영목 옮김,은행나무,9576,363,332.6,비문학
9791190538572 ,"딸아, 돈 공부 절대 미루지 마라 :돈과 인생에 대한 가장 현실적인 조언 50 ",박소연 지음,메이븐,9569,575,327.04,비문학
9788954641548 ,너무 시끄러운 고독 :보후밀 흐라발 장편소설 ,지은이: 보후밀 흐라발 ;옮긴이: 이창실,문학동네,9538,277,892.96,문학
9791190382502 ,"모든 것은 기본에서 시작한다 :실력도 기술도 사람 됨됨이도, 기본을 지키는 손웅정의 삶의 철학 ",손웅정 지음,수오서재,9473,259,695.404,비문학
9791193031612 ,(설민석의) 그리스 로마 신화 대모험,"글: 설민석,스튜디오 담",Dankkum i(단꿈아이),9459,552,219,비문학
9791171176649 ,비밀요원 레너드,글: 박설연 ;그림: 김덕영,아울북(북이십일 아울북),9455,498,813.7,문학
9791168127012 ,"파쇄 :일단 마음먹고 칼을 집었으면, 뜸 들이지 마 ",지은이: 구병모,위즈덤하우스,9455,523,813.7,문학
9788984374973 ,네버 라이 :프리다 맥파든 장편소설 ,지은이: 프리다 맥파든 ;옮긴이: 이민희,밝은세상,9421,390,843.6,문학
9791193031667 ,(설민석의) 그리스 로마 신화 대모험,"글: 설민석,스튜디오 담",Dankkum i(단꿈아이),9376,561,219,비문학
9788934926924 ,놓지 마 맞춤법,"신태훈,나승훈 글·그림",김영사,9374,559,711,비문학
9788937461798 ,브람스를 좋아하세요 ,프랑수아즈 사강 [지음] ;김남주 옮김,민음사,9359,370,863,문학
9791169850179 ,아주 세속적인 지혜 :400년 동안 사랑받은 인생의 고전 ,발타자르 그라시안 지음 ;강정선 옮김,Page2(페이지2북스),9335,270,199.1,비문학
9791193031513 ,설민석의 삼국지 대모험,원작: 나관중 ;만화: 스튜디오 담,Dankkum i(단꿈아이),9316,565,823.5,문학
9791168091238 ,변호사 어벤저스 :어린이 법학 동화,글: 고희정 ;그림: 최미란,가나문화콘텐츠,9313,547,360,비문학
9791197325892 ,음악소설집 ,"지은이: 김애란,편혜영",Franz(프란츠),9284,599,813.7,문학
9788936448844 ,위풍당당 여우 꼬리,손원평 글 ;만물상 그림,창비,9276,554,813.7,문학
9791173321009 ,내가 할배냥 ,홍민정 글 ;하민석 그림,김영사,9267,504,813.7,문학
9788965466970 ,생일엔 마라탕,글: 류미정 ;그림: 손수정,밝은미래,9223,579,813.7,문학
9791171177295 ,Go go 카카오프렌즈 :세계 역사 문화 체험 학습만화,글: 김미영 ;정보글: 최은하,아울북(북이십일 아울북),9197,526,980.2,비문학
9791193031438 ,(설민석의) 우리 고전 대모험,"글: 설민석,그림: 강신영",Dankkum i(단꿈아이),9195,625,813.5,문학
9791192504254 ,빨간내복야코,원작: 빨간내복야코 ;글·그림: 서후,샌드박스네트워크,9194,563,810,문학
9788937428234 ,비눗방울 퐁 :이유리 소설집 ,지은이: 이유리,민음사,9192,510,813.7,문학
9791171178346 ,비밀요원 레너드,글: 박설연 ;그림: 김덕영,아울북(북이십일 아울북),9187,589,813.7,문학
9788934908296 ,놓지 마 맞춤법,"신태훈,나승훈 글·그림",김영사,9187,583,711,비문학
9791171711956 ,오백 년째 열다섯 :김혜정 장편소설,글: 김혜정 ;일러스트: 조현아,위즈덤하우스,9185,573,813.7,문학
9791199040311 ,살아갈 날들을 위한 괴테의 시 ,지은이: 김종원 ;일러스트: 황예나,퍼스트펭귄,9166,570,325.211,비문학
9791173470660 ,(흔한남매) 흔한 게임,원작: 흔한남매 ;그림: 도니패밀리,미래엔,9142,363,810,문학
9788949144511 ,내 인생 최악의 일주일 ,"지은이: 이바 아모리스,옮긴이: 김영진",비룡소,9141,607,843,문학
9791130650470 ,최악의 최애 ,김다노 글 ;남수현 그림,다산북스,9140,542,813.7,문학
9791192504322 ,빨간내복야코,원작: 빨간내복야코 ;글·그림: 서후,샌드박스네트워크,9121,568,810,문학
9791162041697 ,후덜덜 식당 ,글: 강효미 ;그림: 유영근,지학사,9061,579,813.7,문학
9791193031506 ,설민석의 삼국지 대모험,원작: 나관중 ;만화: 스튜디오 담,Dankkum i(단꿈아이),9052,596,823.5,문학
9791130654621 ,푸른 들판을 걷다 :클레어 키건 소설 ,지은이: 클레어 키건 ;옮긴이: 허진,다산북스,9048,230,843.6,문학
9791171175192 ,비밀요원 레너드,글: 박설연 ;그림: 김덕영,아울북(북이십일 아울북),9040,569,813.7,문학
9791130655017 ,찬란한 멸종 :거꾸로 읽는 유쾌한 지구의 역사 ,이정모 지음,다산북스,9013,235,476.7,비문학
9791193031421 ,(설민석의) 우리 고전 대모험,"글: 설민석,그림: 강신영",Dankkum i(단꿈아이),9012,663,813.5,문학
9788956056531 ,여덟 단어 :인생을 대하는 우리의 자세 ,박웅현 지음,북하우스 퍼블리셔스,8973,424,818,문학
9791171713721 ,나의 작은 무법자 ,크리스 휘타커 지음 ;김해온 옮김,위즈덤하우스,8942,649,843.6,문학
9791193506073 ,사랑인 줄 알았는데 부정맥 ,"지은이: 전국유료실버타운협회,옮긴이: 이지수",콘텐츠그룹 포레스트,8942,296,831.6,문학
9791164065097 ,(이상한 과자 가게) 전천당,히로시마 레이코 글 ;김정화 옮김,길벗스쿨,8935,297,833.6,문학
9788932034829 ,내 여자의 열매 :한강 소설집 ,지은이: 한강,문학과지성사,8897,250,813.62,문학
9791168090835 ,의사 어벤저스 :어린이 의학 동화,글: 고희정 ;그림: 조승연,가나문화콘텐츠,8896,588,510,비문학
9791192504384 ,빨간내복야코,원작: 빨간내복야코 ;글·그림: 서후,샌드박스네트워크,8862,613,810,문학
9791198948724 ,(똥볶이 할멈의) 힘 주는 말 ,글: 강효미 ;그림: 김무연,따끈따끈책방,8852,474,199,비문학
9788997381678 ,소년과 두더지와 여우와 말 ,찰리 맥커시 글·그림 ;이진경 옮김,상상의 힘,8835,613,843.6,문학
9791193031537 ,설민석의 삼국지 대모험,원작: 나관중 ;만화: 스튜디오 담,Dankkum i(단꿈아이),8774,627,823.5,문학
9791171241675 ,타키포오 얼렁뚱땅 상식스쿨,원작: 캐릭온TV ;그림: 조수현,대원씨아이,8750,672,031,비문학
9791192504483 ,백앤아 :교양이 층층 쌓이는 점프 맵,원작: 백앤아 ;그림: 돌만,샌드박스네트워크,8749,466,031,비문학
9791193031520 ,설민석의 삼국지 대모험,원작: 나관중 ;만화: 스튜디오 담,Dankkum i(단꿈아이),8733,686,823.5,문학
9791193031711 ,(설민석의) 그리스 로마 신화 대모험,"글: 설민석,스튜디오 담",Dankkum i(단꿈아이),8719,720,219,비문학
9788970123691 ,상실의 시대 :무라카미 하루키 장편소설 ,지은이: 무라카미 하루키 ;옮긴이: 유유정,문학사상,8688,825,833.6,문학
9791193031230 ,설민석의 세계사 대모험,"글: 설민석,그림: 박성일",단꿈아이,8681,664,909,비문학
9791193031490 ,설민석의 삼국지 대모험,원작: 나관중 ;만화: 스튜디오 담,Dankkum i(단꿈아이),8647,722,823.5,문학
9791167375216 ,이호선의 나이 들수록,이호선 지음,은행나무,8614,508,189.2,비문학
9791168090804 ,의사 어벤저스 :어린이 의학 동화,글: 고희정 ;그림: 조승연,가나문화콘텐츠,8525,696,510,비문학
9791193937198 ,빛이 이끄는 곳으로 =백희성 장편소설 /La ou la lumiere me conduit ,지은이: 백희성,책읽어주는남자,8511,276,813.7,문학
9791168342422 ,변비 탐정 실룩,이나영 글 ;박소연 그림,인플루엔셜,8509,714,813.7,문학
9791168271999 ,부모의 어휘력 :정확히 말할수록 아이의 세상이 커지는 필수 어휘 126 ,김종원 지음,카시오페아,8486,281,598.1,비문학
9791166891496 ,하늘과 바람과 별과 인간 :원자에서 인간까지 ,지은이: 김상욱,바다출판사,8477,327,420.04,비문학
9788933872352 ,사랑을 무게로 안 느끼게 :박완서 에세이 ,지은이: 박완서,세계사(세계사컨텐츠그룹),8469,328,814.62,문학
9791159952050 ,"아빠 자판기 :아빠, 사랑, 딸, 놀이 ",글·그림: 조경희,노란돼지,8452,860,813.7,문학
9791172130633 ,입속 지느러미 :조예은 장편소설 ,지은이: 조예은,한겨레엔,8451,706,813.7,문학
9788992036962 ,고백 :미나토 가나에 장편소설 ,지은이: 미나토 가나에 ;옮긴이: 김선영,비채,8438,755,833.6,문학
9791193506394 ,"꽃길이 따로 있나, 내 삶이 꽃인 것을 ",오평선 지음,콘텐츠그룹 포레스트,8433,335,818,문학
9788949162621 ,학교 옆 만능빌딩 ,이현지 글 ;김민우 그림,비룡소,8409,554,813.7,문학
9791193031940 ,(설민석의) 그리스 로마 신화 대모험,"글: 설민석,스튜디오 담",Dankkum i(단꿈아이),8403,612,219,비문학
9791187330295 ,완전 배출 :채소·과일·무첨가 주스는 어떻게 비만과 질병을 몰아내는가 ,조승우 지음,사이몬북스,8400,339,517.548,비문학
9791167140753 ,너는 다시 외로워질 것이다 :공지영 산문 ,지은이: 공지영,해냄(해냄출판사),8386,340,814.62,문학
9791168091528 ,의사 어벤저스 :어린이 의학 동화,글: 고희정 ;그림: 조승연,가나문화콘텐츠,8382,590,510,비문학
9791173320927 ,별별 직업 상담소 ,요시타케 신스케 글·그림 ;권남희 옮김,김영사,8372,808,321.55,비문학
9791160342147 ,천재 의사 시건방 :슈퍼 초능력 판타지,글: 강효미 ;그림: 유영근,머스트비,8371,786,813.7,문학
9791171171033 ,물리박사 김상욱의 수상한 연구실 :어린이를 위한 세상의 모든 과학,글: 김하연 ;그림: 정순규,아울북(북이십일 아울북),8366,772,420,비문학
9791164067169 ,사고뭉치 소방관 오케이,강효미 글 ;김경희 그림,길벗스쿨,8363,791,813.7,문학
9791171179794 ,비밀요원 레너드,글: 박설연 ;그림: 김덕영,아울북(북이십일 아울북),8360,566,813.7,문학
9791198987600 ,트럼프 2.0 시대 =글로벌 대격변이 시작된다 /Trump 2.0 era ,박종훈 지음,글로퍼스,8357,294,331.544,비문학
9788925576633 ,블랙 쇼맨과 환상의 여자 ,지은이: 히가시노 게이고 ;옮긴이: 최고은,RHK(알에이치코리아),8355,345,833.6,문학
9788954648905 ,검은 사슴 :한강 장편소설 ,지은이: 한강,문학동네,8321,297,813.62,문학
9791160947250 ,내 마음 ㅅㅅㅎ :김지영 그림책 ,글·그림: 김지영,사계절(사계절출판사),8287,875,813.7,문학
9788950983482 ,정재승의 인간 탐구 보고서,"글: 정재은,특대호 원고: 오경은",아울북(북이십일 아울북),8253,834,511,비문학
9791171251360 ,붉은 궁 ,지은이: 허주은 ;옮긴이: 유혜인,시공사,8206,358,843.6,문학
9791158682934 ,(읽으면서 바로 써먹는) 어린이 OX 퀴즈 ,글·그림: 한날,파란정원,8204,712,031,비문학
9788954657129 ,아침 그리고 저녁 :욘 포세 장편소설 ,지은이: 욘 포세 ;옮긴이: 박경희,문학동네,8165,364,859.82,문학
9791172036669 ,타키포오 얼렁뚱땅 상식스쿨,원작: 캐릭온TV ;그림: 조수현,대원씨아이,8126,853,031,비문학
9791193638859 ,트렌드 코리아 2026 :2026 대한민국 소비트렌드 전망 ,"지은이: 김난도,김나은",미래의창,8093,294,320.911,비문학
9788982814471 ,연금술사,파울로 코엘료 지음;최정수 옮김,문학동네,8054,896,879,문학
9791158773120 ,(건강과 다이어트를 동시에 잡는) 채소·과일식 :단순하면서 자연스러운 가장 효과적인 식단 ,글: 조승우,바이북스,8052,377,517.548,비문학
9788965467083 ,생일엔 마라탕,글: 류미정 ;그림: 손수정,밝은미래,8027,875,813.7,문학
9791130698427 ,온 더 볼 =On the ball,성완 글 ;돌만 그림,다산북스,8017,978,813.7,문학
9791130696812 ,드래곤 마스터,글: 트레이시 웨스트 ;옮김: 윤영,다산북스,8009,982,843,문학
9788936439880 ,할매 =황석영 장편소설 /Grandma ,지은이: 황석영,창비,7984,27,813.62,문학
9791171722747 ,타키포오 얼렁뚱땅 상식스쿨,원작: 캐릭온TV ;그림: 조수현,대원씨아이,7982,899,031,비문학
9791193166659 ,"예술 도둑 :예술, 범죄, 사랑 그리고 욕망에 관한 위험하고 매혹적인 이야기 ",지은이: 마이클 핀클 ;옮긴이: 염지선,생각의힘,7942,341,844,문학
9791168091252 ,변호사 어벤저스 :어린이 법학 동화,글: 고희정 ;그림: 최미란,가나문화콘텐츠,7936,909,360,비문학
9791193031803 ,설민석의 세계사 대모험,"글: 설민석,그림: 박성일",단꿈아이,7930,929,909,비문학
9791193939222 ,마법의 푸드 트럭 ,박민희 글 ;안병현 그림,라곰스쿨,7919,883,360,비문학
9791193388075 ,나는 왜 남들보다 쉽게 지칠까 :무던해 보이지만 누구보다 예민한 HSP를 위한 심리학 ,최재훈 지음,서스테인,7894,351,182.12,비문학
9788972750031 ,악의 ,지은이: 히가시노 게이고 ;옮긴이: 양윤옥,현대문학,7833,894,833.6,문학
9788949162072 ,깊은 밤 필통 안에서 ,길상효 글 ;심보영 그림,비룡소,7828,906,813.7,문학
9788932923420 ,꿀벌의 예언 :베르나르 베르베르 장편소설 ,지은이: 베르나르 베르베르 ;옮긴이: 전미연,열린책들,7816,407,863,문학
9791169791977 ,스즈메의 문단속 ,신카이 마코토 지음 ;민경욱 옮김,대원씨아이,7703,424,833.6,문학
9791198385963 ,치유를 파는 찻집 ,모리사와 아키오 지음 ;권하영 옮김,Book Plaza(북플라자),7685,428,833.6,문학
9788936480608 ,나의 인생만사 답사기 :유홍준 잡문집 ,지은이: 유홍준,창비,7674,373,818,문학
9788901219943 ,신경 끄기의 기술 :인생에서 가장 중요한것만 남기는 힘 ,마크 맨슨 지음 ;한재호 옮김,웅진씽크빅,7672,430,199.1,비문학
9791195522170 ,보편의 단어,이기주,말글터,7669,431,None,비문학
9791157847679 ,(박태웅의) AI 강의 2025 :인공지능의 출현부터 일상으로의 침투까지 우리와 미래를 함께할 새로운 지능의 모든 것 ,박태웅 지음,한빛비즈,7647,376,004.73,비문학
9791192625508 ,마음의 지혜 :내 삶의 기준이 되는 8가지 심리학 ,김경일 지음,콘텐츠그룹 포레스트,7626,439,189.1,비문학
9791193401217 ,"다시, 역사의 쓸모 :합리적이고 품위 있는 선택을 위한 20가지 지혜 ",최태성 지음,프런트페이지,7625,377,904,비문학
9791188331888 ,사장학개론 ,지은이: 김승호,스노우폭스북스,7577,448,325.24,비문학
9788925573229 ,(돈도 마음도 낭비 없이 나만의 행복을 버는) 저소비 생활 ,가제노타미 지음 ;정지영 옮김,RHK(알에이치코리아),7567,34,327.04,비문학
9788994702346 ,부의 추월차선 :부자들이 말해 주지 않는 진정한 부를 얻는 방법 ,엠제이 드마코 지음 ;신소영 옮김,북새통,7562,451,327.04,비문학
9791171252565 ,웡카 ,글: 시빌 파운더 ;번역: 김난령,시공사,7561,452,843,문학
9788972757573 ,라플라스의 마녀 :히가시노 게이고 장편소설 ,지은이: 히가시노 게이고 ;옮긴이: 양윤옥,현대문학,7555,453,833.6,문학
9791193262658 ,다정한 사람이 이긴다 ,이해인 지음,필름,7527,37,818,문학
9791130633619 ,부자의 그릇 :돈을 다루는 능력을 키우는 법 ,이즈미 마사토 지음 ;김윤수 옮김,다산북스,7524,457,327.04,비문학
9788991239685 ,백설공주에게 죽음을 ,넬레 노이하우스 지음 ;김진아 옮김,북로드,7524,457,853,문학
9788901274379 ,슈퍼노멀 :폭발적인 성과를 만드는 평범한 사람들 ,주언규 지음,웅진씽크빅,7519,461,325.211,비문학
9791192625959 ,잘되는 집들의 비밀 =부와 운을 부르는 공간과 삶에 관한 이야기 /Secrets of thriving homes ,정희숙 지음,콘텐츠그룹 포레스트,7508,465,595.4,비문학
9788901273563 ,그럴 수 있어 :양희은 에세이 ,지은이: 양희은,웅진씽크빅,7489,468,818,문학
9791162544327 ,렛뎀 이론 :인생이 '나'로 충만해지는 내버려두기의 기술 ,"멜 로빈스,윤효원 옮김",비즈니스북스,7471,40,189.1,비문학
9788901279282 ,(유목민의) 투자의 정석 ,유목민 지음,웅진씽크빅,7455,477,327.856,비문학
9791191859836 ,나는 읽고 쓰고 버린다 :손웅정의 말 ,지은이: 손웅정,난다,7453,478,695.404,비문학
9791164064748 ,(이상한 과자 가게) 전천당,히로시마 레이코 글 ;김정화 옮김,길벗스쿨,7439,481,833.6,문학
9788950941598 ,그리스 로마 신화,"글: 김민희,정보 글: 강대진",아울북(북이십일 아울북),7416,486,219,비문학
9788949162546 ,해님 달님 떡집 ,김리리 글 ;김이랑 그림,비룡소,7413,487,813.7,문학
9791158512859 ,나는 나의 스무 살을 가장 존중한다 ,이하영 지음,토네이도미디어그룹,7358,501,325.211,비문학
9791192483146 ,희망의 끈,"히가시노 게이고 (지은이), 김난주 (옮긴이)",재인,7354,502,None,비문학
9791170611875 ,시대예보 :호명사회 =Forecast of the times : nominative society ,저자: 송길영,교보문고,7349,402,331.544,비문학
9791141607241 ,빛과 멜로디 :조해진 장편소설 ,지은이: 조해진,문학동네,7319,411,813.7,문학
9791173323027 ,호의에 대하여 :문형배 에세이 ,지은이: 문형배,김영사,7247,48,818,문학
9791130627878 ,내가 원하는 것을 나도 모를 때 :잃어버린 나를 찾는 인생의 문장들 ,전승환 지음,다산북스,7221,426,818,문학
9788950973353 ,Go go 카카오프렌즈 :세계 역사 문화 체험 학습만화,글: 김미영 ;정보글: 최은하,아울북(북이십일 아울북),7209,529,980.2,비문학
9791140710690 ,인생의 의미 :삶의 마지막 여정에서 찾은 가슴 벅찬 7가지 깨달음 ,토마스 힐란드 에릭센 지음 ;이영래 옮김,길벗,7206,429,389,비문학
9791167373724 ,라디오 체조 :오쿠다 히데오 장편소설 ,지은이: 오쿠다 히데오 ;옮긴이: 이영미,은행나무,7198,532,833.6,문학
9791164064410 ,(이상한 과자 가게) 전천당,히로시마 레이코 글 ;김정화 옮김,길벗스쿨,7196,533,833.6,문학
9791193262238 ,돈 공부를 시작하고 인생의 불안이 사라졌다 :믿는 구석 없는 우리를 위한 매운맛 재테크 멘탈 수업 ,할미언니 지음,필름,7173,436,327.04,비문학
9788936438869 ,아주 오랜만에 행복하다는 느낌 :백수린 에세이 ,지은이: 백수린,창비,7160,542,814.7,문학
9788932034836 ,노랑무늬영원 :한강 소설집 ,지은이: 한강,문학과지성사,7151,441,813.62,문학
9791193506332 ,무례한 친구가 생겼어요 :건강한 우정을 위한 경계를 설정하는 방법 ,크리스티나 퍼니발 글 ;이은경 옮김,포레스트,7128,549,189,비문학
9791171240593 ,레이크사이드 :히가시노 게이고 장편소설 ,지은이: 히가시노 게이고 ;옮긴이: 민경욱,대원씨아이,7111,551,833.6,문학
9791198013088 ,(열심히 살아봤지만 허무함에 지친 당신을 위한) 김미경의 딥마인드 ,김미경 지음,엠케이유니버스,7088,448,325.211,비문학
9791157686179 ,"인스타 브레인 =몰입을 빼앗긴 시대, 똑똑한 뇌 사용법 /Insta brain ",안데르스 한센 지음 ;김아영 옮김,동양북스,7077,557,511.1813,비문학
9788925566511 ,월급쟁이 부자로 은퇴하라 :3년 만에 30년 치 연봉을 번 김 과장의 시스템 마련법 ,너나위 지음,RHK(알에이치코리아),7068,559,327.87,비문학
9791130648385 ,인생은 순간이다 :삶이라는 타석에서 평생 지켜온 철학 ,김성근 지음,다산북스,7066,561,695.704,비문학
9791140714292 ,내가 나라서 정말 좋아 :단단한 마음을 만드는 다정한 말 ,김지훤 글 ;하꼬방 그림,길벗,7065,451,199,비문학
9791124038192 ,나의 완벽한 장례식 :조현선 장편소설 ,지은이: 조현선,책읽어주는남자,7034,60,813.7,문학
9791193262047 ,로터스 택시에는 특별한 손님이 탑니다 ,가토 겐 지음 ;양지윤 옮김,필름,7033,565,833.6,문학
9791172133061 ,말뚝들 :김홍 장편소설 ,지은이: 김홍,한겨레엔,7030,61,813.7,문학
9791173479939 ,흔한남매,원작: 흔한남매 ;그림: 유난희,미래엔,7027,62,810,문학
9788955827255 ,끝말잇기 ,김영진 글·그림,길벗어린이,7021,569,813.7,문학
9788950980214 ,Go go 카카오프렌즈 :세계 역사 문화 체험 학습만화,글: 김미영 ;정보글: 최은하,아울북(북이십일 아울북),7010,573,980.2,비문학
9791141613433 ,노 피플 존 :정이현 소설 ,지은이: 정이현,문학동네,6977,66,813.7,문학
9791192953151 ,세상은 이야기로 만들어졌다 :신화·거짓말·유토피아 ,"자미라 엘 우아실,김현정 옮김",원더박스,6975,579,001.3,비문학
9788954448413 ,가짜 노동 :스스로 만드는 번아웃의 세계 ,"데니스 뇌르마르크,이수영 옮김",자음과모음,6972,581,321.5,비문학
9788950992835 ,Go go 카카오프렌즈 :세계 역사 문화 체험 학습만화,글: 김미영 ;정보글: 최은하,아울북(북이십일 아울북),6963,587,980.2,비문학
9788925574394 ,무의식은 어떻게 나를 설계하는가 :나를 살리기도 망치기도 하는 머릿속 독재자 ,데이비드 이글먼 지음 ;김승욱 옮김,RHK(알에이치코리아),6941,469,511.1813,비문학
9791164062072 ,(이상한 과자 가게) 전천당,히로시마 레이코 글 ;김정화 옮김,길벗스쿨,6937,597,833.6,문학
9791193078709 ,아무도 오지 않는 곳에서,천선란 (지은이),허블,6917,68,None,비문학
9791193904251 ,소득혁명 :당신의 자산이 스스로 일하게 하라 ,지은이: 브라이언 페이지 ;옮긴이: 김정혜,서삼독,6882,476,327.8,비문학
9791140711970 ,"기록이라는 세계 :필사부터 감정노트, 탐구일지까지 나라는 세계를 확장시키는 기록 습관 ",리니 지음,길벗,6878,477,818,문학
9788950941901 ,Go go 카카오프렌즈 :세계 역사 문화 체험 학습만화,글: 김미영 ;정보글: 최은하,아울북(북이십일 아울북),6878,613,980.2,비문학
9788950941567 ,그리스 로마 신화,"글: 김민희,정보 글: 강대진",아울북(북이십일 아울북),6873,614,219,비문학
9788949162485 ,랑랑 형제 떡집 ,김리리 글 ;김이랑 그림,비룡소,6867,617,813.7,문학
9788950900236 ,Go go 카카오프렌즈 :세계 역사 문화 체험 학습만화,글: 김미영 ;정보글: 최은하,아울북(북이십일 아울북),6866,619,980.2,비문학
9791193078433 ,우리 집에 왜 왔어? :정해연 소설집 ,지은이: 정해연,허블,6858,484,813.7,문학
9788936439170 ,연수 :장류진 소설집 ,지은이: 장류진,창비,6856,623,813.7,문학
9791164064243 ,(이상한 과자 가게) 전천당,히로시마 레이코 글 ;김정화 옮김,길벗스쿨,6846,627,833.6,문학
9788934951056 ,책 먹는 여우의 여름 이야기 ,프란치스카 비어만 글·그림 ;송순섭 옮김,김영사,6835,630,853,문학
9791192389264 ,대한민국 돈의 역사 :돈을 벌기 위해서는 역사에서 교훈을 얻어야 한다 ,홍춘욱 지음,상상스퀘어,6831,631,327.209,비문학
9788950979317 ,Go go 카카오프렌즈 :세계 역사 문화 체험 학습만화,글: 김미영 ;정보글: 최은하,아울북(북이십일 아울북),6830,632,980.2,비문학
9791158887544 ,듄 ,지은이: 프랭크 허버트 ;옮긴이: 김승욱,황금가지,6830,632,843.5,문학
9788950982188 ,Go go 카카오프렌즈 :세계 역사 문화 체험 학습만화,글: 김미영 ;정보글: 최은하,아울북(북이십일 아울북),6815,636,980.2,비문학
9788950985554 ,Go go 카카오프렌즈 :세계 역사 문화 체험 학습만화,글: 김미영 ;정보글: 최은하,아울북(북이십일 아울북),6805,643,980.2,비문학
9791190030922 ,소크라테스 익스프레스 :철학이 우리 인생에 스며드는 순간 ,에릭 와이너 지음 ;김하현 옮김,어크로스(어크로스출판그룹),6802,644,102,비문학
9791192836355 ,"가난한 아이들은 어떻게 어른이 되는가 :빈곤과 청소년, 10년의 기록 ",강지나 지음,돌베개,6798,648,334.21,비문학
9791168341128 ,순도 100퍼센트의 휴식 :박상영 에세이 ,지은이: 박상영,인플루엔셜,6798,648,814.7,문학
9788997396870 ,(오은영의) 화해 :상처받은 내면의 나와 마주하는 용기 ,오은영 지음,대성,6797,650,189.2,비문학
9791193506981 ,아이의 뇌 =뇌과학에서 찾아낸 4가지 양육 원칙 /A child's brain ,김붕년 지음,콘텐츠그룹 포레스트,6788,496,598.1,비문학
9791158511586 ,우리는 모두 죽는다는 것을 기억하라 :삶의 다른 방식을 찾고 있는 당신에게 ,웨인 다이어 지음 ;정지현 옮김,Tornado(토네이도),6779,654,199.1,비문학
9788970947273 ,바삭바삭 갈매기 ,전민걸 글·그림,한림출판사,6760,660,813.7,문학
9791198754080 ,다크 심리학 =Dark psychology ,다크 사이드 프로젝트 지음,어센딩,6758,73,331.18,비문학
9788949162386 ,오리 부리 이야기 ,황선애 글 ;간장 그림,비룡소,6744,664,813.7,문학
9788950989064 ,Go go 카카오프렌즈 :세계 역사 문화 체험 학습만화,글: 김미영 ;정보글: 최은하,아울북(북이십일 아울북),6711,672,980.2,비문학
9788950983161 ,정재승의 인간 탐구 보고서,"글: 정재은,특대호 원고: 오경은",아울북(북이십일 아울북),6711,672,511,비문학
9788950981150 ,Go go 카카오프렌즈 :세계 역사 문화 체험 학습만화,글: 김미영 ;정보글: 최은하,아울북(북이십일 아울북),6710,674,980.2,비문학
9788950987756 ,Go go 카카오프렌즈 :세계 역사 문화 체험 학습만화,글: 김미영 ;정보글: 최은하,아울북(북이십일 아울북),6697,675,980.2,비문학
9791164798926 ,환상서점 :소서림 장편소설 ,지은이: 소서림,해피북스투유,6695,676,813.7,문학
9788960869646 ,놓지 마 과학!,"글·그림: 신태훈,나승훈",위즈덤하우스,6690,677,408,비문학
9791164062270 ,(이상한 과자 가게) 전천당,히로시마 레이코 글 ;김정화 옮김,길벗스쿨,6684,679,833.6,문학
9788954658164 ,2인조 :정해연 장편소설 ,지은이: 정해연,문학동네,6672,519,813.7,문학
9788950969301 ,정재승의 인간 탐구 보고서,"글: 정재은,특대호 원고: 오경은",아울북(북이십일 아울북),6668,520,511,비문학
9791168343108 ,양면의 조개껍데기 :김초엽 소설집 ,지은이: 김초엽,인플루엔셜,6663,76,813.7,문학
9788950941611 ,그리스 로마 신화,"글: 김민희,정보 글: 강대진",아울북(북이십일 아울북),6645,688,219,비문학
9791156754374 ,살려 마땅한 사람들 ,피터 스완슨 지음 ;이동윤 옮김,푸른숲,6633,689,843.6,문학
9788949162188 ,둥실이네 떡집 ,김리리 글 ;김이랑 그림,비룡소,6612,691,813.7,문학
9791170523550 ,직장 상사 악령 퇴치부 :이사구 연작소설집 ,지은이: 이사구,황금가지,6607,693,813.7,문학
9788950903473 ,Go go 카카오프렌즈 :세계 역사 문화 체험 학습만화,글: 김미영 ;정보글: 최은하,아울북(북이십일 아울북),6606,694,980.2,비문학
9788933870792 ,(설민석의) 삼국지 :누구나 쉽게 시작하고 모두가 빠져드는 이야기 ,지은이: 설민석,세계사,6603,696,823.5,문학
9788950997519 ,Go go 카카오프렌즈 :세계 역사 문화 체험 학습만화,글: 김미영 ;정보글: 최은하,아울북(북이십일 아울북),6591,697,980.2,비문학
9791193937372 ,새들이 남쪽으로 가는 날 :리사 리드센 소설 ,지은이: 리사 리드센 ;옮긴이: 손화수,책읽어주는남자,6587,535,859.7,문학
9791190538657 ,벌써 마흔이 된 딸에게 :어떻게 살아야 하느냐고 묻는다면 ,한성희 지음,메이븐,6585,699,189,비문학
9791164052035 ,조선미의 현실 육아 상담소 ,조선미 지음,북하우스,6576,702,598.1,비문학
9788901285146 ,해독 혁명 =질병 없는 몸을 위한 5단계 독소 해방 /Detox revolution ,지은이: 최지영,웅진씽크빅,6560,543,517.3,비문학
9791193712559 ,길 위의 뇌 :뇌를 치료하는 의사 러너가 20년 동안 달리면서 알게 된 것들 ,정세희 지음,한스미디어,6560,543,511.1813,비문학
9791158360214 ,이상한 엄마 ,백희나,책읽는곰,6559,703,813.7,문학
9788950993511 ,Go go 카카오프렌즈 :세계 역사 문화 체험 학습만화,글: 김미영 ;정보글: 최은하,아울북(북이십일 아울북),6550,706,980.2,비문학
9791130689241 ,수상한 중고상점 :미치오 슈스케 장편소설 ,지은이: 미치오 슈스케 ;옮긴이: 김은모,다산북스,6542,709,833.6,문학
9788982816635 ,자기 앞의 生 :에밀 아자르 장편소설 ,지은이: 에밀 아자르 ;옮긴이: 용경식,문학동네,6521,549,863,문학
9791198207777 ,손실 없는 투자원칙 =대한민국 최상위 슈퍼개미의 저점매수 고점매도 /A profitable stock investment ,남석관 지음,모루(모루북스),6501,719,327.856,비문학
9788984374546 ,안젤리크 :기욤 뮈소 장편소설 ,글: 기욤 뮈소 ;옮긴이: 양영란,밝은세상,6491,721,863,문학
9791193379158 ,(나에게 들려주는) 예쁜 말 ,글: 김종원 ;그림: 나래,상상아카데미,6489,723,199,비문학
9788949162102 ,양순이네 떡집,"김리리 (지은이), 김이랑 (그림)",비룡소,6478,726,None,비문학
9791171713929 ,여름은 고작 계절 :김서해 장편소설 ,지은이: 김서해,위즈덤하우스,6474,80,813.7,문학
9791189938352 ,(백종원의) 도전 요리왕 :음식으로 맛보는 세계 역사 문화 체험 ,"글: 백종원,그림: 이정태",위즈덤하우스 미디어그룹,6466,728,594,비문학
9791164063581 ,(이상한 과자 가게) 전천당,히로시마 레이코 글 ;김정화 옮김,길벗스쿨,6456,730,833.6,문학
9788950968519 ,정재승의 인간 탐구 보고서,"글: 정재은,특대호 원고: 오경은",아울북(북이십일 아울북),6453,563,511,비문학
9788962626605 ,먼저 온 미래 :AI 이후의 세계를 경험한 사람들 ,장강명 지음,동아시아,6437,82,331.5412,비문학
9791167901996 ,매스커레이드 게임 :히가시노 게이고 장편소설 ,지은이: 히가시노 게이고 ;옮긴이: 양윤옥,H(현대문학),6437,732,833.6,문학
9788950957391 ,Go go 카카오프렌즈 :자연탐사,글: 조주희 ;이혜림,아울북(북이십일 아울북),6396,737,472,비문학
9791164064281 ,(이상한 과자 가게) 전천당,히로시마 레이코 글 ;김정화 옮김,길벗스쿨,6395,738,833.6,문학
9788927747581 ,에그박사의 닮은꼴 사파리 :전격비교관찰 생물도감 ,에그박사 지음 ;유남영 그림,다락원,6388,739,491,비문학
9788949162126 ,달콩이네 떡집 ,김리리 글 ;김이랑 그림,비룡소,6386,741,813.7,문학
9791190710053 ,어른의 어휘력 :말에 품격을 더하고 세상을 올바르게 이해하는 힘 ,유선경 지음,앤의서재,6385,742,802.5,문학
9791171175475 ,Go go 카카오프렌즈 :세계 역사 문화 체험 학습만화,글: 김미영 ;정보글: 최은하,아울북(북이십일 아울북),6377,577,980.2,비문학
9788954690690 ,리보와 앤 :아무도 오지 않는 도서관의 두 로봇 ,어윤정 글 ;해마 그림,문학동네,6368,743,813.7,문학
9791164063956 ,(이상한 과자 가게) 전천당,히로시마 레이코 글 ;김정화 옮김,길벗스쿨,6361,746,833.6,문학
9791164052356 ,(좌절내구력 강한 아이로 키우는) 조선미의 초등생활 상담소 ,조선미 지음,북하우스 퍼블리셔스,6360,747,598.124,비문학
9788932474892 ,(유현준의) 인문 건축 기행 ,지은이: 유현준,을유문화사,6343,749,540.09,비문학
9788949168098 ,우다다 꽁냥파크,권혁진 글 ;심보영 그림,비룡소,6330,750,813.7,문학
9791192389073 ,유연함의 힘 :유연함으로 쓰는 새로운 성장 공식 ,수잔 애쉬포드 지음 ;김정혜 옮김,상상스퀘어,6330,750,325.211,비문학
9788934993865 ,내 멋대로 나 뽑기 ,최은옥 글 ;김무연 그림,김영사,6326,752,813.7,문학
9791197525377 ,사과는 이렇게 하는 거야 ,데이비드 라로셀 글 ;이다랑 옮김,제이포럼,6311,755,189,비문학
9788933871553 ,모래알만 한 진실이라도 :박완서 에세이 ,지은이: 박완서,세계사 컨텐츠 그룹,6307,756,814.62,문학
9791190305891 ,(백종원의) 도전 요리왕 :음식으로 맛보는 세계 역사 문화 체험 ,"글: 백종원,그림: 이정태",위즈덤하우스 미디어그룹,6307,756,594,비문학
9788934991342 ,책 먹는 여우의 겨울 이야기 ,프란치스카 비어만 글·그림 ;송순섭 옮김,김영사,6297,759,853,문학
9791130649498 ,100일 아침 습관의 기적 :최고의 나를 만나는 하루 20분의 약속 ,켈리 최 지음,다산북스,6293,760,325.211,비문학
9791193506844 ,생각의 연금술 =생각이 인생의 예언이 되는 순간 /Changing fate ,지은이: 제임스 알렌 ;함희영,콘텐츠그룹 포레스트,6288,598,325.211,비문학
9791193506219 ,"죽음이 물었다, 어떻게 살 거냐고 :찬란한 생의 끝에 만난 마지막 문장들 ",한스 할터 지음 ;한윤진 옮김,콘텐츠그룹 포레스트,6285,762,199.1,비문학
9791168123250 ,천하무적 개냥이 수사대,이승민 글 ;하민석 그림,위즈덤하우스,6285,762,813.7,문학
9791130604787 ,부자의 그릇 :남을 위해 돈 쓰는 능력을 키우는 법 ,이즈미 마사토 지음 ;김윤수 옮김,다산북스,6284,764,327.04,비문학
9791162205624 ,놓지 마 과학! 7 - 정신이 모험에 정신 놓다,신태훈|나승훈,위즈덤하우스,6279,766,400,비문학
9791164062898 ,(이상한 과자 가게) 전천당,히로시마 레이코 글 ;김정화 옮김,길벗스쿨,6279,766,833.6,문학
9788955823509 ,엄마가 유령이 되었어! ,노부미 글·그림 ;이기웅 옮김,길벗어린이,6279,86,833.6,문학
9791165734091 ,사자마트 ,김유 글 ;소복이 그림,천개의바람,6276,768,813.7,문학
9788950937454 ,Go go 카카오프렌즈 :자연탐사,글: 조주희 ;이혜림,아울북(북이십일 아울북),6274,771,472,비문학
9791164063734 ,(이상한 과자 가게) 전천당,히로시마 레이코 글 ;김정화 옮김,길벗스쿨,6273,772,833.6,문학
9788936456788 ,아몬드 :손원평 장편소설 ,지은이: 손원평,창비,6269,773,813.7,문학
9791193401583 ,최소한의 삼국지 :최태성의 삼국지 고전 특강 ,최태성 지음,프런트페이지,6267,88,912.033,비문학
9788954648523 ,친밀한 이방인 :정한아 장편소설 ,지은이: 정한아,문학동네,6238,777,813.7,문학
9791193031247 ,설민석의 세계사 대모험,"글: 설민석,그림: 박성일",단꿈아이,6238,606,909,비문학
9791193207178 ,하트방구 :윤식이 그림책 ,윤식이 지음,소원나무,6233,778,813.7,문학
9788950900830 ,벌거벗은 세계사,"글: 이현희,최호정",아울북(북이십일 아울북),6233,778,909,비문학
9788949162607 ,왕구리네 떡집 ,김리리 글 ;김이랑 그림,비룡소,6231,609,813.7,문학
9791168090828 ,의사 어벤저스 :어린이 의학 동화,글: 고희정 ;그림: 조승연,가나문화콘텐츠,6219,615,510,비문학
9791158362478 ,꽁꽁꽁 좀비 ,윤정주 글·그림,책읽는곰,6218,780,813.7,문학
9788934993711 ,내 멋대로 아빠 뽑기 ,최은옥 글 ;김무연 그림,김영사,6211,781,813.7,문학
9791162203149 ,놓지 마 과학!,"글·그림: 신태훈,나승훈",위즈덤하우스,6209,782,408,비문학
9791189001322 ,설민석의 세계사 대모험,"글: 설민석,그림: 박성일",단꿈아이,6204,783,909,비문학
9791164062287 ,(이상한 과자 가게) 전천당,히로시마 레이코 글 ;김정화 옮김,길벗스쿨,6196,784,833.6,문학
9791162207031 ,놓지 마 과학!,"글·그림: 신태훈,나승훈",위즈덤하우스,6191,787,408,비문학
9791160407204 ,스타벅스 일기 :권남희 산문 ,지은이: 권남희,한겨레엔 ,6190,788,818,문학
9788934911388 ,"가난한 찰리의 연감 :버크셔 해서웨이의 전설, 찰리 멍거의 모든 것 ",찰리 멍거 지음 ;김태훈 옮김,김영사,6186,624,327.04,비문학
9791193842010 ,내 아이를 위한 사교육은 없다 :사교육을 이기고 상위 1%로 도약하는 힘 ,김현주 지음,청림출판,6185,790,378.9,비문학
9791169811279 ,알래스카 한의원 :이소영 장편소설 ,지은이: 이소영,사계절(사계절출판사),6175,793,813.7,문학
9791196851224 ,(완벽한 자유와 부를 만드는) 인생투자 ,우석 지음,Openmind(오픈마인드),6164,797,325.211,비문학
9791130631325 ,우리들의 MBTI 3 : 가족 관계 (한정판 윈터 에디션) - 나의 성격을 이해하고 더 멋진 내가 되는,"조수연 (지은이), 소윤 (그림)",다산어린이,6151,800,None,비문학
9788954651059 ,마당이 있는 집 ,김진영 지음,문학동네,6149,801,813.7,문학
9791193190036 ,수상한 한의원 :배명은 장편소설 ,지은이: 배명은,투유드림,6146,802,813.7,문학
9791162202425 ,놓지 마 과학!,"글·그림: 신태훈,나승훈",위즈덤하우스,6141,803,408,비문학
9791190182522 ,(백종원의) 도전 요리왕 :음식으로 맛보는 세계 역사 문화 체험 ,"글: 백종원,그림: 이정태",위즈덤하우스 미디어그룹,6139,804,594,비문학
9791162041314 ,"어느 날, 노비가 되었다","글: 지은지,그림: 유영근",지학사,6135,806,813.7,문학
9791167374820 ,리버 :오쿠다 히데오 장편소설 ,지은이: 오쿠다 히데오 ;옮긴이: 송태욱,은행나무,6133,648,833.6,문학
9791191891416 ,머니 트렌드 2024 =57가지 키워드로 전망하는 대한민국 돈의 흐름 /Money trend ,"지은이: 김도윤,홍춘욱",북로망스,6126,807,321.97,비문학
9788950983154 ,정재승의 인간 탐구 보고서,"글: 정재은,특대호 원고: 오경은",아울북(북이십일 아울북),6121,809,511,비문학
9791168090811 ,의사 어벤저스 :어린이 의학 동화,글: 고희정 ;그림: 조승연,가나문화콘텐츠,6114,654,510,비문학
9791168271043 ,"오십의 기술 - 나이 들수록 재미, 가족, 관계, 행복, 품격, 지식이 높아지는",이호선 (지은이),카시오페아,6103,657,None,비문학
9788949162058 ,소원 떡집 ,김리리 글 ;이승현 그림,비룡소,6096,811,813.7,문학
9791193487006 ,채사장의 지대넓얕 :지적 대화를 위한 넓고 얕은 지식,"글: 채사장,그림: 정용환",Dolphin Books(돌핀북),6096,811,001,비문학
9791169850360 ,위기의 역사 :외환위기부터 인플레이션의 부활까지 경제위기의 생성과 소멸 ,오건영 지음 ;안병현 그림,Page2(페이지2북스),6093,814,320.9,비문학
9791140706167 ,달러 투자 무작정 따라하기 ,박성현 지음,길벗,6092,815,327.856,비문학
9791193031254 ,설민석의 세계사 대모험,"글: 설민석,그림: 박성일",단꿈아이,6090,661,909,비문학
9791130623429 ,우리들의 MBTI 2 : 친구 관계 - 나의 성격을 이해하고 더 멋진 내가 되는,"조수연 (지은이), 소윤 (그림)",다산어린이,6090,816,None,비문학
9791192579870 ,88번 버스의 기적 :프레야 샘슨 장편소설 ,지은이: 프레야 샘슨 ;옮긴이: 윤선미,모모,6082,817,843.6,문학
9791167763983 ,푸틴을 죽이는 완벽한 방법 :김진명 장편소설 ,지은이: 김진명,이타(이타북스),6075,819,813.62,문학
9791197578472 ,채사장의 지대넓얕 :지적 대화를 위한 넓고 얕은 지식,"글: 채사장,그림: 정용환",Dolphin Books(돌핀북),6073,820,001,비문학
9788960869929 ,놓지 마 과학!,"글·그림: 신태훈,나승훈",위즈덤하우스,6073,820,408,비문학
9791167741509 ,어떻게 극단적 소수가 다수를 지배하는가 :우리의 민주주의가 한계에 도달한 이유 ,"스티븐 레비츠키,박세연 옮김",어크로스(어크로스출판그룹),6073,667,340.22,비문학
9788901290713 ,살아 있는 자들을 위한 죽음 수업 :한 법의학자가 수천의 인생을 마주하며 깨달은 삶의 철학 ,이호 지음,웅진씽크빅,6067,671,126.5,비문학
9791197708572 ,이상한 집 ,우케쓰 지음 ;김은모 옮김,디앤씨미디어,6067,671,833.6,문학
9791198278227 ,끝내주는 인생 :이슬아 산문집 ,지은이: 이슬아 ;사진: 이훤,디플롯,6065,822,818,문학
9791130612249 ,레버리지 :자본주의 속에 숨겨진 부의 비밀 ,롭 무어 지음 ;김유미 옮김,다산북스,6062,823,327.04,비문학
9791193383193 ,일의 감각 =Work and sense ,지은이: 조수용,B미디어컴퍼니,6055,674,325.04,비문학
9791168418455 ,포스 윙 ,레베카 야로스 지음 ;이수현 옮김,미래엔,6051,675,843.6,문학
9791192445892 ,딱 1억만 모읍시다 :돈쭐남의 목돈 마련 챌린지 ,김경필 지음,사이다경제,6040,683,327.04,비문학
9788956187372 ,고구마구마 ,지은이: 사이다,반달,6030,827,813.7,문학
9788949162041 ,장군이네 떡집 ,김리리 글 ;이승현 그림,비룡소,6029,828,813.7,문학
9791190382175 ,더 해빙 =부와 행운을 끌어당기는 힘 /The having ,"이서윤,홍주연 지음",수오서재,6013,830,325.2113,비문학
9788970128856 ,"총, 균, 쇠 ",재레드 다이아몬드 지음 ;김진준 옮김,문학사상,6011,831,389,비문학
9791158360801 ,이상한 손님 ,백희나,책읽는곰,6010,832,813.7,문학
9788934925705 ,내 멋대로 날짜 뽑기 ,최은옥 글 ;김무연 그림,김영사,6004,688,813.7,문학
9788934986652 ,어떻게 말해줘야 할까 :오은영의 현실밀착 육아회화 ,글: 오은영 ;그림: 차상미,김영사,6000,834,598.1,비문학
9788950983147 ,정재승의 인간 탐구 보고서,"글: 정재은,특대호 원고: 오경은",아울북(북이십일 아울북),5997,835,511,비문학
9791198704504 ,삶이 흔들릴 때 뇌과학을 읽습니다 :우리의 마음과 행동을 결정하는 두뇌 법칙 25 ,이케가야 유지 지음 ;김준기 옮김,리틀포레스트,5994,836,511.1813,비문학
9788949168029 ,(엉뚱한 기자) 김방구 :목에 사는 두꺼비 ,주봄 글 ;한승무 그림,비룡소,5982,837,813.7,문학
9791190630016 ,(백종원의) 도전 요리왕 :음식으로 맛보는 세계 역사 문화 체험 ,"글: 백종원,그림: 이정태",위즈덤하우스 미디어그룹,5980,838,594,비문학
9791158681944 ,(읽으면서 바로 써먹는) 어린이 사자성어 ,글·그림: 한날,파란정원,5959,840,714,비문학
9791130651514 ,기적의 서울대 쌍둥이 공부법 :최상위권으로 올라서는 일대일 맞춤 공부 전략 ,"여호원,여호용 지음",다산북스,5958,841,373.4,비문학
9791196834005 ,백년운동 :척추·관절 아프지 않게 100세까지 운동하는 방법 ,저자: 정선근,아티잔,5949,844,517.32,비문학
9788950996512 ,정재승의 인류 탐험 보고서,"글: 차유진,그림: 김현민",아울북(북이십일 아울북),5940,847,471,비문학
9791141602567 ,치즈 이야기 :조예은 소설 ,지은이: 조예은,문학동네,5937,101,813.7,문학
9791190776752 ,(만화로 보는) 3분 철학 ,김재훈 글·그림 ;서정욱 글,카시오페아,5929,710,160,비문학
9791171172870 ,마음 지구력 =삶의 경로를 재탐색하는 발칙한 끈기에 대한 이야기 /Mental endurance ,윤홍균 지음,21세기북스(북이십일 21세기북스),5922,850,189.1,비문학
9791167030313 ,가짜 모범생 :손현주 장편소설 ,지은이: 손현주,특별한서재,5921,852,813.7,문학
9791168412644 ,(전설의 모험왕) 엉덩이 댄디 :the young,원작·감수: 트롤 ;옮긴이: 김정화,미래엔,5915,853,830,문학
9791130677767 ,일만 번의 다이빙 :이송현 장편 소설 ,지은이: 이송현,다산북스,5913,854,813.7,문학
9788960863163 ,놓지 마 과학!,"글·그림: 신태훈,나승훈",위즈덤하우스,5911,855,408,비문학
9788901281797 ,빨모쌤의 라이브 영어회화 :맥락과 뉘앙스가 살아나는 진짜 영어 말하기 수업 ,신용하 지음,웅진씽크빅,5901,856,747.5,비문학
9791167553300 ,내가 없던 어느 밤에 :이꽃님 장편소설 ,지은이: 이꽃님,우리학교,5893,103,813.7,문학
9791190786805 ,(백종원의) 도전 요리왕 :음식으로 맛보는 세계 역사 문화 체험 ,"글: 백종원,그림: 이정태",위즈덤하우스 미디어그룹,5887,857,594,비문학
9788950983116 ,정재승의 인간 탐구 보고서,"글: 정재은,특대호 원고: 오경은",아울북(북이십일 아울북),5887,857,511,비문학
9791192445762 ,나는 ETF로 돈 되는 곳에 투자한다 :시장의 주인공을 찾아 만드는 나만의 ETF 포트폴리오 ,김수정 지음,사이다경제,5883,724,327.04,비문학
9788954670302 ,독고솜에게 반하면 - 제10회 문학동네청소년문학상 대상 수상작,허진희 (지은이),문학동네,5882,859,813.7,문학
9788936479411 ,딸이 조용히 무너져 있었다 ,김현아 지음,창비,5880,860,513.899,비문학
9791191043617 ,백광 :렌조 미키히코 장편소설 ,지은이: 렌조 미키히코 ;옮긴이: 양윤옥,바이포엠 스튜디오,5869,862,833.6,문학
9791130653891 ,비 그친 오후의 헌책방 :야기사와 사토시 소설 ,지은이: 야기사와 사토시 ;옮긴이: 서혜영,다산북스,5863,731,833.6,문학
9788934940982 ,나만 그런 게 아니었어 ,요시타케 신스케 지음 ;이소담 옮김,김영사,5860,865,838,문학
9791168341234 ,한석준의 말하기 수업 :말하기에 자신이 생기면 인생이 바뀝니다! ,한석준 지음,인플루엔셜,5850,866,802.5,문학
9791130699318 ,우리들의 MBTI 4 : 학습 유형 - 나의 성격을 이해하고 더 멋진 내가 되는,조수연,다산어린이,5850,866,None,비문학
9791130658452 ,(성적을 부탁해) 티처스 ,"지은이: 정승제,<성적을 부탁해 티처스> 제작팀",다산북스,5847,733,373.4,비문학
9791192389172 ,"(김재우의) 영어회화 100 :100일 후, 당신의 입에서 나오는 영어에 놀랄 것이다! ",김재우 지음,상상스퀘어,5846,869,747.5,비문학
9791187444213 ,언스크립티드 :부의 추월차선 완결판 ,엠제이 드마코 지음 ;안시열 옮김,토트,5846,869,325.211,비문학
9791193358511 ,사는 동안 한 번은 팔아봐라 :평범한 직장인이 '잘 파는 뇌'로 경제적 자유를 이룬 비밀 ,서 과장 지음,바이포엠 스튜디오,5843,872,325.211,비문학
9788934940821 ,나는 정말 어디에 있는 걸까 ,요시타케 신스케 글·그림 ;권남희 옮김,주니어김영사,5841,874,833.6,문학
9791130646046 ,별이 빛나는 고양이 마을 - 고양이와 스프,"히요 (지은이), 고양이와 스프 (원작), 루체 (그림)",다산어린이,5841,874,None,비문학
9788954608640 ,1Q84 :무라카미 하루키 장편소설,지은이: 무라카미 하루키 ;옮긴이: 양윤옥,문학동네,5839,876,833.6,문학
9791141601508 ,조금 망한 사랑 :김지연 소설 ,지은이: 김지연,문학동네,5838,737,813.7,문학
9788925578156 ,월급쟁이 부자로 은퇴하라 :월급쟁이에서 100억 자산가로 변신한 '아는 선배'의 시스템 마련법 ,너나위 지음,RHK(알에이치코리아),5838,877,327.87,비문학
9788957073483 ,시간 고양이,박미연 글 ;이소연 그림,이지북,5832,878,813.7,문학
9788950983130 ,정재승의 인간 탐구 보고서,"글: 정재은,특대호 원고: 오경은",아울북(북이십일 아울북),5831,879,511,비문학
9791170287148 ,브레드이발소 =Bread barbershop,원작·그림: 몬스터스튜디오,한솔수북,5829,880,813.7,문학
9791158512378 ,(보도 섀퍼의) 이기는 습관 :불가능을 뛰어넘어 최후의 승자가 된 사람들 ,보도 섀퍼 지음 ;박성원 옮김,토네이도미디어그룹,5823,881,325.211,비문학
9791158681609 ,(읽으면서 바로 써먹는) 어린이 퀴즈 ,글·그림: 한날,파란정원,5823,881,031,비문학
9791136264473 ,그녀는 다 계획이 있다 :히가시노 게이고 장편소설 ,지은이: 히가시노 게이고 ;옮긴이: 양윤옥,대원씨아이,5820,883,833.6,문학
9788925574103 ,나는 AI와 공부한다 :우리가 알고 있는 교육의 종말 ,살만 칸 지음 ;박세연 옮김,RHK(알에이치코리아),5819,744,373.33,비문학
9791155812594 ,부자의 언어 :어떻게 살아야 부자가 되는지 묻는 아들에게 ,존 소포릭 지음 ;이한이 옮김,윌북,5813,885,327.04,비문학
9791130646350 ,지켜야 할 세계 :문경민 장편소설 ,지은이: 문경민,다산북스,5806,886,813.7,문학
9791193506363 ,공부가 설렘이 되는 순간 :우리가 놓치고 있었던 공부의 진짜 의미 ,조승우 지음,콘텐츠그룹 포레스트,5802,888,373,비문학
9788932920405 ,심판 ,베르나르 베르베르 지음 ;전미연 옮김,열린책들,5799,889,862,문학
9791158682309 ,(읽으면서 바로 써먹는) 어린이 한국사 퀴즈,글·그림: 한날,파란정원,5795,890,911,비문학
9791169811576 ,쌀알 돌알 :벼레 그림책 ,글·그림: 벼레,사계절(사계절출판사),5780,896,813.7,문학
9791193289020 ,마시지 않을 수 없는 밤이니까요 :정지아 에세이 ,지은이: 정지아,마이디어북스,5771,898,814.62,문학
9788934994947 ,내 멋대로 동생 뽑기 ,최은옥 글 ;김무연 그림,김영사,5769,899,813.7,문학
9788934984979 ,그러라 그래 :양희은 에세이 ,지은이: 양희은,김영사,5767,900,818,문학
9791165214975 ,(소수몽키의 한 권으로 끝내는) 미국주식 ,소수몽키 지음,길벗,5764,901,327.856,비문학
9791192389776 ,강인함의 힘 :회복탄력성을 능가하는 강인함의 비밀 ,스티브 매그니스 지음 ;이주만 옮김,상상스퀘어,5763,902,325.211,비문학
9791193487051 ,채사장의 지대넓얕 :지적 대화를 위한 넓고 얕은 지식,"글: 채사장,그림: 정용환",Dolphin Books(돌핀북),5754,765,001,비문학
9791191214376 ,"생각하라 그리고 부자가 되어라 :나폴레온 힐, 부와 성공의 원칙 ",나폴레온 힐 지음 ;이한이 옮김,반니,5746,905,325.211,비문학
9788965746829 ,천년의 질문 :조정래 장편소설 ,저자: 조정래,해냄,5742,906,813.62,문학
9791165348670 ,SKY 로드맵 :대한민국 대표 공부 멘토 이병훈의 최상위 솔루션 ,이병훈 지음,쌤앤파커스,5728,908,373.4,비문학
9791191836219 ,(아홉 살에 시작하는) 똑똑한 초등신문 :경제·사회·세계·과학·환경 최신 뉴스(2022-2023) ,신효원 지음,책장속books(책장속북스),5728,908,717,비문학
9788954699235 ,못 먹는 남자 :정해연 장편소설 ,지은이: 정해연,문학동네,5726,910,813.7,문학
9788954677257 ,천문학자는 별을 보지 않는다 ,심채경 지음,문학동네,5723,911,440.4,비문학
9788965966814 ,"악마와 함께 춤을 :시기, 질투, 분노는 어떻게 삶의 거름이 되는가 ",크리스타 K. 토마슨 지음 ;한재호 옮김,흐름출판,5722,777,181.7,비문학
9791164135790 ,내일은 실험왕 :본격 대결 과학실험 만화,"글: 곰돌이 co. ,그림: 홍종현",미래엔,5720,912,400,비문학
9791193937693 ,어른의 품위 =진짜 어른이 되기 위해 지켜야 할 삶의 태도 /Dignity of adults ,최서영 지음,책읽어주는남자,5719,114,818,문학
9791171170418 ,일론 머스크 ,월터 아이작슨 지음 ;안진환 옮김,21세기북스(북이십일 21세기북스),5717,914,325.099,비문학
9791172132057 ,나의 폴라 일지 :김금희 산문 ,지은이: 김금희,한겨레엔,5715,780,814.7,문학
9791192836157 ,소금 아이 :이희영 장편소설 ,이희영,돌베개,5707,916,813.7,문학
9791190908948 ,(백종원의) 도전 요리왕 :음식으로 맛보는 세계 역사 문화 체험 ,"글: 백종원,그림: 이정태",위즈덤하우스 미디어그룹,5706,917,594,비문학
9791170522690 ,가여운 것들 ,지은이: 앨러스데어 그레이 ;옮긴이: 이운경,황금가지,5703,918,843.5,문학
9791188754588 ,브라질에 비가 내리면 스타벅스 주식을 사라 :경제의 큰 흐름에서 기회를 잡는 매크로 투자 가이드 ,피터 나바로 지음 ;이창식 옮김,에프엔미디어,5699,920,327.856,비문학
9788954698641 ,미세 좌절의 시대 :장강명 산문 ,지은이: 장강명,문학동네,5695,921,814.7,문학
9791167600370 ,부의 삼각형 =170만 원 월급쟁이에서 순자산 20억 투자가로 사는 비법 /Money triangle ,권은진 지음,Booksgo(북스고),5695,921,327.04,비문학
9788936429126 ,홀짝홀짝 호로록 :손소영 그림책 ,글·그림: 손소영,창비,5693,923,813.7,문학
9791168090798 ,의사 어벤저스 :어린이 의학 동화,글: 고희정 ;그림: 조승연,가나문화콘텐츠,5686,788,510,비문학
9791193506455 ,감정의 이해 ,엠마 헵번 지음 ;김나연 옮김,콘텐츠그룹 포레스트,5684,925,181.7,비문학
9791173322914 ,흔한남매 과학 탐험대,원작: 흔한남매 ;임혜영,김영사,5682,119,400,비문학
9791197578465 ,채사장의 지대넓얕 :지적 대화를 위한 넓고 얕은 지식,"글: 채사장,그림: 정용환",Dolphin Books(돌핀북),5681,927,001,비문학
9791193937686 ,머니 트렌드 2026 - 위기 속 돈의 흐름을 지배하는 50가지 생존 공식,"김도윤, 정태익, 김광석, 김승주, 김용섭, 김학렬(빠숑), 김현준, 최재붕 (지은이)",북모먼트,5679,616,None,비문학
9788934943457 ,최재천의 공부 :어떻게 배우며 살 것인가 ,"지은이: 최재천,안희경",김영사,5677,928,370.4,비문학
9791171178582 ,Go go 카카오프렌즈 :세계 역사 문화 체험 학습만화,글: 김미영 ;정보글: 최은하,아울북(북이십일 아울북),5674,796,980.2,비문학
9791171171040 ,물리박사 김상욱의 수상한 연구실 :어린이를 위한 세상의 모든 과학,글: 김하연 ;그림: 정순규,아울북(북이십일 아울북),5674,796,420,비문학
9788950983123 ,정재승의 인간 탐구 보고서,"글: 정재은,특대호 원고: 오경은",아울북(북이십일 아울북),5667,929,511,비문학
9788994368269 ,아주 무서운 날 ,탕무니우 글·그림 ;홍연숙 옮김,찰리북,5662,931,823.7,문학
9791198754004 ,어른의 기분 관리법 :감정에 휘둘려 손해 봤던 어른을 위한 조언 ,"저자: 손힘찬,이민영",Ascending(어센딩),5659,804,181.7,비문학
9791196848194 ,수학 잘하는 아이는 이렇게 공부합니다 :수학이 어려운 엄마를 위한 전략적 학습 로드맵 ,류승재 지음,블루무스,5659,932,410.7,비문학
9788950941819 ,"(세상에서 가장 쉬운) 본질육아 :삶의 근본을 보여주는 부모, 삶을 스스로 개척하는 아이 ",지나영 지음,21세기북스(북이십일 21세기북스),5658,933,598.1,비문학
9791198530394 ,내가 천 개의 인생에서 배운 것들 =Things I learned in a thousand lives ,지은이: 김도윤,책읽어주는남자,5658,933,818,문학
9791168091245 ,변호사 어벤저스 :어린이 법학 동화,글: 고희정 ;그림: 최미란,가나문화콘텐츠,5656,805,360,비문학
9788934946601 ,놓지 마 맞춤법 2 - 불꽃 튀는 본선 속으로,"신태훈 (지은이), 나승훈 (그림), 정상은 (감수)",주니어김영사,5654,808,None,비문학
9791167390974 ,고민을 들어줘 닥터 별냥,이지음 글 ;문채빈 그림,꿈터,5653,936,813.7,문학
9791158364595 ,"질투는 아웃, 야구 장갑! :유설화 그림책 ",유설화,책읽는곰,5653,810,813.7,문학
9791130642574 ,작은 땅의 야수들 (리커버 특별판),"김주혜 (지은이), 박소현 (옮긴이)",다산책방,5635,816,None,비문학
9791158681791 ,(읽으면서 바로 써먹는) 어린이 명심보감 ,글·그림: 한날,파란정원,5634,941,199,비문학
9791192097596 ,결국 해내는 아이는 정서 지능이 다릅니다 :지금 전 세계가 주목하는 새로운 사회정서 교육법 ,김소연 지음,Whale Books(웨일북),5629,942,598.1,비문학
9788950955779 ,"행복의 기원 :생존과 번식, 행복은 진화의 산물이다 ",서은국 지음,21세기북스(북이십일 21세기북스),5621,943,181.71,비문학
9788936457228 ,여름의 귤을 좋아하세요 :이희영 장편 소설 ,지은이: 이희영,창비,5618,944,813.7,문학
9791162730270 ,용선생 처음 한국사 ,글: 사회평론 역사연구소 ;윤효식,사회평론,5609,945,911,비문학
9791193506387 ,혼자일 수 없다면 나아갈 수 없다 :프리드리히 니체 아포리즘 ,프리드리히 니체 지음 ;김욱 편역,콘텐츠그룹 포레스트,5607,946,165.77,비문학
9788937454677 ,광인 :이혁진 장편소설 ,지은이: 이혁진,민음사,5594,947,813.7,문학
9788901280776 ,사람을 안다는 것 ,데이비드 브룩스 지음 ;이경식 옮김,웅진씽크빅,5591,948,331.1,비문학
9791168414938 ,(전설의 모험왕) 엉덩이 댄디 :the young,원작·감수: 트롤 ;옮긴이: 김정화,미래엔,5586,949,830,문학
9791130642727 ,수상한 이웃집 시노다,도미야스 요코 글 ;송지현 옮김,다산북스,5583,950,833.6,문학
9791164847983 ,ETF 투자의 모든 것 :배당수익과 주가수익 다 잡는 제2의 소득 파이프라인 ,문일호 지음,매경출판,5579,136,327.856,비문학
9791197578434 ,채사장의 지대넓얕 :지적 대화를 위한 넓고 얕은 지식,"글: 채사장,그림: 정용환",Dolphin Books(돌핀북),5576,951,001,비문학
9791189982140 ,"진이, 지니 :정유정 장편소설 ",지은이: 정유정,은행나무,5573,952,813.7,문학
9791169813839 ,슬픔의 틈새 :이금이 장편소설 ,지은이: 이금이,사계절(사계절출판사),5572,137,813.62,문학
9788934949688 ,"출동, 고양이 요원 캣스코",박주혜 글 ;홍그림 그림,김영사,5570,953,813.7,문학
9791191425758 ,(백종원의) 도전 요리왕 :음식으로 맛보는 세계 역사 문화 체험 ,"글: 백종원,그림: 이정태",위즈덤하우스 미디어그룹,5559,955,594,비문학
9791198944047 ,좋은 사람 도감 ,"묘엔 스구루,이지수 옮김",서교책방,5556,840,838,문학
9791193904671 ,"돈의 방정식 :돈을 지위와 성공의 기준, 그 이상으로 다루기 위한 21가지 이야기 ",지은이: 모건 하우절 ;옮긴이: 박영준,서삼독,5555,138,327.04,비문학
9791168412132 ,웃소,원작: 웃소 ;그림: 박강호,미래엔,5555,956,810,문학
9788962630619 ,침묵의 봄 ,지은이: 레이첼 카슨 ;옮긴이: 김은령,에코리브르,5544,958,539.9,비문학
9791168440258 ,곤충보다 작아진 정브르 :생물 학습 만화,원작: 정브르 ;그림: 강신영,겜툰,5543,959,491,비문학
9791198252487 ,비트코인 슈퍼 사이클 :인생에 다신 없을 혁명적 부의 기회 ,처리형 지음,거인의 정원,5538,960,327.2,비문학
9788954605816 ,눈물상자 ,한강 글 ;봄로야 그림,문학동네,5536,853,813.8,문학
9788934908067 ,책 먹는 여우 ,프란치스카 비어만 지음 ;김경연 옮김,김영사,5525,961,853,문학
9788964359167 ,용선생 만화 한국사: ,"글: 정상민,주성윤",사회평론,5522,962,911,비문학
9791167140609 ,내가 가진 것을 세상이 원하게 하라 :최인아 대표가 축적한 일과 삶의 인사이트 ,최인아 지음,해냄(해냄출판사),5516,963,325.211,비문학
9788965746669 ,당신이 옳다 :정혜신의 적정심리학 ,지은이: 정혜신,해냄,5507,964,189,비문학
9791190299800 ,"대화의 정석 =일, 관계, 인생을 뒤바꾸는 대화의 기술 /The essence of communication ",정흥수 지음,Fika(피카),5504,966,802.56,문학
9791164135912 ,(설민석의) 만만 한국사 :재미 만점★효과 만점★한국사 만화 ,"글: 설민석,그림: 김덕영",미래엔,5499,968,911,비문학
9791168090224 ,의사 어벤저스 :어린이 의학 동화,글: 고희정 ;그림: 조승연,가나문화콘텐츠,5485,972,510,비문학
9788955827071 ,완벽한 계란 후라이 주세요 ,보람 글·그림,길벗어린이,5482,973,813.7,문학
9791158361907 ,꽁꽁꽁 피자 ,윤정주 글·그림,책읽는곰,5480,974,813.7,문학
9791196316808 ,공부머리 독서법 :실현 가능하고 지속 가능한 독서교육의 모든 것 ,최승필 지음,책구루,5479,975,029.8,비문학
9791141601638 ,"설자은, 불꽃을 쫓다 :정세랑 장편소설 ",지은이: 정세랑,문학동네,5473,867,813.7,문학
9791194246800 ,삶이라는 완벽한 농담 :이경규 에세이 ,지은이: 이경규,쌤앤파커스,5473,867,818,문학
9791130677774 ,웰씽킹 =부를 창조하는 생각의 뿌리 /Wealthinking ,켈리 최 지음,다산북스,5471,976,325.211,비문학
9791171173624 ,(비밀요원 레너드) 우리말 사무소 :초등 필수 어휘,글: 이향안 ;그림: 라임스튜디오,아울북(북이십일 아울북),5469,873,710,비문학
9791170820178 ,왔구마 :고구마구마,"글: 조주희,이두희",킨더랜드,5469,978,813.7,문학
9791189797157 ,나는 노후에 가난하지 않기로 결심했다 :한 달 30만원으로 레벨업하는 ETF 연금저축의 기적 ,서대리 지음,세이지,5465,980,327.83,비문학
9791168411074 ,웃소,원작: 웃소 ;그림: 박강호,미래엔,5463,981,810,문학
9788925563091 ,콘클라베 :신의 선택을 받은자 로버트 해리스 장편소설 ,지은이: 로버트 해리스 ;옮긴이: 조영학,RHK(알에이치코리아),5459,876,843.5,문학
9791173576577 ,"진보를 위한 주식투자 =광수네 복덕방, 모두의 투자 이야기 /Stock investing for progress ",이광수 지음,21세기북스(북이십일 21세기북스),5437,149,327.856,비문학
9791193238363 ,지금 사랑한다고 말하세요 :당신에게 들려주고 싶은 80가지 짧은 이야기 ,김창옥 지음,수오서재,5429,890,199.1,비문학
9791194028185 ,시간 유전자 ,김혜정 글 ;인디고 그림,라임,5423,893,813.7,문학
9791168090217 ,의사 어벤저스 :어린이 의학 동화,글: 고희정 ;그림: 조승연,가나문화콘텐츠,5416,992,510,비문학
9788960519794 ,장하준의 경제학 레시피 :마늘에서 초콜릿까지 18가지 재료로 요리한 경제 이야기 ,장하준 지음 ;김희정 옮김,부키,5415,993,320,비문학
9791168272682 ,부자들의 서재 :전 세계 상위 1% 부자들의 인사이트 30 ,리치파카 지음,오아시스,5415,897,325.211,비문학
9791191583212 ,토깽이네 지구 구출 대작전,원작: 토깽이네 ;그림: 양선모,위즈덤하우스,5405,995,539,비문학
9791165348274 ,죽은 남편이 돌아왔다 :제인도 장편소설 ,지은이: 제인도,팩토리나인,5402,900,813.7,문학
9791130698205 ,고통에 관하여 =정보라 장편소설 /On suffering ,지은이: 정보라,다산책방,5398,996,813.7,문학
9791130605210 ,오베라는 남자 :프레드릭 배크만 장편소설 ,지은이: 프레드릭 배크만 ;옮긴이: 최민우,다산북스,5398,996,859.7,문학
9788949168036 ,(엉뚱한 기자) 김방구,주봄 글 ;한승무 그림,비룡소,5396,998,813.7,문학
9791168414860 ,웃소,원작: 웃소 ;그림: 박강호,미래엔,5396,998,810,문학
9791193487037 ,채사장의 지대넓얕 :지적 대화를 위한 넓고 얕은 지식,"글: 채사장,그림: 정용환",Dolphin Books(돌핀북),5386,905,001,비문학
9788950941642 ,그리스 로마 신화,"글: 김민희,정보 글: 강대진",아울북(북이십일 아울북),5383,906,219,비문학
9791191013801 ,사교육 없이 명문대 가는 집공부 전략 :입시 고수맘 노을커피의 압도적 초중등 학습 로드맵 ,신은정 지음,북라이프,5383,906,378.9,비문학
9791171171057 ,물리박사 김상욱의 수상한 연구실 :어린이를 위한 세상의 모든 과학,글: 김하연 ;그림: 정순규,아울북(북이십일 아울북),5364,910,420,비문학
9788950941659 ,그리스 로마 신화,"글: 김민희,정보 글: 강대진",아울북(북이십일 아울북),5360,913,219,비문학
9788936429225 ,장미 저택 :김지안 그림책 ,지은이: 김지안,창비,5343,919,813.7,문학
9791193866146 ,철학의 쓸모 :삶의 지침이 되는 철학 사용 설명서 ,로랑스 드빌레르 지음 ;박효은 옮김,Fika(피카),5343,919,100,비문학
9791193358245 ,말하고 싶은 비밀 ,사쿠라 이이요 지음 ;김윤경 옮김,모모,5302,941,833.6,문학
9788937473319 ,스노볼 드라이브 :조예은 장편소설 ,지은이: 조예은,민음사,5288,945,813.7,문학
9791193914267 ,시간 고양이,박미연 글 ;이소연 그림,이지북,5276,948,813.7,문학
9788901280486 ,생각 중독 :불안과 후회를 끊어내고 오늘을 사는 법 ,닉 트렌턴 지음 ;박지선 옮김,웅진씽크빅,5269,950,181.7,비문학
9791169084307 ,우리가 반짝이는 계절 :장류진 에세이 ,지은이: 장류진,밀리의 서재,5238,964,814.7,문학
9791141609962 ,연매장 :팡팡 장편소설 ,지은이: 팡팡 ;옮긴이: 문현선,문학동네,5230,161,823.7,문학
9791173476259 ,에그박사 :Egg&bugs,원작: 에그박사 ;그림: 홍종현,미래엔,5228,162,472,비문학
9791141610869 ,명랑한 이시봉의 짧고 투쟁 없는 삶 :이기호 장편소설 ,지은이: 이기호,문학동네,5225,163,813.7,문학
9791193153710 ,너를 아끼며 살아라 :나태주 시인이 들려주는 가장 소중한 말 ,나태주 지음,더블북,5224,164,814.62,문학
9791168342187 ,사라진 서점 :이비 우즈 장편소설 ,지은이: 이비 우즈 ;옮긴이: 이영아,Influential(인플루엔셜),5223,967,843.6,문학
9788957077740 ,파과 :구병모 장편소설 ,지은이: 구병모,자음과모음,5200,977,813.7,문학
9791173479946 ,에그박사 :Egg&bugs,원작: 에그박사 ;그림: 홍종현,미래엔,5197,168,472,비문학
9791193937211 ,머니 트렌드 2025 =새로운 부의 기회를 선점할 55가지 성공 시나리오 /Money trend ,"지은이: 정태익,최재붕",책읽어주는남자,5197,979,321.97,비문학
9791167374837 ,리버 :오쿠다 히데오 장편소설 ,지은이: 오쿠다 히데오 ;옮긴이: 송태욱,은행나무,5196,982,833.6,문학
9788949144528 ,내 인생 최악의 일주일 ,"지은이: 이바 아모리스,옮긴이: 김영진",비룡소,5194,983,843,문학
9791130663135 ,부모의 질문력 :스스로 생각하고 답을 찾는 아이로 키우는 인문학 질문 100 ,김종원 지음,다산북스,5191,987,598.1,비문학
9791198948762 ,똥볶이 할멈 :K-히어로 판타지,글: 강효미 ;그림: 김무연,따끈따끈책방,5164,172,813.7,문학
9791141615055 ,쥬디 할머니 :박완서 소설 ,지은이: 박완서,문학동네,5158,173,813.62,문학
9791130667546 ,다판다 편의점,강효미 글 ;밤코 그림,다산북스,5015,180,813.7,문학
9788959133918 ,죽은 왕녀를 위한 파반느 =박민규 장편소설 /Pavane pour une infante défunte ,지은이: 박민규,위즈덤하우스,4974,186,813.6,문학
9791169851626 ,"운명을 보는 기술 - 역술가 박성준이 알려주는 사주, 관상, 풍수의 모든 것",박성준 (지은이),페이지2(page2),4906,189,None,비문학
9788937477317 ,꽤 낙천적인 아이 :원소윤 장편소설 ,지은이: 원소윤,민음사,4857,192,813.7,문학
9791173477263 ,흔한남매 이무기 :이해하면 무서운 이야기,원작: 흔한남매 ;그림: 도니패밀리,미래엔,4825,196,810,문학
9791141614072 ,나나 올리브에게 ,루리 글·그림,문학동네,4758,205,813.7,문학
9791191731712 ,너를 미워할 시간에 나를 사랑하기로 했다 :관계에 휘둘리지 않고 나를 지키는 방법 ,윤서진 지음,스몰빅미디어,4710,212,189.2,비문학
9791130672779 ,공감에 관하여 :이금희 소통 에세이 ,지은이: 이금희,다산북스,4608,224,818,문학
9791175484290 ,흔한남매,원작: 흔한남매 ;그림: 유난희,미래엔,4512,240,810,문학
9791130668895 ,주식 투자의 기쁨 :89세 현역 트레이더 시게루 할아버지의 흔들리지 않는 투자 철학 ,지은이: 후지모토 시게루 ;옮긴이: 오정화,다산북스,4497,241,327.856,비문학
9791194616030 ,설민석의 한국사 대모험,"글: 설민석,그림: 정현희",Dankkum i(단꿈아이),4459,246,911,비문학
9791194616023 ,설민석의 한국사 대모험,"글: 설민석,그림: 정현희",Dankkum i(단꿈아이),4393,254,911,비문학
9791167764119 ,세종의 나라 1 (양장),김진명 (지은이),이타북스,4379,255,None,비문학
9791193939314 ,고전이 답했다 :being better through the classics ,고명환 지음,라곰,4369,258,325.2113,비문학
9791193282533 ,(자본주의 시대에서 살아남기 위한) 최소한의 경제 공부 ,백억남 지음,Highest(하이스트그로우),4306,267,327.04,비문학
9791173476051 ,슈뻘맨의 숨은 과학 찾기 :엉뚱 도전 속에 숨은 과학 상식,슈뻘맨 원작 ;류수형 그림,미래엔,4289,268,400,비문학
9791141602628 ,오직 그녀의 것 :김혜진 장편소설 ,지은이: 김혜진,문학동네,4285,270,813.7,문학
9791193869260 ,"인생을 바꾸는 최고의 ETF - 괜찮은 ETF 투자하고, 나가서 운동합니다",잼투리 (지은이),거인의정원,4242,277,None,비문학
9791167375803 ,숲의 신 :리즈 무어 장편소설 ,지은이: 리즈 무어 ;옮긴이: 소슬기,은행나무,4228,280,843.6,문학
9791165703523 ,(한 줄 코드로 재밌게 읽고 평생 기억하는) 서경석의 한국사 한 권 ,지은이: 서경석 ;그림: 최광렬,창비교육,4218,281,911,비문학
9791198363596 ,젊음의 나라 :손원평 장편소설 ,지은이: 손원평,다즐링,4215,282,813.7,문학
9791193324554 ,하우스 메이드,프리다 맥파든 지음 ;정미정 옮김,Book Plaza(북플라자),4113,303,843.6,문학
9791170613114 ,시대예보 :경량문명의 탄생 =Forecast of the times : the rise of lightweight civilization ,저자: 송길영,교보문고,4082,306,331.544,비문학
9791159921445 ,사탄탱고 ,지은이: 크러스너호르커이 라슬로 ;옮긴이: 조원규,Alma(알마 출판사),4060,311,839.61,문학
9788936433871 ,두근두근 내 인생 :김애란 장편소설 ,지은이: 김애란,창비,4023,313,813.7,문학
9791171714469 ,빨간내복야코 안 읽으면 완전 위험한 과학책,빨간내복야코 원작 ;이영아 그림,위즈덤하우스,4001,317,400,비문학
9791173830235 ,비밀 속의 비밀 ,지은이: 댄 브라운 ;옮긴이: 공보경,문학수첩,3904,335,843.6,문학
9788931479867 ,EBS 다큐프라임 미치도록 보고 싶었던 돈의 얼굴,EBS 돈의 얼굴 제작진 (지은이),영진.com(영진닷컴),3868,341,None,비문학
9791199496651 ,부처님 말씀대로 살아보니 :인생이 가벼워지는 15가지 불교 수업 ,토니 페르난도 지음 ;강정선 옮김,Wilma(윌마),3843,344,189.1,비문학
9791159955167 ,친구 자판기 ,글·그림: 조경희,노란돼지,3835,350,813.7,문학
9791167764126 ,세종의 나라 2 (양장),김진명 (지은이),이타북스,3832,351,None,비문학
9791172634001 ,윤슬의 바다 :백은별 소설 ,지은이: 백은별,바른북스,3829,352,813.7,문학
9791194530466 ,부의 심리학 =부자가 되려면 반드시 알아야 할 돈의 속성 /Psychology of wealth ,김경일 지음,콘텐츠그룹 포레스트,3824,353,327.04,비문학
9791167553294 ,고백해도 되는 타이밍 :황영미 장편소설 ,지은이: 황영미,우리학교,3802,358,813.7,문학
9791173321757 ,(흔한 남매) 세계사 탐험대,"원작: 흔한남매,그림: 팀키즈",김영사,3793,360,909,비문학
9788964965399 ,오싹오싹 친구들! 공포의 편도선 ,글: 에런 레이놀즈 ;옮김: 홍연미,토토북,3783,366,843,문학
9791199229976 ,"달러 자산 1억으로 평생 월급 완성하라 :집 한 채에 갇힐 것인가, 현금 부자로 살 것인가 ",채부심 지음,Mons(몽스북),3780,367,327.8,비문학
9791194636212 ,과자 사면 과학 드립니다 ,정윤선 글 ;시미씨 그림,풀빛,3743,373,400,비문학
9791130666310 ,낭만 강아지 봉봉,홍민정 글 ;김무연 그림,다산북스,3715,380,813.7,문학
9788962626667 ,"AGI, 천사인가 악마인가 :인간의 마지막 질문 ",김대식 지음,동아시아,3661,391,331.5412,비문학
9791173830242 ,비밀 속의 비밀 ,지은이: 댄 브라운 ;옮긴이: 공보경,문학수첩,3651,394,843.6,문학
9791171715305 ,시체는 거짓말하지 않는다,유성호 (지은이),위즈덤하우스,3642,397,None,비문학
9791141613990 ,나로 살 결심 :개인주의자 문유석의 두번째 선택 ,지은이: 문유석,문학동네,3616,404,818,문학
9791173573019 ,마법천자문 :손오공의 한자 대탐험,"저자: 스튜디오시리얼,정수영",아울북,3598,408,711.4,비문학
9791175483972 ,에그박사 :Egg&bugs,원작: 에그박사 ;그림: 홍종현,미래엔,3594,411,472,비문학
9791130681009 ,떠난 것은 돌아오지 않는다 :줄리언 반스 장편소설 ,지은이: 줄리언 반스 ;옮긴이: 정영목,다산북스,3592,414,843.5,문학
9791158365578 ,내 맘대로 편의점 :김영진 그림책 ,김영진,책읽는곰,3571,418,813.7,문학
9788936457341 ,스파클 :최현진 장편소설 ,지은이: 최현진,창비,3556,421,813.7,문학
9791173575051 ,마법천자문 :손오공의 한자 대탐험,"저자: 스튜디오시리얼,정수영",아울북,3539,423,711.4,비문학
9788956602998 ,내 심장을 쏴라 :정유정 장편소설 ,지은이: 정유정,은행나무,3533,425,813.6,문학
9791162041949 ,호랑이 빵집,글: 서지원 ;그림: 홍그림,지학사,3530,427,813.7,문학
9788932924984 ,그녀를 지키다 :장바티스트 앙드레아 장편소설 ,지은이: 장바티스트 앙드레아 ;옮긴이: 정혜용,열린책들,3526,428,863,문학
9791124248171 ,인생을 위한 최소한의 생각 ,"신영준,고영성 지음",상상스퀘어,3517,430,199.8,비문학
9791193487082 ,미스터리 보건실 냥쌤,주미 글 ;김이주 그림,Dolphin Books(돌핀북),3514,431,813.7,문학
9791199489509 ,"밤과 나침반 :목표는 크게, 실행은 작게 ",하와이 대저택 지음,논픽션,3506,435,325.211,비문학
9791199509009 ,대형주 추세추종 투자법칙 =130만 원으로 20억 만든 주식 실전 매매 전략 /Trend following with large-caps ,이종호 지음,사피엔테스,3503,436,327.856,비문학
9791173324123 ,흔한남매 과학 탐험대,원작: 흔한남매 ;임혜영,김영사,3498,438,400,비문학
9791173571268 ,마법천자문 :손오공의 한자 대탐험,"저자: 스튜디오시리얼,정수영",아울북,3490,440,711.4,비문학
9791198948793 ,똥볶이 할멈 :K-히어로 판타지,글: 강효미 ;그림: 김무연,따끈따끈책방,3478,445,813.7,문학
9791173573699 ,뇌가 멈추기 전에 :서울대학교병원 뇌신경학자의 뇌졸중을 피하고 건강하게 오래 사는 법 ,이승훈 지음,21세기북스,3460,450,513.811,비문학
9791193866405 ,주인 노예 남편 아내 ,지은이: 우일연 ;옮긴이: 강동혁,Fika(피카),3437,454,843.6,문학
9788932925349 ,키메라의 땅 1,"베르나르 베르베르 (지은이), 김희진 (옮긴이)",열린책들,3419,461,None,비문학
9791194616047 ,설민석의 한국사 대모험,"글: 설민석,그림: 정현희",Dankkum i(단꿈아이),3385,472,911,비문학
9791198948755 ,맞춤법 천재라면 - 세기의 맞춤법 대결! 라면 팀 VS 편의점 팀,"박정란, 서재인 (지은이), 김기수 (그림)",슈크림북,3372,479,None,비문학
9791173476594 ,(처음 읽는) 그리스 로마 신화 =First Greek mythology,글: 최설희 ;그림: 한현동,미래엔,3366,480,219,비문학
9791173322907 ,(흔한 남매) 세계사 탐험대,"원작: 흔한남매,그림: 팀키즈",김영사,3357,483,909,비문학
9791199383074 ,완벽한 원시인 =10만 년을 되돌려 되찾는 뇌 설계도 /Perfect caveman ,자청 지음,라이브해킹,3352,485,325.211,비문학
9791168273535 ,"(나이 들수록 지혜, 행복, 가족, 관계, 내면이 충만해지는) 마흔의 기술 ",이호선 지음,오아시스,3352,485,199.6,비문학
9791130673738 ,다판다 편의점,강효미 글 ;밤코 그림,다산북스,3347,490,813.7,문학
9791193937990 ,처음 만나는 양자의 세계 :양자 역학부터 양자 컴퓨터까지 ,채은미 지음,책읽어주는남자,3325,491,420.13,비문학
9791158682965 ,(읽으면서 바로 써먹는) 어린이 초등 교과 어휘 ,글·그림: 한날,파란정원,3323,492,714,비문학
9788998441081 ,희망 :양귀자 장편소설 ,지은이: 양귀자,쓰다,3295,497,813.62,문학
9791173114168 ,슈뻘맨의 숨은 국어 찾기 :슈뻘맨과 함께 국어 완전 정복!,슈뻘맨 원작 ;류수형 그림,미래엔,3291,499,710,비문학
9791173471148 ,슈뻘맨의 숨은 생물 찾기 :관찰하며 배우는 생물 지식,원작: 슈뻘맨 ;그림: 류수형,미래엔,3290,500,472,비문학
9791168091535 ,의사 어벤저스 :어린이 의학 동화,글: 고희정 ;그림: 조승연,가나문화콘텐츠,3278,503,510,비문학
9791130667560 ,스티커 =김선미 장편소설 /Sticker ,지은이: 김선미,다산북스,3260,511,813.7,문학
9791168091542 ,의사 어벤저스 :어린이 의학 동화,글: 고희정 ;그림: 조승연,가나문화콘텐츠,3254,513,510,비문학
9791192504568 ,백앤아 :교양이 층층 쌓이는 점프 맵,원작: 백앤아 ;그림: 돌만,샌드박스네트워크,3227,523,031,비문학
9791187297925 ,탁! 깨달음의 대화 :법륜 스님 즉문즉설 ,지은이: 법륜 ;그림: 한차연,정토출판,3216,526,224.2,비문학
9788901296524 ,먹어 보면 알지 :이지은 그림책 ,글·그림: 이지은,웅진씽크빅,3215,527,813.7,문학
9791194374299 ,요리를 한다는 것 ,지은이: 최강록,클,3204,532,594.504,비문학
9791193031704 ,(설민석의) 우리 고전 대모험,"글: 설민석,그림: 강신영",Dankkum i(단꿈아이),3194,536,813.5,문학
9791175484887 ,흔한남매의 흔한 호기심 :일상에서 만나는 과학 상식,원작: 흔한남매 ;그림: 유난희,미래엔,3189,538,400,비문학
9791173322686 ,내 멋대로 급식 뽑기 ,최은옥 글 ;김무연 그림,김영사,3172,542,813.7,문학
9791173479977 ,(흔한남매) 별난 세계 여행,흔한남매 원작 ;정주연 그림,미래엔,3163,545,980.2,비문학
9791173573705 ,비밀요원 레너드,글: 박설연 ;그림: 김덕영,아울북(북이십일 아울북),3144,551,813.7,문학
9791199247833 ,100세 할머니 약국 ,히루마 에이코 지음 ;이정미 옮김,Wilma(윌마),3137,556,834,문학
9791173571978 ,비밀요원 레너드,글: 박설연 ;그림: 김덕영,아울북(북이십일 아울북),3128,559,813.7,문학
9791199649002 ,갈등하는 눈동자 :이슬아 에세이 ,지은이: 이슬아 ;사진: 이훤,먼곳(먼곳프레스),3121,561,818,문학
9791193031568 ,설민석의 삼국지 대모험,원작: 나관중 ;만화: 스튜디오 담,Dankkum i(단꿈아이),3087,579,823.5,문학
9788950983499 ,정재승의 인간 탐구 보고서,"글: 정재은,특대호 원고: 오경은",아울북(북이십일 아울북),3086,581,511,비문학
9791171714100 ,야광 코딱지,글: 도대체 ;그림: 심보영,위즈덤하우스,3085,582,813.7,문학
9788954693615 ,빛을 걷으면 빛 :성해나 소설 ,지은이: 성해나,문학동네,3084,584,813.7,문학
9791194979791 ,부자 아빠 투자 불변의 법칙 :500억 자산가가 남긴 마지막 유산 ,타쨩 지음 ;박선영 옮김,오팬하우스,3083,585,327.856,비문학
9791130673332 ,남극 :클레어 키건 소설 ,지은이: 클레어 키건 ;옮긴이: 허진,다산북스,3083,585,843.6,문학
9788950983505 ,정재승의 인간 탐구 보고서,"글: 정재은,특대호 원고: 오경은",아울북(북이십일 아울북),3082,588,511,비문학
9791165795788 ,(라오어의) 미국주식 무한매수법 :레버리지가 아니면 평범한 인생을 바꿀 수 없다 ,라오어 지음,시공사,3075,591,327.856,비문학
9791193394670 ,손실은 짧게 수익은 길게 :자기만의 손익비를 찾아라! ,깡토 지음,이레미디어,3072,594,327.856,비문학
9791130637037 ,왜 일하는가 :지금 당신이 가장 뜨겁게 물어야 할 첫 번째 질문 ,지은이: 이나모리 가즈오 ;옮긴이: 김윤경,다산북스,3072,594,325.211,비문학
9791173571749 ,빨간내복야코 어린이 상식 :이거 모르면 지구인 아님,원작: 빨간내복야코 ;그림: 도니패밀리,아울북,3066,597,031,비문학
9791173479922 ,흔한남매 흔한 게임 3,"흔한남매 (원작), 권나혜 (글), 도니패밀리 (그림), 흔한컴퍼니 (감수)",미래엔아이세움,3059,601,None,비문학
9788937417566 ,클라라와 태양 :가즈오 이시구로 장편소설 ,지은이: 가즈오 이시구로 ;옮긴이: 홍한별,민음사,3056,602,843.5,문학
9791194616412 ,(정승제의) 수학 대모험,"글: 설민석,박지영",단꿈아이,3043,607,410,비문학
9791171715503 ,죽은 왕녀를 위한 파반느 =박민규 장편소설 /Pavane pour une infante défunte ,지은이: 박민규,위즈덤하우스,3035,611,813.7,문학
9791158513269 ,잘 벌고 잘 쓰고 잘 살고 싶어서 돈 공부를 시작했다 ,지은이: 래빗해빛 ;일러스트: 김라미,토네이도미디어그룹,3020,619,327.04,비문학
9791199491755 ,한번 시작하면 잠들 수 없는 세계사 :문명의 탄생부터 국제 정세까지 거침없이 내달린다 ,김도형 지음,빅피시,3018,620,909,비문학
9791194616054 ,(설민석의) 그리스 로마 신화 대모험,"글: 설민석,스튜디오 담",Dankkum i(단꿈아이),3015,622,219,비문학
9791193031544 ,설민석의 삼국지 대모험,원작: 나관중 ;만화: 스튜디오 담,Dankkum i(단꿈아이),2999,633,823.5,문학
9791193031957 ,(설민석의) 우리 고전 대모험,"글: 설민석,그림: 강신영",Dankkum i(단꿈아이),2996,636,813.5,문학
9791173111402 ,(처음 읽는) 삼국지,원작: 나관중 ;그림: 한현동,미래엔,2989,641,823.5,문학
9791193031551 ,설민석의 삼국지 대모험,원작: 나관중 ;만화: 스튜디오 담,Dankkum i(단꿈아이),2986,643,823.5,문학
9791171712465 ,소맥거핀의 인체 친구들,소맥거핀 원작 ;김기수 그림,위즈덤하우스,2980,644,511,비문학
9791193941577 ,뇌는 어떻게 나를 조종하는가 :과몰입하는 좌뇌 침묵하는 우뇌 ,크리스 나이바우어 지음 ;김윤종 옮김,클랩북스,2961,652,511.1813,비문학
9791173477683 ,슈뻘맨의 숨은 생물 찾기 :관찰하며 배우는 생물 지식,원작: 슈뻘맨 ;그림: 류수형,미래엔,2947,657,472,비문학
9791171178704 ,빨간내복야코 어린이 상식 :이거 모르면 지구인 아님,원작: 빨간내복야코 ;그림: 도니패밀리,아울북,2932,664,031,비문학
9791173573798 ,빨간내복야코 어린이 상식 :이거 모르면 지구인 아님,원작: 빨간내복야코 ;그림: 도니패밀리,아울북,2931,665,031,비문학
9791167391391 ,신기한 맛 도깨비 식당,"김용세,센개 그림",꿈터,2931,665,813.7,문학
9791171174829 ,물리박사 김상욱의 수상한 연구실 :어린이를 위한 세상의 모든 과학,글: 김하연 ;그림: 정순규,아울북(북이십일 아울북),2929,669,420,비문학
9791193235607 ,강하고 아름다운 할머니가 되고 싶어 :김슬기 장편소설 ,지은이: 김슬기 ;일러스트: 유니키스트,클레이하우스,2922,671,813.7,문학
9791162544259 ,마침내 특이점이 시작된다 :인류가 AI와 결합하는 순간 ,레이 커즈와일 지음 ;이충호 옮김,비즈니스북스,2918,672,331.5412,비문학
9791171714360 ,비스킷,글: 김선미,위즈덤하우스,2917,674,813.7,문학
9788949136516 ,더위 타는 감자 할멈 ,홍주연 글·그림,비룡소,2916,675,813.7,문학
9791173575013 ,영수와 0수,김영탁 (지은이),arte(아르테),2909,683,None,비문학
9791130674629 ,필연적 혼자의 시대 =The inevitable loneliness ,김수영 지음,다산북스,2904,686,332.277,비문학
9791173572128 ,Go go 카카오프렌즈 :세계 역사 문화 체험 학습만화,글: 김미영 ;정보글: 최은하,아울북(북이십일 아울북),2897,689,980.2,비문학
9791193904565 ,일곱 번째는 내가 아니다 :폴 클리브 장편소설 ,지은이: 폴 클리브 ;옮긴이: 백지선,서삼독,2891,691,843.6,문학
9788931011623 ,사랑의 기술 ,에리히 프롬 지음 ;황문수 옮김,문예출판사,2882,696,181.71,비문학
9791193031575 ,설민석의 삼국지 대모험,원작: 나관중 ;만화: 스튜디오 담,Dankkum i(단꿈아이),2882,696,823.5,문학
9791168091276 ,변호사 어벤저스 :어린이 법학 동화,글: 고희정 ;그림: 최미란,가나문화콘텐츠,2879,701,360,비문학
9791175485334 ,흔한남매 이상한 나라의 고전 읽기,최재훈 글 ;정주연 그림,미래엔,2874,703,813.5,문학
9791170400011 ,잊기 좋은 이름 :김애란 산문 ,지은이: 김애란,열림원,2869,707,814.7,문학
9791141612306 ,컵라면은 절대로 불어선 안 돼 ,김지완 글 ;김지형 그림,문학동네,2867,708,813.7,문학
9791194725206 ,조용한 회복 - 삶의 균열 앞에서 나를 돌보는 연습,박재연 (지은이),한빛라이프,2865,709,None,비문학
9791193031445 ,(설민석의) 우리 고전 대모험,"글: 설민석,그림: 강신영",Dankkum i(단꿈아이),2858,711,813.5,문학
9791173574016 ,그리스 로마 신화,"글: 김민희,정보 글: 강대진",아울북(북이십일 아울북),2852,715,219,비문학
9791193031964 ,(설민석의) 우리 고전 대모험,"글: 설민석,그림: 강신영",Dankkum i(단꿈아이),2847,719,813.5,문학
9791193031902 ,설민석의 세계사 대모험,"글: 설민석,그림: 박성일",단꿈아이,2844,720,909,비문학
9791167031754 ,신상문구점,김선영 (지은이),특별한서재,2842,722,None,비문학
9791167901354 ,랑과 나의 사막 :천선란 소설 ,지은이: 천선란,H(현대문학),2831,732,813.7,문학
9791171713684 ,소맥거핀의 인체 친구들,소맥거핀 원작 ;김기수 그림,위즈덤하우스,2827,737,511,비문학
9791175230088 ,"실패를 통과하는 일 - 비전, 사람, 돈을 둘러싼 어느 창업자의 기록",박소령 (지은이),북스톤,2825,738,None,비문학
9791170613237 ,인간 표본 ,지은이: 미나토 가나에 ;옮긴이: 김선영,교보문고,2824,739,833.6,문학
9788936429515 ,따끈따끈 붕어빵 대결 :김원훈 그림책 ,지은이: 김원훈,창비,2815,748,813.7,문학
9788925556789 ,마션 :어느 괴짜 과학자의 화성판 어드벤처 생존기 ,지은이: 앤디 위어 ;옮긴이: 박아람,RHK(알에이치코리아),2813,749,843.6,문학
9791170964469 ,더 코워커 :프리다 맥파든 장편소설 ,지은이: 프리다 맥파든 ;옮긴이: 최주원,해피북스투유,2800,757,843.6,문학
9791169851763 ,텐배거 포트폴리오 :김학주가 짚어주는 시장의 미래를 바꿀 주식 top 50 ,김학주 지음,Page2(페이지2북스),2799,758,327.856,비문학
9791173573903 ,Go go 카카오프렌즈 :세계 역사 문화 체험 학습만화,글: 김미영 ;정보글: 최은하,아울북(북이십일 아울북),2799,758,980.2,비문학
9791193031919 ,설민석의 세계사 대모험,"글: 설민석,그림: 박성일",단꿈아이,2799,758,909,비문학
9791158365479 ,오늘이 내일을 데려올 거야 - 2025 뉴베리 대상 수상작,"에린 엔트라다 켈리 (지은이), 고정아 (옮긴이)",책읽는곰,2799,758,None,비문학
9791171712946 ,소맥거핀의 인체 친구들,소맥거핀 원작 ;김기수 그림,위즈덤하우스,2797,763,511,비문학
9791168091559 ,의사 어벤저스 :어린이 의학 동화,글: 고희정 ;그림: 조승연,가나문화콘텐츠,2797,763,510,비문학
9791173320385 ,놓지 마 맞춤법,"신태훈,나승훈 글·그림",김영사,2794,767,711,비문학
9791173113581 ,(처음 읽는) 삼국지,원작: 나관중 ;그림: 한현동,미래엔,2783,776,823.5,문학
9791168091290 ,변호사 어벤저스 :어린이 법학 동화,글: 고희정 ;그림: 최미란,가나문화콘텐츠,2775,782,360,비문학
9788934911289 ,슈뻘맨의 슈퍼 상식 월드컵,원작: 슈뻘맨 ;그림: 이혜림,김영사,2773,784,031,비문학
9788932925356 ,키메라의 땅 :베르나르 베르베르 장편소설 ,지은이: 베르나르 베르베르 ;옮긴이: 김희진,열린책들,2768,787,863,문학
9791173479953 ,슈뻘맨의 숨은 국어 찾기 :슈뻘맨과 함께 국어 완전 정복!,슈뻘맨 원작 ;류수형 그림,미래엔,2753,797,710,비문학
9791193394755 ,(초보자를 단숨에 고수로 만드는) 주식투자 핵심 수업 :슈퍼개미 이세무사 따라 텐베거 잡기 ,이정윤 지음,이레미디어,2753,797,327.856,비문학
9791167375735 ,외계인 자서전 :마리-헐린 버티노 장편소설 ,지은이: 마리-헐린 버티노 ;옮긴이: 김지원,은행나무,2750,801,843.6,문학
9791193031810 ,설민석의 세계사 대모험,"글: 설민석,그림: 박성일",단꿈아이,2747,803,909,비문학
9791187481720 ,존리의 부자되기 습관 :대한민국 경제독립 액션 플랜 ,존리 지음,지식노마드,2747,803,327.04,비문학
9791194634737 ,캔들차트 하나로 끝내는 추세추종 투자 :주식 매수 매도 타이밍을 읽는 눈 ,성승현 지음,포르체,2747,803,327.856,비문학
9788949162652 ,장돌이네 떡집 ,김리리 글 ;김이랑 그림,비룡소,2743,809,813.7,문학
9791193487242 ,미스터리 보건실 냥쌤,주미 글 ;김이주 그림,Dolphin Books(돌핀북),2742,810,813.7,문학
9791194616276 ,(설민석의) 그리스 로마 신화 대모험,"글: 설민석,스튜디오 담",Dankkum i(단꿈아이),2738,815,219,비문학
9791171174812 ,물리박사 김상욱의 수상한 연구실 :어린이를 위한 세상의 모든 과학,글: 김하연 ;그림: 정순규,아울북(북이십일 아울북),2724,821,420,비문학
9788965967576 ,도파민 가족 :각자의 알고리즘에 갇힌 가족을 다시 연결하는 법 ,이은경 지음,흐름출판,2704,835,189.24,비문학
9791192504438 ,빨간내복야코,원작: 빨간내복야코 ;글·그림: 서후,샌드박스네트워크,2703,836,810,문학
9791130671666 ,평범하지만 부자가 되고 싶어 - 극현실주의 부자 수업,"김종봉, 제갈현열 (지은이)",다산북스,2700,838,None,비문학
9791193937822 ,월요일 수요일 토요일 :페트라 펠리니 소설 ,지은이: 페트라 펠리니 ;옮긴이: 전은경,책읽어주는남자,2698,840,853,문학
9791199555112 ,일본광고 카피도감 :모든 마음은 카피할 수 있다 ,지은이: 오하림,서교책방,2697,841,325.751,비문학
9791173575129 ,비밀요원 레너드,글: 박설연 ;그림: 김덕영,아울북(북이십일 아울북),2692,845,813.7,문학
9791193869338 ,비트코인 없는 미래는 없다 :세계 최초 화폐철학과의 비밀노트 ,"오태민,김유정 지음",거인의 정원,2689,848,327.2,비문학
9791193487259 ,채사장의 지대넓얕 14 : 예술의 역사 - 지적 대화를 위한 넓고 얕은 지식,"채사장, 마케마케 (지은이), 정용환 (그림)",돌핀북,2678,857,None,비문학
9791169084819 ,J가 죽었대 :리안 장 장편소설 ,지은이: 리안 장 ;옮긴이: 김영옥,KT 밀리의 서재,2675,860,843.6,문학
9791171713769 ,오백 년째 열다섯 :김혜정 장편소설,글: 김혜정 ;일러스트: 조현아,위즈덤하우스,2670,865,813.7,문학
9791168343085 ,변비 탐정 실룩,글쓴이: 이나영 ;그린이: 박소연,인플루엔셜,2666,866,813.7,문학
9791171714339 ,소맥거핀의 인체 친구들 4 - 충치에 당첨되셨습니다!,"서후 (글), 소맥거핀 (원작), 김기수 (그림), 박상민, 샌드박스네트워크 (감수)",위즈덤하우스,2659,868,None,비문학
9791155818749 ,달러 이후의 질서 :트럼프 경제 패권의 미래 ,케네스 로고프 지음 ;노승영 옮김,윌북,2651,876,327.2,비문학
9788936429508 ,토끼전 대 호랑전 :정현진 그림책 ,글·그림: 정현진,창비,2649,880,813.7,문학
9791141602635 ,어른의 미래 :편혜영 짧은소설 ,지은이: 편혜영,문학동네,2649,880,813.7,문학
9788986621136 ,강아지똥 ,글: 권정생 ;그림: 정승각,길벗어린이,2648,883,813.6,문학
9791158365462 ,조물조물 우동냥 :반죽에서 나왔다냥! ,스케랏코 동화 ;채다인 옮김,책읽는곰,2648,883,833.6,문학
9791198758354 ,주식 투자의 뿌리 :두 번의 깡통을 차고 500억을 모으기까지 ,박두환 지음,애덤스미스,2648,883,327.856,비문학
9788934942467 ,"총, 균, 쇠 :인간 사회의 운명을 바꾼 힘 ",지은이: 재레드 다이아몬드 ;옮긴이: 강주헌,김영사,2643,890,389,비문학
9791194616375 ,(설민석의) 그리스 로마 신화 대모험,"글: 설민석,스튜디오 담",Dankkum i(단꿈아이),2643,890,219,비문학
9791173320989 ,슈뻘맨의 슈퍼 상식 월드컵,원작: 슈뻘맨 ;그림: 이혜림,김영사,2640,894,031,비문학
9791130673189 ,낭만 강아지 봉봉,홍민정 글 ;김무연 그림,다산북스,2634,900,813.7,문학
9791192504742 ,백앤아 :교양이 층층 쌓이는 점프 맵,원작: 백앤아 ;그림: 돌만,샌드박스네트워크,2634,900,031,비문학
9791171179954 ,Go go 카카오프렌즈 :세계 역사 문화 체험 학습만화,글: 김미영 ;정보글: 최은하,아울북(북이십일 아울북),2632,905,980.2,비문학
9791167376220 ,인터메초 :샐리 루니 장편소설 ,지은이: 샐리 루니 ;옮긴이: 허진,은행나무,2630,908,843.6,문학
9791168343146 ,진실한 동물도감 ,글쓴이: 최형선 ;그린이: 차야다,인플루엔셜,2630,908,491,비문학
9791168091283 ,변호사 어벤저스 :어린이 법학 동화,글: 고희정 ;그림: 최미란,가나문화콘텐츠,2628,912,360,비문학
9791169813341 ,행운이 구르는 속도 :김성운 창작동화 ,지은이: 김성운 ;그린이: 김성라,사계절(사계절출판사),2622,919,813.7,문학
9791175483521 ,슈뻘맨의 숨은 과학 찾기 :엉뚱 도전 속에 숨은 과학 상식,슈뻘맨 원작 ;류수형 그림,미래엔,2610,924,400,비문학
9791191061987 ,인어 사냥 =차인표 장편소설 /Hunting mermaids ,지은이: 차인표,해결책,2609,926,813.7,문학
9788965467519 ,생일엔 마라탕,글: 류미정 ;그림: 손수정,밝은미래,2608,927,813.7,문학
9791199383012 ,프로이트의 감정수업 :보이지 않는 무의식의 세계와 마주하기 ,강이안 지음,라이프해킹,2607,928,185.5,비문학
9791158733452 ,호랭 할매 떡국 ,글·그림: 벼레,제제의숲,2593,938,813.7,문학
9791172882167 ,타키포오 얼렁뚱땅 상식스쿨,원작: 캐릭온TV ;그림: 조수현,대원씨아이,2591,940,031,비문학
9791199398122 ,시간 고양이,박미연 글 ;이소연 그림,이지북,2584,947,813.7,문학
9788936443412 ,4×4의 세계 :조우리 장편동화 ,지은이: 조우리 ;그린이: 노인경,창비,2582,948,813.7,문학
9791142303814 ,타키포오 얼렁뚱땅 상식스쿨,원작: 캐릭온TV ;그림: 조수현,대원씨아이,2581,950,031,비문학
9788964965474 ,오싹오싹 친구들! 끔찍한 샐러드 ,글: 에런 레이놀즈 ;옮김: 홍연미,토토북,2580,951,843,문학
9788937460470 ,호밀밭의 파수꾼,제롬 데이비드 샐린저 지음;공경희 옮김,민음사,2578,952,843,문학
9791158365226 ,"네 꿈을 응원해, 권투 장갑! :유설화 그림책 ",유설화,책읽는곰,2571,958,813.7,문학
9788973814725 ,멋진 신세계 ,올더스 헉슬리 지음 ;안정효 옮김,태일소담,2569,961,843.5,문학
9788965467250 ,생일엔 마라탕,글: 류미정 ;그림: 손수정,밝은미래,2569,961,813.7,문학
9791130657950 ,별이 빛나는 고양이 마을 2 : 아기 고양이를 부탁해!,"히요 (지은이), 고양이와 스프 (원작), 루체 (그림)",다산어린이,2567,965,None,비문학
9788982735745 ,눈물을 마시는 새,이영도 지음,황금가지,2566,967,813.6,문학
9791168342491 ,불꽃 수영 대회 ,신현경 글 ;노예지 그림,인플루엔셜,2565,969,813.7,문학
9791141609696 ,첫번째 거짓말이 중요하다 :애슐리 엘스턴 장편소설 ,지은이: 애슐리 엘스턴 ;옮긴이: 엄일녀,문학동네,2564,971,843.6,문학
9791171174805 ,물리박사 김상욱의 수상한 연구실 :어린이를 위한 세상의 모든 과학,글: 김하연 ;그림: 정순규,아울북(북이십일 아울북),2561,975,420,비문학
9791171178155 ,멍멍말 통역사 김야옹 ,글: 강효미 ;그림: 윤태규,아울북(북이십일 아울북),2561,975,813.7,문학
9791142316661 ,타키포오 얼렁뚱땅 상식스쿨,원작: 캐릭온TV ;그림: 조수현,대원씨아이,2560,978,031,비문학
9791142315534 ,"나태주의 풀꽃 인생수업 :시가 인생이고, 인생은 한 편의 시다 ",나태주 지음,대원씨아이,2553,985,810.4,문학
9788936414085 ,나는 3학년 2반 7번 애벌레 :김원아 동화 ,지은이: 김원아 ;그린이: 이주희,창비,2548,990,813.7,문학
9791173577079 ,마법천자문 :손오공의 한자 대탐험,"저자: 스튜디오시리얼,정수영",아울북,2547,991,711.4,비문학
9788937460050 ,동물농장,조지 오웰 지음;도정일 옮김,민음사,2547,991,843,문학
9788984375154 ,차일드 호더 =프리다 맥파든 장편소설 /Child hoarder ,지은이: 프리다 맥파든 ;옮긴이: 이민희,밝은세상,2541,995,843.6,문학
9791198886170 ,글을 쓰면서 생각한 것들,임경선 (지은이),토스트,2540,997,None,비문학
9791162041901 ,(냠냠 쩝쩝) 악어 급식 ,글: 주봄 ;그림: 김정진,지학사,2540,997,813.7,문학
